Name, Age,Color ,Location,CATEGORY
Márcia Silva,53,green,Curitiba,basic
henrique cardoso,53,verde,Curitiba,basic
Larissa Cardoso,64,--,Manaus,Basic
Letícia Ribeiro,60 Anos,red,são paulo,premium
Erick Costa,51,green,são paulo,medium
Letícia Santos,51,blue,Curitiba,medium
Carlos Dias,59,blue,São Paulo,Premium
Vanessa Souza,38,red,rio de janeiro,medium
Aline Silva,53 ANOS,red,São Paulo,medium
Juliana Galvão,Desconhecido, red ,São Paulo,medium
Cecília Oliveira,58,blue,CURITIBA,medium
Ana Dias,31,red,Rio,medium
Camila Simões,33,azul,São Paulo,PREMIUM
Márcia Melo,33,gren,Rio,premium
eduardo marques,-25,blue,Rio,medium
Raissa Fonseca,47 ANOS,red,Rio,medium
Natália Souza,33 anos,green,Rio,medium
ANA GOMES,59,green,São Paulo,basic
Sérgio Silva,38,blue,Curitiba,medium
élida andrade,28,RED,São Paulo,medium
Cecília Alves,38,AZUL,"São Paulo, SP",premium
Fábio Rocha,20,red,Rio,medium
André Gomes,22,N/A,Rio,basic
Bruna Mendes, 34,blue,Rio,premium 
Conceição Silva,63,green,São Paulo,medium
João Barbosa,48,blue,São Paulo,medium
Leonardo Conceição,44,Red,São Paulo,premium
Rodrigo Silva,27, red ,Rio,medium
Igor Machado,37,blue,Curitiba,medium
Sergio Fonseca, 57,blue,curitiba pr,medium
 Ana  Andrade ,27,blue,São Paulo,premium
Juliana   Simões,18.5,Não informado,Rio,basic
Ígor Mendes,19 Anos,green,Rio,basic
LUCAS ROCHA,56,blue,CWB,medium
Marcelo Assunção,31,verde,CURITIBA,básico
caio araújo,32,red,Rio,medium
Márcia Barbosa,52,red,São Paulo,premium
Camila Araújo,40,green,São Paulo,medium
José Costa,31,null,são paulo,desconhecido
Gustavo Oliveira,51,BLUE,rio de janeiro,medio
Cecília Melo,59,Blue,Curitiba,medium
Vinícius Carvalho,56,green,Curitiba,BASIC
Juliana Gomes,47,red,CWB, medium
Luíza Dias,43,red,São Paulo,premium
--,?, blue,São Paulo,premium
Natália Freitas,53,blue,São Paulo,premium
Rodrigo Galvão,30,blue,Curitiba,medium
Lucas Machado,41,red,Curitiba,medium
André Ferreira,62,red,São Paulo,medium
Matheus Galvão   ,28,blue,null,premium
André Machado,20,blue,Rio,medium
Tatiane Rocha,3,blue,Curitiba,medium
Ana Mendes,59,blue,SP,medium
Bruna Brandão,50,green,Curitiba - PR,basic
Élida Dias,63,blue,Rio,medium
Letícia Moreira,50,blue,Salvador,Não informado
Camila Galvão,-1, green,Curitiba,basic
Márcia Rodrigues,39,blue,Rio,premium
Henrique Gomes,2S,Green,desconhecido,basic
Lucas Andrade,36,green,São Paulo,medium
Mônica Assunção,39,red,Curitiba,medium
Henrique Gomes,19.5, green,Rio,basic
Aline Nascimento,57, blue,"Curitiba, PR",medium
Juliana Nascimento,65anos,yellow,Curitiba,Básico
Tatiane Araújo,31,blue ,?,medium
Luís Lima,20,azul,desconhecido,medium
Letícia Fonseca,37,red,Rio,medium
Luíza Machado,55,blue,Curitiba,basic
Renata Moreira,38,gren,Curitiba/PR,premium
André Moreira,  44  ,red,Curitiba,Medium
Larissa Nascimento,56 ,red,Rio,medium
natália silva,2S,red,Rio,medium
Simão Simões,24,Verde,São Paulo,medium
Élida Marques,43,verde,Belo Horizonte,medio
Juliana Carvalho,59,red,São Paulo,medium
Leonardo Rocha,25,azul,Curitiba - PR,basic
Rafael Oliveira,39,red,Rio,medium
Andre Ferreira,52,amarelo,Sao Paulo/SP,medium
Marcelo Ribeiro,36,blue,Rio,premium
Vanessa   Nunes,64,purple,Rio,basic
EDUARDO BARBOSA,46,blue,Rio,medium
tatiane fonseca,-1,green,Rio,medium
Simão Rodrigues,54,blue,Rio,MEDIUM
Júlia Carvalho   ,41,green,Sao Paulo,medium
Larissa Barbosa,22,rde,Curitiba,medium
não informado,34,blue,Curitiba,medium
Rodrigo Costa,53,blue,São Paulo, premium
NA,"42,0", blue,Brasília,premium
 Cecília  Pereira ,37,Red,Rio,premium
Tatiane Rocha,27,red,São Paulo,medium
Tatiane Martins,41,red,Sao Paulo/SP,premium
Lucas Assunção,55,azul,,medium
Sérgio Nunes,44,blue,Rio de Janeiro, premium
júlia dias,38,red,São Paulo,premium
Tatiane Araújo,55,red,rio,medium
Bruna Alves,60,blue,Rio de Janeiro - RJ,medium
Raíssa Martins,23,green,São Paulo,medium
Luíza Melo,30,VERMELHO,Curitiba,medium
Eduardo Mendes,24,red,Curitiba,basic
Luíza Oliveira,21,red,Curitiba,basic
Letícia Melo,22,desconhecido,rio de janeiro/rj,Medium
Aline Cardoso,48,red,Curitiba,medium
Ana Nascimento,30,red,Rio ,medium
Renata Santos,56,blue,Rio,medium
Tatiane Oliveira,61,Verde,Rio,basico
TATIANE GOMES,59,red,Curitiba,basic
raíssa pereira,20anos,red,Porto Alegre,basic
Élida Moreira,57,blue,Curitiba,medium
Cecília Rocha,23,red,RJ,medium
patrícia carvalho,64,Verde,Curitiba,basic 
Tatiane Magalhães,48,blue,curitiba,basic
NA,64,Verde,NaN,medium
José Andrade   ,None,VERDE ,"São Paulo, SP",premium
Gustavo Dias,51,red,Curitiba,Medium
João Araújo,41,vermelho,Curitiba,basic
Fábio Nascimento,n/a,blue,Curitiba,None
Felipe Mendes,26,gren,Rio,medium
André Araújo   ,23,blue,São Paulo,
Patrícia Rodrigues,59,roxo,Rio,basic
Ígor Galvão,64,red,"Rio, RJ",medium
Carlos Dias,54,Vermelho,rio,medium
diego andrade,47,green,São Paulo,medium
André Cardoso,29,azul,Curitiba/PR,medium
Aline Souza,34, blue,Curitiba,premium
Raíssa Andrade,42,red,,free
 Eduardo  Araújo ,45,green,São Paulo,medium
Henrique Galvão,56.0,Verde,Rio , medium
Pedro Assunção,21,Azul,Curitiba,Médio
DÉBORA LIMA,35,--,CWB,Medium
Vanessa Galvao,21,blue,sp,premium
maria machado,21,blue,São Paulo,premium
Camila Alves,61,BLUE,Rio,premium
GABRIELA FONSECA,30,green,São Paulo,medium
None,60,red,São Paulo,Medium
Felipe Galvão,35,blue ,,premium
Felipe Barbosa,43 anos,blue, São Paulo,premium
Conceição Santos,57.0,blue,São Paulo,Premium
 Felipe  Alves ,20,amarelo,São Paulo, premium
Sérgio Lima,62.0,blue,Curitiba,basic
Tatiane Magalhães,31, green,São Paulo,Medium
Diego Cardoso,42 Anos,verde,São Paulo,premium
Tatiane Melo,45,blue,São Paulo,premium
n/a,46.7,blue,Curitiba,basic
Eduardo Nunes,57, red ,Curitiba,basic
Isabela Barbosa,36,blue,São Paulo,premium
Erick Cardoso,46,blue,Rio,medium
Diego Fonseca,30,red,Curitiba,medium
Larissa Ribeiro,55, blue,Rio,medium
Mariana Nunes,NA,Blue,Rio,premium
Vinícius Souza,-1,roxo,São Paulo,medium
Bruna Ferreira,64,blue,Rio,premium
Natália Costa,não informado,blue,Rio,MEDIUM
 Carlos  Freitas ,25-30,black,Curitiba,básico
DIEGO BARBOSA,20.7,green,São Paulo,medium
Diego Cardoso,54,blue,Rio,Médio
Márcia Andrade,xx,VERMELHO,São Paulo,medium
Diego Machado,46,blue,Curitiba,medium
Antônio Machado   ,37,blue,Rio,premium
Mônica Melo,,blue,São Paulo - SP, premium
Patrícia Rocha,desconhecido,green,SÃO PAULO,Medium
Beatriz Fonseca,3,black,Curitiba,platinum
 Cecília  Nunes ,63,red,Sao Paulo,medium
Conceição Brandão,56,blue,rio de janeiro/rj,premium
Mônica Marques,57,green,Curitiba/PR,básico
Fernanda Nascimento,32,VERDE ,Rio,basic 
Diego Lima,36,green,Rio,medium
Tatiane Ribeiro,30 ANOS,red,Rio,medium
Marcelo Araújo,33,red,Sao Paulo,premium
Isabela   Martins,31, red ,São Paulo,premium
Camila Moreira,40,NULL,Curitiba,vip
Beatriz   Costa,vinte e cinco,green,São Paulo,medium
rafael marques,61,yellow,CWB,basic
CONCEIÇÃO MARQUES,35,red,CURITIBA,BASIC
Diego Oliveira,49,red,São Paulo,médio
João Magalhães,Não informado, blue,Curitiba,medium
Ígor Andrade,"35,5",blue,Rio,premium
Matheus Marques,39,red,Curitiba,basic
Júlia Conceição,57,blue,Rio,medium
rodrigo simões,49,green,Curitiba,Basic
  Henrique Simões,23,green,Rio,medium
Felipe Andrade,61,green,São Paulo,medium
Larissa Simoes,44,blue,São Paulo,Sem informação
Diego Ferreira,56,vermelho,São Paulo,premium
Ígor Andrade,63,blue,São Paulo,medium
Gabriela Magalhães,  25  ,Vermelho,Rio,medium
GABRIELA ARAÚJO,34,red,Rio,medium
Thiago Magalhaes,23,blue ,RIO,medium
Raíssa Cardoso,-1,blue,"Curitiba, PR",basic
Ígor Ferreira,24,green,Curitiba,basic
Mônica Andrade,26,GREEN,Rio,basic
  Sérgio Conceição,36,green,RJ,basic
Leonardo Dias,42,blue,Curitiba,medium
Maria Magalhães,61,blue,São Paulo,premium
Pedro Andrade   ,18,red,São Paulo,MEDIUM
Henrique Santos,60,red,São Paulo,medium
Raíssa Melo,62,green,RJ,basic
Igor Oliveira,37,red,São Paulo,premium
Carlos Machado,999,green,Rio,medium
Márcia Lima,3O,blue,Curitiba,MEDIUM
Juliana Simões,61,Green,Curitiba,basico
Aline Mendes,48,blue,São Paulo,premium
Rafael Assunção,39,vermelho,Rio,medium
Vinícius Alves,23 Anos,red,São Paulo,medium
Diego Gomes,41,blue,Curitiba,medium
Bruna Nunes,44,green,Curitiba,basic
Fábio Araújo,43,-,Rio ,medium
Rodrigo Carvalho,46,red,São Paulo,medium
Bruna Rocha,42,green,Curitiba,standard
Juliana Lima,39.0,green,NULL,gold
,49,green,Rio de Janeiro,basic
Fábio Ferreira,56,blue,São Paulo,medium
márcia nunes,29 ANOS,red,null,medium
Aline Andrade,33.0,blue,Curitiba,premium
Henrique Nascimento,55 anos,Blue,Curitiba,medium
Matheus Marques,"33,5", green,Curitiba,basic
  Aline Andrade,65,red,São Paulo,None
João Dias,24,green,"Rio, RJ",basic
Gustavo Machado,26,RED,"Curitiba, PR",Básico
Sem informação,29,green,n/a,medium
Patrícia Assunção,35,red,Curitiba,medium
PEDRO LIMA,56,blue,São Paulo,PREMIUM
Ana Pereira,"60,0",green,São Paulo, medium
Leonardo Ribeiro,24,Azul,São Paulo,premium
Mônica Gomes,  65  ,red,rio,medium
BRUNA MARTINS,24,red,Curitiba/PR,basic
Mônica Ribeiro   ,48,blue,curitiba pr,medium
débora nascimento,63,blue,Sao Paulo/SP,medium
fernanda nunes,45,blue,São Paulo,premium
Fernanda Marques,"22,5",GREEN,Rio ,basic
Rafael Carvalho,53,blue,São Paulo,Sem informação
BEATRIZ CONCEIÇÃO,61,blue,São Paulo,Desconhecido
Henrique Ribeiro,18,blue,Rio,medium
Beatriz Martins,24,blue,São Paulo,medium
Matheus Lima,48,green,São Paulo,medium
Mariana Melo,45,Azul,RIO,vip
Felipe Santos,48 anos,green,sp,medium
Marcelo Gomes,44.0,green,Rio,medium
Conceição Ferreira,53,Red,Rio,vip
Ígor Martins,63,red,Rio,medium
Larissa Conceição,20,vermelho,Rio,medium
Beatriz Carvalho,62,blue,São Paulo,premium
Ana Magalhães,37,green,Curitiba,básico
Luís Alves,40,VERMELHO,Rio,medium
ANTÔNIO MENDES,40,rde,Curitiba,medium
Jose Pereira,26,verde,Rio,basic
Lucas Dias,32,green,Recife,medium
João Brandão,35,verde,rio,medium
Simão Gomes,-1,red,Salvador,basic
André Freitas,43,green,São Paulo,medium
Thiago Souza,n/a,blue,Rio,Médio
Mariana Conceição,32,green,São Paulo,MEDIUM
Sérgio Silva,64,red,CURITIBA,platinum
Natália Cardoso, 43,roxo,Rio,medium
Vinícius Assunção,58,blue,RJ,medium
sérgio souza,54,blue,Curitiba,premium
Marcelo Araújo,61 anos,Green,Curitiba,basic 
André Ribeiro,26, blue,Salvador,medium
Carlos Andrade,25-30, green,Curitiba,basico
André Mendes,18,green,Rio,basico
Henrique Moreira,25 Anos,green,Curitiba,desconhecido
Bruna Ribeiro,41 Anos,green,São Paulo,medium
Igor Machado,26,blue,Curitiba,medium
--,50,red,Rio,medium
Otávio Cardoso,-25,red,São Paulo,premium 
Letícia Nascimento,60,blue,Curitiba,Básico
Cecília Conceição,27,red,Brasília,basic
Fábio Galvão,25,red,São Paulo,medium
Júlia Cardoso,50,red,Curitiba,basic
Vinícius Lima,36,black,Rio,premium
Rodrigo Ferreira,51 ANOS,BLUE,Rio ,medium
letícia melo,não informado,green,"Rio, RJ",basic
Márcia Rocha,150,green,Rio,basic 
Tatiane Fonseca,31,red,Rio,medium
RAÍSSA CARDOSO,24.5,green,Rio,medium
Sérgio Freitas,31,green,Curitiba,MEDIUM
null,39 Anos,red,Curitiba,free
Bruna Araújo,23,Azul,Rio,medium
Bruna Dias,55,,São Paulo,premium
Pedro Lima,58,green,CWB,vip
Natália Lima,57,red,Curitiba,basic
Thiago Magalhães,27,Vermelho,Rio,medium
Leonardo Brandão,24,red,Rio, medium
Beatriz Galvão,41,red,RIO,medium
Lucas Fonseca,25,rde,Rio,medium
Rafael Brandão,"62,5",red,São Paulo,Médio
Henrique Galvão   ,48,red,Curitiba,basic
Simão Barbosa,21,gren,Rio,basic
RODRIGO NASCIMENTO,43,green,Curitiba,basic
Aline Conceição,62,Azul,Rio,medium
Raíssa Andrade   ,25,red,Curitiba,basic
Diego Cardoso,42,red,"São Paulo, SP",premium
Bruna Oliveira,59,blue,Curitiba,basic
Fernanda Carvalho,39,green,Rio,medium
Júlia Araújo,52,red,São Paulo,medium
Diego Marques,61,green,Rio,medium
fernanda martins,65,--,Rio,medium
Thiago Dias,NULL,blue,Curitiba,medium
Júlia Dias,64,red,CURITIBA,basic
Vinícius Alves,N/A,green,São Paulo,medium
Antônio Ribeiro,3O,blue,São Paulo,premium
RODRIGO BRANDÃO,xx, green,São Paulo,basic
Maria Dias,22,blue,Curitiba,medium
Gustavo Assunção,49,green,Curitiba,basic
Mônica Melo,19,blue,Rio,medium
Mônica Assunção,56,green,Rio,BASIC
Larissa Pereira,25,red,Curitiba, medium
Carlos Galvão,28.7,blue,Curitiba,gold
RODRIGO GALVÃO,43anos,desconhecido,Curitiba,premium
Conceição Cardoso,20.0,blue,Rio,medium
Diego Nascimento,"28,0",red,"Rio, RJ",premium
Eduardo Rocha,n/a,blue,-,premium
Sem informação,58,green,Rio,medium
Renata Andrade,40,green,São Paulo,medium
Lucas Brandão,56,green,São Paulo,basic
Renata Dias,62,green,Rio,basic
  Patrícia Gomes,"26,0",red,NaN,basic
Bruna Cardoso,57,red,SÃO PAULO,médio
letícia barbosa,20,green,São Paulo,medium
Lucas Nascimento,34,blue,Rio,premium
Juliana Machado,  39  ,green,Rio,basic
DIEGO SOUZA,19,blue,Não informado,medium
Mariana Marques,62,blue,Porto Alegre,medium
Juliana Oliveira,61,BLUE,N/A,premium
  Beatriz Assunção,65anos,red,São Paulo,premium
Felipe Martins,"54,0",green,São Paulo,medium
MARIA SANTOS,48,red,SP,medium
OTÁVIO SIMÕES,18,green,Curitiba,basic
André Simões,18,AZUL,Curitiba,medium
erick nunes,trinta,green,Sao Paulo/SP,medium
Rodrigo Silva,25, blue,Porto Alegre,premium
Marcelo Lima,37,red,curitiba pr,basic
Erick Lima,20,verde,São Paulo,medium
Tatiane Assunção,trinta,red,Curitiba,basic
Thiago Nascimento,0,black,Rio,medium
 Isabela  Souza ,NULL,green,Curitiba,Basic
Caio Andrade,49,red,Curitiba,basic
Raíssa Rodrigues,55,Green,Manaus,basic
 Henrique  Alves ,32,blue,Rio,PREMIUM
  Natália Souza,40,green,Curitiba,basic
Gabriela Carvalho,24anos,purple,São Paulo,medio
Gabriela Magalhães,"28,0",red,São Paulo,medium
Eduardo Rodrigues,51,green,rio de janeiro,basico
Débora Oliveira,24,red,Rio,medium
Gustavo Araújo   ,26 ,green,curitiba pr,basic
Matheus Gomes,65,green,Rio,medium
Ígor Barbosa,53,red,Curitiba - PR,basic
Tatiane Melo,47,red,"Curitiba, PR",medium
Matheus Mendes,40.7,green,São Paulo, medium
FERNANDA MELO,56,red,São Paulo,medium
mariana silva,34,blue,Rio,premium
 Pedro  Mendes ,?,red, Curitiba,medium
Márcia Conceição,63,red,São Paulo,medium
Luíza Martins,39,blue,Rio,premium
Simão Marques,33,green,Rio,basic
Fernanda Dias,44,red,sp,medium
Sérgio Conceição,60 ,green,Rio,básico
Débora Martins,19,blue,Rio,premium
Tatiane Simões,desconhecido,blue,Rio,medium
Gustavo Santos   ,36,green,Rio,basic
Aline Souza,36,red,Rio,medium
Marcelo Fonseca,53,Desconhecido,São Paulo,Médio
Mônica Ribeiro,43,red,Curitiba,medium
Camila Assunção,46,red,curitiba pr,medium
Letícia Rodrigues,26,red, São Paulo,Desconhecido
gabriela nascimento, 40,blue,--,premium
Maria Cardoso,65,VERDE ,Curitiba,basic
Júlia Cardoso,  53  ,Red,São Paulo,premium
,36,green,rio,medium
 Renata  Moreira ,47,green, Curitiba,basic
Eduardo Nascimento,45,green,curitiba pr,basic
beatriz nascimento,32,Blue,Rio,medium
  Fernanda Nunes,39,green,Rio,medium
Patrícia Lima,20,blue,São Paulo,medium
Henrique Ferreira,49,BLUE,São Paulo,premium
Carlos Simões,25,blue,São Paulo,medium
ISABELA MAGALHÃES,23, blue,rio,premium
Rodrigo Simões,"36,0",red,Rio,medium
Gabriela Conceição,48,red,Curitiba,medium
Aline Brandão,24,green,Manaus,medium
NA,44,blue,São Paulo,premium
Aline Barbosa,40,blue,Rio,premium
Sergio Andrade,65,green,Rio de Janeiro - RJ,basic 
Erick Magalhães,,red,Rio,basic
Maria Fonseca,35,blue,Curitiba,premium
Fernanda Costa   ,27,blue,Curitiba,basic
Gabriela Galvão,"42,5",green,Rio,medium
Luíza Galvão,29 anos,azul,RIO,premium
João Gomes   ,38,red,Curitiba - PR,medium
Larissa Lima,37, green,Brasília,medium
Leonardo Simões,23,green,Florianópolis,basic
leonardo dias,38,blue,Rio,premium
PEDRO CARVALHO,60,green,Rio,basic
VANESSA CARVALHO,45.0,red,São Paulo - SP,premium
Luís Carvalho,22,green,são paulo,basic
Gustavo Conceição   ,NULL,red,Curitiba,basico
Bruna Souza,29,red,Rio,medium
Gabriela Conceição,130,green,"São Paulo, SP",basic
Bruna Gomes,45,RED,São Paulo,medium
Cecília Assunção,23,black,São Paulo,medium
Matheus Silva,54,blue,São Paulo,premium
Marcelo Magalhães,37,blue,Rio,premium
HENRIQUE DIAS,18,blue,Rio,premium
Rafael Cardoso,idade,Vermelho,São Paulo,medium
ALINE SANTOS,49.0,green,Curitiba,basic
Eduardo Rocha,52,RED,RJ,basic
Caio Machado,22,green,rio,medium
Antônio Marques,18,blue,São Paulo,medium
Patrícia Costa,29,blue,Rio,medium
Gustavo Rocha,56,green,São Paulo,basic
TATIANE ANDRADE,36,green,Curitiba,basic
Letícia Dias,58,,São Paulo,medium
FERNANDA CONCEIÇÃO,24,VERDE ,Rio,basic 
Sérgio Nascimento,46,black,Rio,premium
ISABELA RODRIGUES,63,green,Rio de Janeiro - RJ,basic
Júlia Nunes   ,41,green,São Paulo,premium
Fábio Cardoso,60,null,São Paulo,medium
Luís Oliveira,41,?,São Paulo,premium
Gustavo Fonseca,n/a,N/A,são paulo,medium
n/a,62,green,Recife,basic
Pedro Assunção,43,Green,São Paulo,medium
Renata Alves,19,red,São Paulo,premium
Gustavo Fonseca,46,green,SÃO PAULO,gold
Mônica Moreira,35,blue,Curitiba,standard
JULIANA GOMES,999,blu,São Paulo,premium
Juliana Melo,?,blue,Recife,premium
Maria Santos,65,blue,São Paulo,premium
Vinícius Silva,29,green,Curitiba - PR,basic
Renata Conceição,22,red,Curitiba - PR,basic
  Márcia Melo,-25, red ,São Paulo,premium
Gustavo Moreira,57,green,sao paulo,medium
Fábio Costa,?,GREEN,Curitiba - PR,basic
Gustavo Freitas,3O,red,Curitiba,medium
rodrigo andrade,38,RED,não informado,premium
André Galvão,38,red,Curitiba,basic
Vanessa Marques,36,red,São Paulo,premium
  André Barbosa,28, green,Florianópolis,MEDIUM
letícia cardoso,22,blue,Curitiba,medium
Aline Melo,23,red,São Paulo,premium
vinícius assunção,25,green,São Paulo,basic
Cecília Marques,"25,5",red,Curitiba,basic
,55,preto,RJ,medium
ÉLIDA PEREIRA,31,green,Rio,medium
 Ana  Machado ,43,red,São Paulo,premium
Pedro Galvao,46,blue,Curitiba,medium
Lucas Nunes,30,não informado,Curitiba,basic
Ana Oliveira,52,blue,Rio,medium
Diego Machado,39,VERMELHO,São Paulo,gold
Matheus Assunção,54,green,sao paulo,medium
Rodrigo Lima,35,blue,"São Paulo, SP",premium
Luíza Freitas,19,green,Rio,basic
Monica Pereira,20,red,SÃO PAULO,medium
José Assunção,40,green,Rio de Janeiro,Médio
Ana Nunes,53,purple,São Paulo,medium
Leonardo Ribeiro,48,blue,"Rio, RJ",medium
Lucas Assunção,31,red,Curitiba,premium
Juliana Machado,51,blue,São Paulo,premium
Vinícius Mendes,27,red,São Paulo,medium
gustavo silva,29,blue,Curitiba,basic
Élida   Silva,63,green,São Paulo,medium
Joao Alves,29,blue,Curitiba,basic
Renata Souza,27anos,blue,São Paulo,premium
Vanessa Assunção,19,preto,São Paulo,médio
Rafael Magalhães,61,red,São Paulo,medium
Henrique Lima,63,red,Rio,Médio
BEATRIZ NUNES,61,red,"Rio, RJ",medium
Patrícia Fonseca,49,blue,Rio,Medium
Henrique Gomes,62,green,Curitiba/PR,basic
Antônio Machado,31,blue,Rio,premium 
Erick Freitas,22,red,São Paulo,free
Camila Carvalho   ,44,green,São Paulo,medium
Ígor Carvalho,65,blue,RIO,medium
Rodrigo Brandão,63,red,Salvador,MEDIUM
Marcelo Nunes,47 ANOS,yellow,Curitiba,MEDIUM
Matheus Moreira,59,Verde,Rio,basic
EDUARDO PEREIRA,20,green,--,basic
Mariana Silva,50,green,"Rio, RJ",medium
Aline Mendes,33,blue,São Paulo,gold
Thiago Galvão,25,,Rio,medium
Élida Mendes,23,Blue,Curitiba,medium
Marcelo Araújo,51 ANOS,red,Curitiba,BASIC
André Moreira,30,green,Curitiba,medium
Thiago Lima,45,red,Rio,N/A
Gabriela Fonseca,29,blue,CWB,premium
Pedro Costa,53,roxo,NA,basic
Beatriz Carvalho,55,blue,Rio,medium
LUÍZA MAGALHÃES,52,Red,Curitiba,medio
Bruna Freitas,51,red,Rio,basic
Jose Souza,42.0,red,Porto Alegre,medium
FELIPE BRANDÃO,36,blue,Rio,premium
João Silva,58,red, Curitiba,desconhecido
Carlos Carvalho,51,red,rio de janeiro,medium
letícia silva,41,red,São Paulo,premium
Caio Machado,26,green,Rio de Janeiro - RJ,basic
  Carlos Gomes,7,blue,Rio,premium
Rafael Barbosa,59anos,red,São Paulo,medium
Fábio Marques,30,GREEN,São Paulo, medium
PEDRO PEREIRA,43,green,São Paulo,medium
Conceição Alves,33,red,São Paulo,N/A
Camila Lima,,?,Curitiba,basic
Débora Souza,35,NA,Sao Paulo/SP,premium
Simão Rocha,23,blue,Rio,None
 Felipe  Assunção ,60,blue,Salvador,Medium
Raíssa Oliveira,18,VERMELHO, Curitiba,basic
N/A,3,blue,Curitiba,medium
Rodrigo Machado,33.0,blue,SP,premium
  Felipe Fonseca,22,gren,Rio,basic
José Cardoso,18,blue,São Paulo,Premium
 Otávio  Mendes ,62,red,Curitiba,basic
Otávio Brandão,64,blue,Curitiba,medium
Antônio Mendes,42,green,Curitiba,medium
André   Souza,24,red,None,basic
Aline Pereira,58,Azul,Rio de Janeiro - RJ,medium
Mariana Nascimento,22,None,Curitiba,NA
Débora Santos,27,roxo,Brasília,medium
Letícia Assunção,24,red,São Paulo,premium
  Luís Pereira,24,red,Rio,medium
Rafael Ribeiro,52,Vermelho,CWB,medium
conceição conceição,19,AZUL,Brasília,medium
Juliana Dias,trinta e dois,red,Rio,medium
Vinícius Mendes,28,blue,Curitiba,medium
Beatriz Rodrigues,"62,0",blue,Rio,medium
André Alves,49,NULL,São Paulo,medium
Diego Carvalho,61,blue,Curitiba,medium
juliana melo,54,red,curitiba pr,basic
Vinícius Santos,33,vermelho,Rio,medium
Ana Rodrigues,"21,0",green,Rio,basic
Diego Magalhães,49,blue,"Curitiba, PR",medium
Luís Melo,46,green,Curitiba,basic
Eduardo Cardoso,36,blue,curitiba pr,medium
mônica nascimento,47,red,Rio,basic
Thiago Simões,44,blue,Sao Paulo/SP,premium
LUÍZA MELO,59,blue,São Paulo,premium
vanessa gomes,25,azul,Rio,MEDIUM
Fábio Brandão,44,blue,Rio,premium
Felipe Alves,Desconhecido,blue,Manaus,não informado
Matheus Brandão,"51,0",red,Rio,Medium
Rafael Ferreira,44,RED,Rio,premium
Bruna Galvão,62,green,Curitiba,básico
Mônica Martins,40,green,Porto Alegre,medium
André Barbosa,65,Blue,"Curitiba, PR",Básico
Márcia Pereira,33,red,Curitiba - PR,medium
Bruna Marques,27,blue,Curitiba,basic
Maria Mendes,43,red,São Paulo,premium
Márcia   Araújo,47,blue,São Paulo,premium
Felipe Andrade,  23  ,Blue,Curitiba,medium
Beatriz Araújo,25-30,rde,São Paulo,medium
Conceição Galvão,43,Red,São Paulo,premium
Otávio Nascimento,39,green,Rio,basic
Rodrigo Nunes,18,red,São Paulo,Medium
Maria Simões,43,Azul,Rio,medium
Juliana Marques,53,blue ,Rio,medium
Vinícius Ribeiro,idade,green,,medium
Diego Ferreira,25.0,blu,São Paulo,medium
Tatiane Martins,64,blue,Belo Horizonte, premium
Matheus Marques,  47  ,green,SP,medium
Gabriela Souza,45,green,São Paulo,premium
Vinícius Dias,40,blue,Curitiba,medium
Thiago Nunes,22, blue,Curitiba,medium
Thiago Melo,40,blue,"São Paulo, SP",premium
Camila Araújo,34,red,Curitiba,medium
Camila   Cardoso,42,green,Curitiba,basic
beatriz mendes,26,red,São Paulo,medium
Luís Pereira,"53,0",blue,São Paulo,premium
Ígor Melo,56,vermelho,Rio,medium
FERNANDA MOREIRA,18,red,Sao Paulo,medio
André Nascimento,"63,5",green,Curitiba,basic 
Diego Mendes,31,blue,São Paulo,premium
Beatriz Brandão,43,red,Sao Paulo/SP,médio
Larissa Mendes,26,green,Curitiba,standard
Carlos Andrade,2S,verde,são paulo,medium
Conceição Silva,23,purple,São Paulo,standard
Gabriela Barbosa   ,59,blue,Rio,Premium
Pedro Silva,39,blue,Rio,premium
Camila Marques,42,não informado,Curitiba/PR,basic
Gabriela Ribeiro,64,red,Florianópolis,basic
André Melo,39,blue,Rio de Janeiro - RJ,gold
Rafael Gomes,"48,5",BLUE,rio de janeiro,medium
Otávio Nascimento,46,red,Sao Paulo/SP,medium
isabela fonseca,?,green,São Paulo,medium
 Raíssa  Araújo ,62,blue,São Paulo,PREMIUM
Élida Fonseca,37,green,Curitiba,medium
Leonardo Dias,63,vermelho,Curitiba,basico
Luís   Silva,28,GREEN,Rio,medium
Raíssa Oliveira,40,blue,null,medium
Caio Silva,49,green,Rio,medium
Eduardo Nascimento,25,blue,São Paulo,premium
Júlia Dias,52.0,red,rio de janeiro/rj,basic
Débora Martins,32anos,red,Rio de Janeiro - RJ,medium
júlia moreira,56,red,Rio,basic
Rodrigo Silva,39,red,Curitiba,medium
Sérgio Oliveira,20,vermelho,São Paulo,premium
  Camila Dias,29,green,Rio,medium
Fernanda Martins,41,red,São Paulo,medium
Rafael Lima,"28,0",red,curitiba pr,medium
isabela andrade,29,blue,São Paulo,premium 
EDUARDO BRANDÃO,59,VERDE ,Rio,basic
 Mônica  Moreira ,32,preto,Rio,medium
Isabela Ferreira,48,green,SP,basic
Felipe Alves,31,blue,Manaus,premium
Mariana Assunção,37,preto,NA,basic
Antônio Andrade,58,red,São Paulo,free
Bruna Carvalho,3O,Red,Rio,medium
Gustavo Freitas,62, red ,São Paulo,medium
Luíza Assunção,44,blue ,Curitiba,medium
José Costa,51,red,Rio,basic
Gustavo Machado,34,red,Curitiba,medium
juliana pereira,48,green,Curitiba,basic
Fábio Araújo,56,blue,Curitiba,Medium
Beatriz Nascimento,22,blue,Rio,medium
Raíssa Dias,18,green,NULL,basic
Patrícia Machado,49,green,Rio,medium
Cecília Rodrigues,3, blue,Rio,premium
Leticia Ribeiro,22,red,?,medium
André Rocha,60,blue,São Paulo,Sem informação
Fábio Gomes,37, green,Rio,Basic
Joao Andrade,52, blue,Rio,medium
Patrícia Fonseca,22,green,rio,medium
José Assunção,46,Vermelho,Sao Paulo,premium
 Beatriz  Melo ,61,Vermelho,Curitiba,basic
Conceição Barbosa,25,verde,,BASIC
Patrícia Barbosa,NA,roxo,curitiba,medium
Lucas Rocha,40,RED,Rio,gold
BRUNA MENDES,53,red,n/a,medium
Carlos Costa,64,red,São Paulo,premium
Camila Nascimento,49.0,green,Rio,basic
Pedro Barbosa,48.5,green,Rio,basic
Larissa Alves,49,green,Rio,basic
Matheus Ferreira,47,verde,Salvador,basic
Mônica Magalhães,46,red,São Paulo - SP,medium
FERNANDA MAGALHÃES,63,,Curitiba,medium
Matheus Lima,23, green,"Rio, RJ",medium
Júlia Rocha,"26,5",green,Rio,basic
Sérgio Assunção,idade,blue,São Paulo,medium
Vinícius Ferreira,24,blue,Curitiba,medium
Gabriela Nascimento,41,green,Rio,basic
Natália Rodrigues,38,blue,São Paulo,premium
Caio Ferreira,20,verde,Rio,basic
GUSTAVO CONCEIÇÃO,20,VERDE ,Rio,basic
NULL,28,não informado,rio de janeiro/rj,PREMIUM
LEONARDO COSTA,54,blue,SÃO PAULO,premium
 Fernanda  Ribeiro ,61,red,Curitiba,basic
thiago galvão,20.5,blue,Curitiba,basic
José Alves,51.0,blue,Rio,médio
Antônio   Silva,34, red ,Rio,médio
Ígor Rodrigues,48 ,green,São Paulo,medium
Juliana Souza,56,red,Curitiba,basic
Eduardo Gomes,21,green,Rio,medium
Isabela Barbosa,23,blue,Rio,premium
PEDRO CARVALHO,19,red, São Paulo,medium
Débora Carvalho,25.0,blue,Rio,-
Ana Assunção,43,blue,rio de janeiro/rj,premium
  Eduardo Nunes,62.0,blue,RJ,medium
Maria Silva,31, blue,Curitiba,medium
Patrícia Carvalho   ,22,blue,Rio de Janeiro,premium
Isabela Alves,43,NULL,SP,medium
vanessa machado,42,blue,São Paulo,premium
Otávio Cardoso,56,red,Rio,medium
Camila Cardoso,23,red,N/A,medium
Diego Mendes,29,green,CWB,medium
Lucas Moreira,30,green,Curitiba,basic
Élida Mendes,20,red,Curitiba,basic
Raíssa Galvão,62,red,,medium
Natália Assunção,38,red,Rio,basic
Fabio Freitas,7,red,Rio,basic
Camila Nunes,23,red,Rio,medium
Felipe Lima,3O,green,SP,medium
Aline Martins,35,Blue,Rio,premium
Juliana Costa,50,blue,Rio,medium
Ígor Rocha,59,green,São Paulo,medium
Júlia Nunes,63.7,verde,Rio,básico
Patrícia Alves,44,red,Rio,medium
Juliana Ribeiro,34,green,RIO,medium
Gustavo Magalhães,18,VERDE ,SP,medium
Matheus Fonseca,36,blu,Florianópolis,PREMIUM
Mônica Nascimento,53,Desconhecido,São Paulo,medium
FÁBIO ARAÚJO,45,green,Curitiba,Desconhecido
Conceição Rodrigues,51 anos,red,RIO,medio
Renata Marques,53,red,Curitiba,basic
Gabriela Nunes,51,Blue,curitiba pr,medium
Aline Freitas,42.5,NaN,São Paulo,premium
Felipe Alves,"18,0",BLUE,Rio,medium
Matheus Araújo,32,red,Rio,medium
Mônica Marques,47,VERMELHO,Rio ,medium
Erick Nunes,32, green,São Paulo,medium
letícia rodrigues,"61,5",red,Recife,basic
carlos moreira,25,blue,Rio,medium
Letícia Fonseca,37,red,Rio,medium
Pedro Nascimento,28,verde,São Paulo,premium
Rafael   Alves,200,vermelho,são paulo,medium
André Costa,,red,sp,medium
Márcia Oliveira,"65,0",blue,Rio,premium
Raíssa Alves,34, green,Curitiba,basic
Simão Gomes,22 anos,Vermelho,"Rio, RJ",medium
Diego Freitas,29,red,?,medium
Márcia Fonseca,62,green,sp,Básico
Ana Melo,41,red,"Curitiba, PR",medium
Erick Carvalho,31,red,Porto Alegre,medium
RODRIGO MENDES,60,green,RJ,medium
André Barbosa,62,red,São Paulo,premium
Juliana Barbosa,49,blue,São Paulo,medium
Élida Brandão,32,BLUE,Rio,Premium
FÁBIO CONCEIÇÃO,34,red,RJ,medium
Letícia Costa,36,blue,Rio,premium
RAÍSSA SOUZA,51,blue,Curitiba,Médio
Beatriz Oliveira,58,BLUE,SÃO PAULO,medium
Cecilia Carvalho,37,red,Rio,premium
Fábio Souza,"30,0",blue,RJ,premium
Renata Santos,36,red,Sao Paulo,premium
Maria Araújo,0,rde,Rio,Médio
Márcia Nunes,52.7,green,São Paulo,medium
Luíza Gomes,42,red,Rio de Janeiro,medium
Vinícius Conceição,45,red,Recife,premium
Patrícia Nunes,42,red,curitiba,medium
Luíza Ribeiro,34,Vermelho,Rio,medium
Pedro Assunção,24,red,Rio,Básico
PATRÍCIA SILVA,25,green,RJ,BASIC
Márcia Marques,21,red,curitiba,básico
Gustavo Ferreira,18,blue,Curitiba,medium
 Gabriela  Fonseca ,53.0,NaN,rio,medium
Eduardo Santos,30,red,Recife,medium
Élida Martins,51,red,NA,basic
Erick Lima,21,green,Salvador,basic
Antônio Rodrigues,18,red, Curitiba,basic
Erick Gomes,7,red,São Paulo,medium
 Cecília  Melo ,63,blue,São Paulo,premium
Renata   Nunes,30,blue,São Paulo,premium
Marcelo Rocha,52,blue,Curitiba,medium
Matheus Pereira,47,green,-,basico
Aline Mendes,29,blue,CWB,medio
Thiago Dias,23,blue,São Paulo - SP,premium
Marcelo Assunção,41,blu,Curitiba - PR,medium
Luís Pereira,59.0,blue,Rio,medium
Beatriz Freitas,34,red,Rio,medium
Natália Freitas,62,blue,São Paulo,Premium
ALINE FREITAS,29,Red, Curitiba,médio
Letícia Andrade,"19,0",blue,São Paulo,premium
José Costa,23,green,Curitiba - PR,basic
Cecília Alves,18,red,"Curitiba, PR",basic
Juliana Pereira,24,green,São Paulo,medium
Matheus Brandão   ,22,blue ,Curitiba,medium
maria galvão,40,red,Curitiba,medium
Eduardo Barbosa,50,blue, Curitiba,medium
raíssa marques,34,vermelho,Curitiba,medium
José Moreira   ,18,green,Rio,basic
,19,blue,são paulo,medium
Beatriz Silva,vinte e cinco,green,Rio,médio
Luís Gomes,33,green,Curitiba,basic
Élida Barbosa,45,green,Curitiba,basic
Aline   Pereira,"60,0",blue , São Paulo,premium
Erick Fonseca,49,green,Rio,basic
Eduardo Brandão,22,blue,rio de janeiro/rj,medium
Ana Souza   ,32,amarelo,rio,medium
Beatriz Dias,44,red,SÃO PAULO,premium
Pedro Cardoso,54,green,São Paulo,
Leonardo Rodrigues,28,red,Rio,premium
Caio Nunes,44,red,null,premium
None,53,blue,São Paulo,premium
Otávio Fonseca,22,blue,Curitiba,Medium
Patrícia Rocha,"50,0",green,NA,standard
Cecília Nunes,51,red,Rio,medium
LUÍS CARDOSO,36,green,Rio,medium
THIAGO FERREIRA,25,green,Curitiba,basic
Marcelo Rodrigues,18,Vermelho,São Paulo,medium
Fábio Oliveira,65,red,-,medium
Isabela Moreira,21,red,SÃO PAULO,medium
Rodrigo Simões,43,Azul,Rio,premium
Simão Ribeiro,20,red,Rio ,medium
Ígor Brandão,999,blue,Curitiba,premium
Carlos Santos,23,preto,São Paulo,premium
Élida Martins,37,green,Curitiba,medium
Natália Costa,55,red,CURITIBA,basic
Fernanda Silva,54,green,Rio,basic
OTÁVIO ANDRADE,49,red,São Paulo,medium
João Rocha,49,verde,Curitiba,basic
Vinícius Magalhães,trinta,green,Curitiba,basic
Fábio Rodrigues,21,green,Salvador,medium
LUÍS SILVA,34 ,blue,Rio,premium
Débora Brandão,24,green, Curitiba,basic
André Carvalho,58,blue,Curitiba,medium
Antônio Brandão,18,red,São Paulo,premium
Vanessa Mendes,62 Anos,?,CWB,basic
André Andrade,50,green,São Paulo,medium
fábio moreira,28,red,São Paulo,medium
Rodrigo Ribeiro,3O,green,Rio,básico
Larissa Barbosa,58,Green,Rio,medium
Matheus Machado,53,blue,Rio,medium
Rodrigo Melo,52,blue ,São Paulo, premium
JÚLIA DIAS,25,blue,Sao Paulo/SP,medium
Leonardo Nascimento,42,green,Curitiba,basic
Erick Conceicao,27,blue,Rio,medium
Otávio   Martins,38,vermelho,Rio,premium
Larissa Conceição,65, red ,Curitiba,basic
Isabela Simoes,NA,red,Rio,medium
Otávio Dias,61 anos,red,São Paulo,premium
José Barbosa,30,green, Curitiba,basic
Ígor Mendes,44,Vermelho,,medium
Ana Dias,,VERDE ,São Paulo,premium
bruna freitas,29,blue,"Rio, RJ",premium
Maria Mendes,61,Vermelho,São Paulo,MEDIUM
Fábio Lima,62,blue,Curitiba,medium
Juliana Carvalho   ,50,green,São Paulo,basic
Antônio Araújo,58,red,sp,Premium
Mônica   Moreira,64,blue,Curitiba,medium
Fernanda Melo,Desconhecido,blue,Curitiba,medium
Gustavo Ferreira,62,red,Sao Paulo,Medium
Simão Martins,51,blue,rio de janeiro,medium
Ígor   Lima,41.5,green,Curitiba,basic
Felipe Freitas,61,red,Curitiba,basic
beatriz ferreira,28,green,,basic
Bruna Simões,56,green,Curitiba,basic
ana araújo,49,red,São Paulo,medium
Sérgio Carvalho,56,blue,Rio,null
LUCAS DIAS,trinta e dois,blue,CWB, premium
Gabriela Costa,39,red,São Paulo,premium
Mariana Santos,54,red,São Paulo,medium
André Lima,28,blue,São Paulo,premium
Fernanda Dias,53,preto,Sao Paulo/SP,médio
NA,48,red,Rio ,basic
Rodrigo Freitas,NaN,green,CWB,basic
N/A,50,red,Rio,medium
Élida Fonseca,34,blue,Curitiba,medium
Tatiane Magalhães,65,Verde,São Paulo,
Mônica Gomes,3O,red,São Paulo,medium
André Pereira,200,rde,São Paulo - SP, medium
Vinícius Mendes,38,blue,São Paulo,premium
Élida Fonseca,29,green,Rio,medium
Igor Ferreira,24,,"Curitiba, PR",medium
Isabela Brandão,50,red,Curitiba,medium
  Renata Martins,45,green,São Paulo,medium
Gustavo Galvao,25,green,Rio,basic
Henrique Cardoso,45 anos,,None,basic
Patrícia Cardoso,24,VERDE ,São Paulo,medium
Vinícius Carvalho,30,blue,São Paulo,Sem informação
 Mariana  Moreira ,18,blu,Rio,medium
Maria Santos,idade,green,Curitiba,basic
Débora Souza,63,green,Rio,basic
Otávio Andrade,,blue,Rio,medium
Camila Freitas,29,green,Rio,medium
Élida Oliveira,53, red ,São Paulo,premium
Rodrigo Ribeiro,43,rde,sao paulo,medium
Vinícius Santos,23,red,São Paulo,basic
Gabriela Barbosa,63,blue,São Paulo,PREMIUM
Renata Mendes,56,blue,São Paulo,premium
Ígor Souza,21,red,Curitiba,medium
Leonardo Nascimento,19,green,Curitiba,basic
Beatriz Carvalho,50,green,Belo Horizonte,basic
Júlia Fonseca,  20  ,RED,Rio,medium
Maria Machado,2S,red,Curitiba,basic
Felipe Conceição,29,red,RIO,premium
Aline Moreira,22,green,"Rio, RJ",medium
Ígor Nunes,55,blue,Sao Paulo/SP,premium
TATIANE SOUZA,53,red,Rio de Janeiro - RJ,medium
Vanessa Magalhães,42,amarelo,"São Paulo, SP",premium
Gustavo Carvalho,19,red,Rio,medium
Gabriela Ribeiro,62,red,São Paulo,medium
Ígor Silva,25-30,blue,Rio,None
José Rocha,60,amarelo,Curitiba/PR,basic
Leonardo Dias,57 anos,blue,Rio,medium
Diego Costa,  33  ,GREEN,Rio,medium
Diego Brandão,42, red ,Rio de Janeiro,premium
Maria Simões,42,blue,Rio,premium
Vinícius Lima,42,n/a,Curitiba,medium
 Conceição  Ribeiro ,26,red,"Curitiba, PR",basic
Lucas Cardoso,vinte e cinco,green,Rio,basic
Erick Simões,56,green,Curitiba/PR,basic
Ana Cardoso,20,red,Curitiba,basico
Gustavo Dias,39,green, São Paulo,medio
Juliana Moreira,28,blue,São Paulo,premium
Carlos Galvão,35,green,Rio,basic
Ígor   Martins,35,green,Rio,medium
conceição nunes,49anos,red,Rio,medium
Matheus Dias,35,green,sao paulo,medium
Marcelo Moreira,30,Sem informação,São Paulo,vip
Júlia Barbosa,28,blue,CWB,medium
Thiago Santos,42,green,Rio,MEDIUM
Eduardo Nunes,59,green,Rio,basic
Ígor Pereira,NaN,blue,Curitiba,premium
Mônica Silva,65,blue,Curitiba,medium
aline rodrigues,42,Red,Recife,Médio
Renata Souza,28,red,Rio,medium
Natália Souza,46,blue,são paulo,Premium
Larissa Martins,35,blue,Curitiba,desconhecido
MÁRCIA BARBOSA,62,blue,São Paulo,premium
Rodrigo Araújo,43,BLUE,Não informado,medium
Ana Marques,53,VERDE ,São Paulo - SP,basic
lucas barbosa,60,purple,Brasília,medium
Vinícius Rocha,55,blue ,SÃO PAULO,Medium
Ana Marques,"61,0",red,sp,medium
Thiago Barbosa,"45,5",red,Rio,vip
Erick Nunes,25,blue,curitiba,medium
Larissa Brandão, 30,red,Rio de Janeiro,medium
Matheus Andrade,32,red,N/A,basic
fernanda carvalho,54,-,Rio de Janeiro - RJ,premium
Lucas Conceição,57,green,São Paulo, medium
Márcia Machado,56,green,Curitiba,basic
Henrique Cardoso,999,amarelo,Rio,medium
Thiago   Lima,64,red,Manaus,medium
márcia carvalho,30,green,,basic
  Larissa Pereira,30,Green,Belo Horizonte,basic
Vanessa Magalhaes,64,Blue,São Paulo,MEDIUM
Fábio Galvão,25,blue,curitiba,medium
Élida Alves,"64,0",green,Curitiba,platinum
 Júlia  Dias ,desconhecido,red,São Paulo,medium
Eduardo Melo,  55  ,red,curitiba pr,basic
simão lima,63,yellow,Curitiba/PR,medium
Conceição Rodrigues,30,red,São Paulo,medium
Ana Lima,25 Anos,green,Recife,basic
 André  Rodrigues ,25,verde,Rio,-
Débora Pereira,40.0,blue,São Paulo,premium
Letícia Dias   ,999,red,Rio,medium
lucas nascimento,44,blue,Rio, premium
Beatriz Barbosa,44,blue,Curitiba,medium
Ana Melo,59,preto,São Paulo,medium
Rodrigo Magalhães,"33,0",red,São Paulo,premium
Mônica Silva,65,blue,curitiba pr,medium
Aline Nunes,30,Red,curitiba,medium
Fábio Ferreira,20,green,Curitiba,basic
Rodrigo Pereira,35,blue,São Paulo,premium
Rafael Souza,52,red,Rio,medium
Aline Assunção,33,red, Curitiba,medium
camila melo,27,green,Rio,medium
João Brandão,?,green,rio,medium
Luís   Silva,41,blue,rio de janeiro/rj,premium
Renata Galvão,38,green,São Paulo,medium
Felipe Simões,null,verde,Rio,basic
Rodrigo Silva,Não informado,red,São Paulo,premium
Rafael Ribeiro,--,green,São Paulo,medium
NULL,54,não informado,curitiba pr,medium
Thiago Conceição,45,red,rio,medium
Bruna Simões,48,rde,Curitiba,medium
Patrícia Santos,42,red,curitiba pr,medium
Bruna Magalhães,27,vermelho,São Paulo,medium
Bruna Marques,28,Blue,Curitiba,medium
Isabela Fonseca,n/a,green,Curitiba,basic
não informado,57,blue,São Paulo,premium
Luís Marques,29,VERDE ,Curitiba,medium
Lucas Rodrigues,20,blue,Rio,premium
Leonardo Cardoso,N/A,Red,Rio,medium
Gustavo Andrade,22, green,"São Paulo, SP",medio
Marcelo Santos,N/A,NaN,Curitiba,basic
Ana Carvalho,25,green,São Paulo,medium
José Martins,22,green,sp, medium
Camila Ferreira,20,green,São Paulo,medium
joão brandão,"18,0",blue,CWB,basic
Otávio   Marques,34,green,São Paulo,medium
Rodrigo Magalhães,58 ANOS,blue,Curitiba,medium
Renata Martins,61,Green,Curitiba,basic
André Galvão,  24  ,green,São Paulo,medium
juliana moreira,19,BLUE,Curitiba,medium
Márcia Magalhães,  53  ,red,SÃO PAULO,medium
Márcia Mendes,36,VERDE ,Belo Horizonte,medium
Luíza Ferreira,59,green,Curitiba,basic
Maria Carvalho,31 anos,green,rio de janeiro/rj,medium
Maria Carvalho,,red,Rio,medium
Patrícia Carvalho,18,blue,Curitiba,basic
Carlos Ferreira,36,Verde,Rio,basic
simão rocha,63,red,São Paulo,platinum
ana galvão,45,green,Curitiba,vip
lucas rocha,24,red,Rio,medium
Luís Rocha,62 Anos,green,São Paulo,medium
Fábio Dias,38,green,Curitiba,medium
Desconhecido,200,blue,São Paulo,premium
Júlia Machado,25,green,São Paulo,basico
 Letícia  Brandão ,42.5,green,São Paulo,premium
Débora Costa,27,GREEN,Curitiba,basic
Mariana Araújo,20,blue,Rio,medium
Felipe Gomes,Desconhecido,BLUE,Rio,premium
Erick Carvalho,65,Azul,Florianópolis,medium
Beatriz   Galvão,52,red,Curitiba,basic
Marcelo Ribeiro,18,red,Rio,medium
Luiza Alves,45,red,Curitiba,medium
Luís Silva,36,red,Rio,premium 
Felipe Ribeiro,52,green,Rio,basic
JÚLIA SILVA,30,blue,curitiba,medium
Antônio Melo,62,azul,Rio,medio
Leonardo Simões,51,blue,Curitiba,medium
  André Gomes,58,red,Curitiba,Basic
Henrique Rocha,desconhecido,amarelo,São Paulo,basic
Vinícius Martins,NULL,yellow,São Paulo,premium
Camila Galvão,24,azul,Curitiba,basic
Conceição Machado,20, blue,são paulo,medium
Camila Araújo,38,red,Curitiba,medio
Rodrigo Cardoso,53,green,Rio,basic
Élida Rocha,7,Red,Rio,medium
Raíssa Costa,23,blue,São Paulo,premium
Larissa Machado,21,blue,Curitiba,medium
Gabriela Ferreira,"42,0",GREEN,Curitiba,basic 
Conceição Oliveira,xx,blue,Rio,medium
Erick Silva,39 ,blue,Rio,premium
Natália Pereira,31,green,São Paulo,medium
Antonio Ribeiro,20.0,blue,São Paulo,medium
André Galvão,31,Red,Brasília,medium
Mônica Costa,55,blue,São Paulo,medium
Bruna Freitas,57,green,Sao Paulo/SP,basic
Juliana Brandão,25,RED,Curitiba,basic
ALINE CONCEIÇÃO,51anos,blue,Curitiba,Médio
Juliana Alves,62,green,,basic
André Gomes,35,red,São Paulo,premium
Maria Costa,23,rde,Rio,medium
Beatriz Oliveira,53,green,Curitiba,basic
Vinícius   Simões,43,Green,São Paulo,Premium
Cecília Melo,53,green,Rio,standard
Maria Alves,61,green,RIO,basic 
Antônio Moreira,30,green,rio de janeiro/rj,basic
Andre Mendes,null,green,SÃO PAULO,medium
 João  Magalhães ,61,red,São Paulo,medium
Camila Moreira,38,green,rio, medium
Larissa Pereira,49,purple,Rio,medium
Camila Galvão,53 ,blue,Curitiba,medium
Natália Freitas,62,gren,São Paulo,medio
Gabriela Andrade,58,Verde,rio de janeiro,Básico
Diego Ferreira,54,green,Rio,Desconhecido
Aline Ferreira,26,blue,Porto Alegre,
Rodrigo Araújo,26,,sao paulo,medium
Felipe Silva,27,green,São Paulo,medium
Otávio Pereira,36,red,São Paulo,premium
Larissa Alves,31,amarelo,Curitiba,basic
  André Cardoso,44 Anos,green,,basic
Bruna Lima,idade,red,São Paulo,Medium
Júlia Carvalho,"26,0",red,São Paulo,medium
Vanessa Costa,NULL,azul,SP,premium 
Camila Costa,30,red,São Paulo,premium
Juliana Dias,36,VERMELHO,Brasília,standard
Caio Marques,24,Red,São Paulo,None
  João Fonseca,44,green,NA,medium
Carlos Lima,22,Sem informação,São Paulo,basic
Otávio Rodrigues,21,red,Rio,medium
Beatriz Martins,24,blue,Sao Paulo,medium
Larissa Brandão,58,green,curitiba,basic
José Melo,53 anos,green,CWB,basic
Marcelo Lima,40,Green,São Paulo,medium
Matheus Fonseca,47.7, green,Curitiba,basic
Thiago Gomes,61,red,Curitiba,basic
Marcelo Marques,45 anos,blue,Curitiba,medium
Vanessa Galvão,42,blu,Rio,medium
Márcia Costa,65,BLUE,Curitiba,medium
Fábio Nascimento,48,green,Curitiba,basic
BEATRIZ MAGALHÃES,59,VERDE ,São Paulo,medium
Leonardo Freitas,31,blue,Rio de Janeiro - RJ,premium
Leonardo Gomes,43 ,red,São Paulo - SP,medium
Caio Machado,31,green,Curitiba,Básico
Aline Ferreira,63,green,São Paulo,medium
Aline Araújo,50,red,Rio,basic
Natália Machado,18.7,blu,São Paulo,medium
Renata Brandão,60,blue,Rio, medium
Gustavo Alves,62,red,São Paulo,premium
Otávio Moreira,34,blue,SP,premium
Marcelo   Cardoso,vinte e cinco,amarelo,São Paulo,premium
Thiago Araújo,48,blue,São Paulo,medium
Matheus Pereira,42 ,blue,?,medium
Marcia Mendes,36,green,CWB,basic
Raíssa Alves,57 ,red,Curitiba,medium
Aline Nascimento,28,blue,Curitiba,medium
Gustavo Dias,-1,Sem informação,Rio,basic
Gabriela Nunes,20,blue,São Paulo,PREMIUM
Ígor Mendes,22,blue,São Paulo,premium
FELIPE ALVES,43,GREEN,São Paulo,medium
Natália Carvalho,31,green,São Paulo,MEDIUM
Vinícius Freitas,50,NULL, São Paulo,medium
Gustavo Galvão,57,blue,Curitiba,medium
Júlia Moreira,30,red,"Rio, RJ",premium
Élida Pereira,24,NaN,curitiba,basic
MARIANA SILVA,47,green,Rio,basic
Simão Oliveira,28,green, São Paulo,medium
vanessa fonseca,38 anos,red,Curitiba,medium
Camila Oliveira,53,Vermelho,Curitiba,basic
Bruna Carvalho,57,GREEN,Rio,Medium
Fábio Santos,43,blue,Rio,medium
Henrique Araújo,"26,0",green,Curitiba,medium
Júlia Carvalho,54,red,São Paulo,medium
Bruna Melo,49,vermelho,Curitiba,basic
Cecília Brandão,"62,5",blue,Curitiba,medium
Renata Costa,41,red,RJ,Medium
Júlia Assunção,26.5,red,São Paulo,premium
Débora Machado,47,red,Rio,medium
Larissa Marques,43,blue,Rio,medium
JOÃO PEREIRA,"65,0",red,São Paulo,medium
Leonardo Ferreira,55,green,Rio,basic
André Moreira,46.0,blue,Curitiba,medium
André Rocha,27anos,blue,Curitiba,medium
Não informado,57,,Rio de Janeiro - RJ,medium
Camila Gomes,63,RED,Rio, medium
Rodrigo Araújo,50,red,Rio,medium
juliana simões,21,red,São Paulo,medium
  Erick Freitas,62,yellow,Curitiba,premium
Camila Mendes,61,red,Rio,basic
Márcia Marques,25-30,red,Rio ,premium
Marcelo Costa,29,green,São Paulo,n/a
Erick Simões,35,red,Rio, medium
Carlos Dias,59,green,Rio,medium
Raíssa Costa,64,red,São Paulo,medium
Mônica Alves,65,green,São Paulo,basic 
PATRÍCIA FERREIRA,23.0,red,São Paulo,medium
larissa simões,54,Red,São Paulo,premium
Natália Nascimento,54 ANOS,blue,Não informado,medium
Pedro Freitas,Desconhecido,blue,São Paulo,medium
Vanessa   Carvalho,48,red,n/a,medium
Márcia Conceição,60,red,SÃO PAULO,premium
João Silva,63 Anos,green,rio,medium
Sérgio Alves,39,verde,SÃO PAULO,medium
Luís Simões,64,green,Rio,Basic
MARIA GOMES,45,green,Rio ,medium
Thiago Rocha,39,red,São Paulo,premium
Débora Silva,50,blue,São Paulo,premium
Júlia Machado,25-30,blue,sao paulo,premium
Cecília Barbosa,48,green,Curitiba,basic
Caio Cardoso,48,BLUE,RIO,medium
Maria Rodrigues,34,Verde,São Paulo,medium
Beatriz Rodrigues,57,red,Curitiba,basic
Natália Moreira,23,Verde,São Paulo,basic
Patrícia Rocha,21,red,Florianópolis,medium
Luís Magalhães, 59,blue ,Curitiba/PR,medium
Caio Melo,65,red,São Paulo, medium
Pedro Fonseca,26,RED,Sao Paulo/SP,medium
Beatriz Rocha,24,Red,Curitiba,basic
não informado,39,Verde,Curitiba,basic
Ana Souza,53,blue,Recife,medium
gustavo moreira,26anos,red,CURITIBA,basic 
Maria   Martins,48,rde,Curitiba,Básico
Mônica Nunes,64,green,Curitiba,basic
Júlia Alves,0,Verde,São Paulo,medium
Camila Cardoso,40,green,Rio,medium
Natália Cardoso,36,red,Curitiba,medium
Vanessa Rocha,38,green, Curitiba,basic
pedro cardoso,49,Green,Curitiba,basico
-,26,green,são paulo,Médio
Henrique Ribeiro,32,green,Curitiba,medium
Diego Brandão,"43,5",VERMELHO,Rio,medium
Gabriela Rodrigues,48,blue,Curitiba,medium
LUCAS CARVALHO,"59,0",blue,NaN,premium
Felipe Gomes,31.0,red,São Paulo,premium
patrícia freitas,26,blue,São Paulo,premium 
Cecília Oliveira,36,green,São Paulo,medium
Renata Souza,61,green,Rio,medium
Felipe Oliveira,20 Anos,blue,São Paulo,PREMIUM
Larissa Moreira,26,Red,Curitiba,basic
Sérgio Melo,48,red,Curitiba,basic
Gustavo Alves,200,green,Rio,basic
Camila Mendes,58,red,Curitiba,basic
ANTÔNIO LIMA,34,VERMELHO,Rio,medium
Tatiane Brandão   ,23,red,Curitiba,basic 
Tatiane Ferreira   ,45,Não informado,Curitiba,basic
João Freitas,65,green,Curitiba,basic
Gabriela Souza,27,blue,São Paulo,premium
João Souza,46,red,Curitiba,basic
Vanessa Rocha,19,red,São Paulo,medium
Fábio Costa,"62,5",Blue,São Paulo,premium
Eduardo Andrade,46,blue,Rio,medium
Juliana Andrade,46.7,Azul,não informado,basic
Camila Conceição,,red,São Paulo,PREMIUM
Caio Cardoso,50,green,Rio,basic
Ana Ferreira,NA,blue ,rio,medium
Thiago Nunes,44,blue,rio,premium
ÍGOR MELO,49,green,Curitiba,basic
Débora Oliveira,36,green,Curitiba,Básico
 Luíza  Santos ,46,blue,Curitiba,Médio
Erick Magalhães,51,green,Sao Paulo/SP,medium
Raíssa Carvalho,25,green,Curitiba,basic
--,57,red,Curitiba/PR,medium
mariana mendes,56,red,Curitiba,basic
Rafael Pereira,trinta e dois,verde,São Paulo,medium
 José  Lima ,36,red,Curitiba,medium
Aline Freitas,50,null,Curitiba,premium
Beatriz Pereira,53,blue,NULL,medium
Natália Marques,59,rde,Curitiba,basic
Mariana Araujo,3,black,Belo Horizonte,medium
Márcia Santos,null,red,Sem informação,medium
JOÃO RODRIGUES,37,green,São Paulo,medium
Larissa Dias,26,red,Rio,medium
Carlos Nascimento,57,red,Rio,medium
Beatriz Carvalho,47,blue ,Curitiba,BASIC
Gustavo Andrade,200,red,Rio,premium
  Patrícia Barbosa,54,red,desconhecido,medium
Desconhecido,53 ,red, São Paulo,medium
Caio Rocha,29, green,São Paulo - SP,médio
Julia Machado,56.0,Blue,Rio,medium
Beatriz Nascimento,47,green,São Paulo,MEDIUM
conceição mendes,52,?,Sem informação,medium
Isabela Brandão,"46,0",Green,Rio,basic 
Maria Martins,40,green,Rio,medium
Conceição Ribeiro,trinta e dois,BLUE,Rio,medium
 Débora  Melo ,21,Verde,curitiba,basic
Conceição Freitas   ,49,blue,Curitiba,basic
João Silva,"40,5",gren,Curitiba,medium
Juliana Galvão,50,AZUL,são paulo,premium
Patrícia Martins,64,Green,São Paulo,gold
Isabela Galvão,2S,green,Curitiba,basic
Renata Souza,32,red,Curitiba,gold
Thiago Nascimento,46,red,São Paulo,medium
MÁRCIA LIMA,24,blue,Curitiba,basic
Renata Alves,-1,blue,Curitiba,medium
Rafael Martins,61anos, red ,Rio,medium
Vinícius Araújo,23.0,green,São Paulo,medium
Vanessa Brandão,27,amarelo,RJ,médio
THIAGO MARQUES,50.0,GREEN,"Curitiba, PR",NA
Élida Andrade,33,red,Porto Alegre,medium
rafael souza,45,red,São Paulo,premium
Sem informação,56,blue,São Paulo,premium
JULIANA DIAS,60 anos,red,Não informado,null
Fábio Andrade,23,red,Curitiba,basic
Matheus Freitas,25, blue,Rio,medium
Tatiane Oliveira,35, blue,curitiba,medium
Luíza Melo,"42,0",vermelho,São Paulo,medium
Leonardo Costa,34,blue,Rio ,premium
Ígor Moreira,49, red ,São Paulo,medium
Aline Gomes,63,green,São Paulo,medium
Vinícius Barbosa,60,NULL,Rio,premium
João Machado,30, blue,São Paulo,vip
raíssa dias,27,blue,São Paulo,premium
Vinícius Dias,63,green,Curitiba,basic
Matheus Nunes,47,green,curitiba,basic
sérgio freitas,38,green,Curitiba,medium
Mônica Souza,46,Verde,Rio,medium
Luís Oliveira,54,blue,São Paulo,premium
GABRIELA MACHADO,52.7,green, Curitiba,básico
Raíssa Gomes,37,,Curitiba,medium
não informado,45,Azul,Rio,premium
Sérgio Silva,54.0,amarelo,Curitiba,medium
márcia mendes,N/A,green,Curitiba,basic
Marcelo Galvão,47,green,Rio,basic
Fernanda Ribeiro,--,red,São Paulo,premium
Caio Silva,37,red,CWB,medium
Erick Alves,3,verde,null,basic
Vanessa Martins,3O,blue,Rio,médio
Rodrigo Nunes,desconhecido,red,Curitiba/PR,medium
Henrique Dias,Não informado,blue,Curitiba,medium
Gabriela Fonseca,27,Desconhecido,São Paulo,Medium
Fernanda Assunção,58,green,Porto Alegre,medium
Letícia   Gomes,63,red,Rio,-
JÚLIA BRANDÃO, 49,blue,Rio,medium
GABRIELA SOUZA,64,Blue,Curitiba,medium
Isabela Oliveira,31, green,São Paulo,medium
 Mariana  Silva ,38,red,Curitiba,medium
Márcia Assunção,30,green,Sao Paulo,não informado
Vinícius Andrade,31,blue,sao paulo,premium
Thiago Galvão,50,red,Rio,medium
,30.0,blue,Rio,premium
Ana Assunção,38 Anos,blue,Rio,premium
Rafael Brandao,130,red,São Paulo,PREMIUM
Erick Conceição,21,red,Curitiba,basic
josé simões,42,blue,Rio,premium
Carlos Brandão,56,red,Curitiba,NULL
LUÍS FERREIRA,N/A,blue,Curitiba,basic
Raíssa Souza,20,blue,Rio de Janeiro - RJ,premium
  Lucas Fonseca,41,red,Rio,gold
Erick Brandão,26,green,São Paulo - SP,medium
José Nascimento,49,blue,Rio,medium
Vinícius Brandão,N/A,red,Curitiba,medium
Tatiane Silva,30.0,red,"Rio, RJ",medium
Gustavo Santos,"53,0",blue,São Paulo,premium
Vinícius   Nascimento,31,blue,Sao Paulo,premium
Débora Cardoso,999,red,sp,medium
não informado,21,blue,Rio,médio
Matheus Souza,30,red,São Paulo,premium
Ígor Pereira,2S,red,Curitiba,basic
Júlia Ribeiro,64,blue,"São Paulo, SP",Medium
Élida Carvalho,42,blue,Rio,premium
ANTÔNIO SIMÕES,43.0,red,São Paulo,premium
RODRIGO FREITAS,20,green,Rio,basic
Otávio Simões,59,blue,Rio,medium
Juliana Simões,55,blue,Curitiba,medium
rafael ribeiro,22anos,red,Rio,medium
Thiago Martins,58 ANOS,red,Curitiba,basic
Conceição Nunes,58,blue,rio,premium
Pedro Galvão,41,blue,São Paulo,Desconhecido
Leonardo Souza,62, red ,Rio,médio
Vanessa Galvão,3,green,curitiba pr,basic
Desconhecido,21anos,red,São Paulo,premium
Pedro Conceição,3O,,Curitiba,premium 
None,61,blue,Rio de Janeiro - RJ,medium
Bruna Silva,31,green,Curitiba,basic
Camila Nunes,19,green,Rio, medium
 Letícia  Silva ,56,blue,São Paulo,premium
Diego Nunes   ,63,red,rio de janeiro,MEDIUM
Patrícia Rodrigues,?,green,Curitiba,basic
Henrique Freitas,24,blue,Belo Horizonte,premium
Ana Freitas,55.7,amarelo,Salvador,premium
José Santos,130,red,Curitiba,medium
natália mendes,30, green,Curitiba,basic
Leonardo Simões,3O,blue,Curitiba,medium
Marcelo Machado,42,black,Rio,medium
Simão Gomes,23,red,Curitiba,basic
Cecília Alves,33,red,Rio,PREMIUM
José Ferreira,50anos,blue,São Paulo,Premium
Eduardo Fonseca,45,BLUE,Rio,premium
Ana Costa,20,green,São Paulo,medium
Marcelo Conceição,44,red,São Paulo - SP,premium
 Raíssa  Dias ,29,red,Rio,medium
Eduardo Cardoso,54.0,Azul,SÃO PAULO,premium
Mônica Rocha   ,46.0,blue,São Paulo,Médio
Diego Moreira,26 anos,green,Curitiba - PR,free
Pedro Oliveira,18,blue,São Paulo,premium
Pedro Oliveira,40.7,blue,São Paulo,premium
DÉBORA SOUZA,xx,green,Rio,medium
Mariana Nunes,65,red,São Paulo,medium
 Isabela  Simões ,62 anos,blue,Rio,medium
João   Galvão,38,blue,,medium
Isabela Dias,64,green,Rio,basic
Igor Melo,200,green,Curitiba,basic
Erick Machado,None,vermelho,São Paulo,premium
Thiago Conceição,35,VERDE ,Curitiba,medium
Gabriela Souza,31,red,Rio,medium
Caio Galvão,--,black,Curitiba,basic
Aline Marques,58.0,green,Curitiba/PR,basic
Ana Araújo,60,blue,São Paulo,premium
Vanessa Nunes,30,blue,n/a,premium
Débora Moreira,23,blue,Rio,gold
Larissa Cardoso,3O,blue,São Paulo,free
Beatriz Galvão,58,green,Curitiba,basic
Juliana Nunes,vinte e cinco,green,Rio,basic
Renata Conceição,53,red,Florianópolis,premium
Juliana Cardoso,23,blu,São Paulo,medium
?,idade,green,São Paulo,medium
Débora Araújo,vinte e cinco,blue,Curitiba,medium
Élida Nunes,57,red,curitiba,basic
luís magalhães,39,blue,São Paulo - SP,premium
Élida Machado,39,blue,Rio,premium
Leonardo Dias,999,red,Curitiba,basic
Pedro Carvalho,não informado,red,Rio, medium
Conceição Carvalho,18, green,Rio,basic
desconhecido,37,red,SÃO PAULO,premium
André Marques,18,blue,Curitiba,basic
Luís Nascimento,47,VERMELHO,São Paulo,medium
Larissa Ferreira,20,green,Rio,basic
Bruna Ferreira,34,green,Florianópolis,medium
Natália Andrade,50,green,RIO,médio
Thiago Simoes,61,blue,São Paulo,medium
Diego Machado,49,blue,Rio,medium
Eduardo Nunes,-1,green,Rio,medium
Matheus Martins, 58,blue,São Paulo,premium
Beatriz Oliveira,45,VERMELHO,São Paulo,premium
Rodrigo Andrade,Sem informação,red,São Paulo,premium
Pedro Araujo,56,green,Rio de Janeiro - RJ,medium
Julia Mendes,49 anos,green,Curitiba,basic
n/a,-1,blue,Curitiba,premium
Márcia Araújo,63,blue,Belo Horizonte,medium
MARCELO CARVALHO,30,Sem informação,RJ,premium 
Vanessa Souza,200,blue,São Paulo,premium 
Isabela Santos,55,green,NaN,medium
Caio Marques,23,green,São Paulo,MEDIUM
Isabela Mendes,26,red,São Paulo,medium
Débora Alves,23,green,rio,basic
Raíssa Marques,19,green,São Paulo,medium
Conceição Alves,47,blue,Rio,medium
Aline Carvalho,44,AZUL,Curitiba,premium
débora alves,31.7,green,Sem informação,basic
Erick Nunes,  40  ,red,Curitiba,medium
Eduardo Conceição,65.0,blue,"Rio, RJ",medium
Renata Conceição,45,blue,São Paulo,premium
Aline Fonseca, 43,red,"Curitiba, PR",basic
JÚLIA SANTOS,36,red,curitiba pr,medium
Ana Brandão,43,blue,sp,premium 
OTÁVIO NASCIMENTO,3O,red,Rio,medium
Vanessa Ribeiro,39,green,NA,medium
Vinícius Lima,33,red,Curitiba,medium
José Oliveira,18,--,Rio de Janeiro,basic
Eduardo Silva,55,green,Rio,basic
Cecília Dias,37,blue ,São Paulo,premium
 Simão  Machado ,49,green,Curitiba,BASIC
Carlos Simões,30,red,São Paulo,premium
Tatiane Araújo,34,roxo,Curitiba,basic
Fernanda Dias,21,green, São Paulo, medium
Camila Cardoso,63,red,Rio,medium
Felipe Fonseca,53,red,Rio,medium
Thiago Fonseca,40,blue,Curitiba,premium
Aline Fonseca,N/A,blue,São Paulo,premium
MARCELO CARVALHO,28,green, Curitiba,basic
  Lucas Magalhães,57,amarelo,Rio,medium
Luís Rodrigues,"19,0",red,São Paulo,premium
Camila Costa,48,blue,Curitiba,medium
Gabriela Martins,41,red,Rio,medium
Henrique Ferreira,27.0,Verde,Curitiba,basic
Maria Assunção,20,blue,Rio,premium
Sérgio Gomes,64,blue,Rio,medium
Beatriz Oliveira,"18,5",blue,CURITIBA,medium
caio mendes,38,blue,curitiba pr,premium
Rodrigo Barbosa,64,azul,Curitiba,medium
Vanessa Oliveira,3,blue,Curitiba,medium
Cecília Mendes,55,blue,Curitiba,medium
Letícia Barbosa,31,blue,Florianópolis,medium
Rafael Nascimento,48,GREEN,Curitiba,basic
  André Souza,20,green,Rio,basic
FERNANDA FREITAS,65,blue,São Paulo,medium
CECÍLIA SILVA,idade,Green,Curitiba,basic
Carlos Pereira,18,blue,são paulo,premium
patrícia ferreira,26,blue,Rio, premium
FÁBIO ASSUNÇÃO,idade,blue,Rio de Janeiro,medium
ana freitas,25,red,São Paulo,medium
Simao Melo,21,red,Rio,medium
,trinta e dois,green,rio de janeiro,medium
Leonardo   Mendes,41,blue,São Paulo,premium
Bruna Andrade,54,green,CWB,basic
fernanda mendes,55,vermelho,Curitiba,basic
Gustavo Silva,26 ,Green,Belo Horizonte,basic
João Araújo,49.0,red,Curitiba,medium
Henrique Dias,62,red,Rio,basic
Vanessa Pereira,41,green,sao paulo,medium
Thiago Mendes,23,green,Rio,básico
Raíssa Melo,35,None, Curitiba,medium
Fábio Melo   ,47,blue,São Paulo,premium
Débora Marques,44,blue ,São Paulo,vip
 Beatriz  Oliveira ,28,red,Curitiba,medium
Larissa Cardoso,NA,green,São Paulo,
Élida Brandão   ,63.0,red,Rio de Janeiro,medium
Sérgio Brandão,23,None,Rio,medium
Mariana Martins,50,green,Rio,basic
Vinícius Marques,39,Red,Curitiba,medium
--,33 ,blue,Curitiba/PR,standard
Carlos Nascimento,30.0,green,Rio,MEDIUM
Marcelo Magalhães,54,green,Manaus,basic
Lucas Araújo,25,Vermelho,São Paulo,premium
Henrique Alves,52,red,Rio,medium
Mônica Ribeiro,25,blue,N/A,--
luíza moreira,7,None,Sao Paulo/SP,premium
Beatriz Galvão,28,green,Curitiba,basic
André Barbosa,29,green,Rio,medium
RAFAEL MACHADO,40anos,AZUL,Rio,medium
Fábio Costa,46,blue, São Paulo,premium
Isabela Andrade,58,red,"Curitiba, PR",basic
Beatriz Araújo,idade,green,Curitiba,basic
Eduardo Simões,46,red, São Paulo,medium
José Carvalho,65,green,Porto Alegre,basic
José Dias,18 ANOS,RED,Rio de Janeiro,medium
Patrícia Carvalho,55,red,Rio,medium
Maria Mendes,29,Blue,rio de janeiro,medium
Lucas Barbosa,47,red,Rio,medium
Bruna   Lima,23,red,Curitiba,basic
Eduardo Costa,32,Azul,Curitiba,?
Carlos Lima,24,,Curitiba,basic
Ana   Brandão,40,red,Curitiba,medium
Maria Costa,30,green,Curitiba,basic
Mônica Fonseca,28,red,sp, premium
Gabriela Rodrigues,idade,Green,curitiba pr,free
Marcelo Nunes,38,blue,Curitiba,medium
Thiago Mendes,38,red,--,medium
Felipe Costa,18,blue,São Paulo,premium
Vinícius Ribeiro,43,red,São Paulo - SP,platinum
Ana Costa,47,RED,Rio,medio
Elida Marques,39, red ,Curitiba,medium
Erick Nascimento,130,green,Curitiba,basic
Júlia Ribeiro,53,blue,São Paulo,premium
Henrique Pereira,57 ANOS,Verde,sao paulo,BASIC
Pedro Brandão,21,VERDE ,São Paulo,premium
Camila Melo,N/A,blue,Rio,medium
Beatriz Dias,39,Red,rio de janeiro/rj,medium
Erick Silva,47.0,red,São Paulo,medium
N/A,idade,red,Rio ,medium
Luís Machado,29,red,Não informado,premium
élida galvão,18 ,red,Curitiba,basic
Gabriela Pereira,56,blue,Rio,premium
Erick Nunes,63,red,Curitiba,basic
Fábio Araújo,37,red,Rio,medium
Natália Rocha,26.0,red,Rio,basic
Conceicao Marques,55,red,Curitiba,basic
Renata Moreira,59,blue,sao paulo,premium
Mariana Rocha,31,Verde,Curitiba,basic
Bruna Marques,57 ,green,CWB,basic
OTÁVIO MARTINS,40,blue,Rio,premium
Natalia Conceicao,49,vermelho,São Paulo, medium
Vinícius Brandão,3,red,Curitiba,medium
Leonardo Freitas,53,green, São Paulo,medium
SIMÃO BRANDÃO,53 Anos,N/A,SP, medium
Beatriz Santos,46.0,green,Rio,basic
Márcia Galvão,47,red,São Paulo,platinum
Antônio Andrade,Não informado,red,"Rio, RJ",Sem informação
Thiago Carvalho,22 ,red,São Paulo,medium
Juliana Oliveira,60,red,Curitiba,basic
Joao Brandao,63,green,Rio,medium
Andre Nascimento,"29,0",red,Rio,medium
Letícia Santos,52 ,green,"Curitiba, PR",basic
Marcelo Andrade,46.7,green,São Paulo,premium
mariana mendes,56,red,Curitiba,basic
Élida Nunes,62,red,SÃO PAULO,medium
Fábio Rocha,--,RED,São Paulo,MEDIUM
Patrícia Souza,59,green,Curitiba,basic 
  Eduardo Rocha,58,blue,São Paulo,medium
Otávio Ferreira,41, red ,Curitiba,medium
Sem informação,52,blue,Curitiba,basic
Fábio Pereira,31, blue,Rio,medium
Renata Melo,59,red,Rio de Janeiro,medium
Rafael Rocha,64,red,Rio,medium
Carlos Silva,26,red,sp,medium
OTÁVIO MACHADO,38,blue,São Paulo,premium
Ana Oliveira,56,blue,São Paulo,premium
Diego Marques,65,red,Curitiba/PR,basic
João Cardoso,32,green,Rio,medium
Caio Rodrigues,trinta,red,São Paulo,médio
Bruna Machado,18,blue,Curitiba,basic
Pedro Nunes,29,red,Rio,n/a
Fernanda Alves,trinta,blue,São Paulo,PREMIUM
Maria Galvão,NULL,,São Paulo,basic
élida ribeiro,23,red,São Paulo,--
Elida Martins,35,green,São Paulo,medio
Vanessa Melo,"28,5",red,Rio,medium
Aline Silva,61,blue,São Paulo,premium
tatiane araújo,27,blue,São Paulo,premium
André Simões,60,blue,Sao Paulo,Premium
Letícia Gomes,31,vermelho,sao paulo,premium
Luís Assunção,22,red,,medium
,,,,
Erick Rocha,33,Blue,Curitiba,Medium
Sérgio Nunes,19,red,Rio,basic
 Lucas  Moreira ,21,Vermelho,Rio,medium
Júlia Nascimento,55,blue,curitiba,medium
Otávio Santos,46,red,Curitiba,NA
Eduardo Gomes,32,green,Rio,medium
bruna pereira,None,desconhecido,rio de janeiro/rj,Medium
Caio Araújo,62,blue,Curitiba,medium
Mariana Machado,31,N/A, São Paulo,premium
Erick Souza,32,blue,São Paulo,premium
Maria Silva,N/A,red,desconhecido,medium
Rafael Conceicao,35,BLUE,Sao Paulo/SP,Premium
Ana Machado,54,green,Curitiba,Básico
Renata Nascimento,22,red,são paulo,medium
josé magalhães,27,blue ,curitiba pr,medium
Matheus   Fonseca,52,blue,Rio,PREMIUM
ANTÔNIO ANDRADE,40,blue,São Paulo,premium
Natalia Conceicao,64 ANOS,GREEN,Curitiba,basic
Márcia Andrade,37,green,São Paulo,medium
Gustavo Freitas, 31,blue,N/A,premium
Letícia Marques,--,blue,Rio,medium
desconhecido,36,Green,Curitiba,basic
Carlos Costa,65anos,-,Curitiba,basic 
Márcia Andrade,48,blue,São Paulo - SP,medium
Felipe Carvalho,25-30,desconhecido,Curitiba,basic
Gabriela Melo,150,Green,Recife,basic
JULIANA BRANDÃO,53,blue,Curitiba,basic
Tatiane Gomes,59,red,Curitiba,basic
Larissa   Fonseca,51,red,Curitiba - PR,basic
Luíza Marques,32,red,Brasília,Premium
,36,blue,Rio,premium
Juliana Nascimento,200,green,Curitiba,Basic
Matheus Ferreira,25,green,?,basic
Fabio Barbosa,44,yellow,Rio,platinum
Cecília Moreira,47,Verde,Rio,basic
Élida Rodrigues,19,green,São Paulo,basic
NA,55,blue,sao paulo,premium
Fábio Souza,18,green,Curitiba,basic
Diego Marques,48,Blue,Salvador,medium
Gabriela Ribeiro,65,red,São Paulo,medium
João Fonseca,  59  ,Verde,Curitiba,basic
Júlia Magalhães,60,green,Curitiba,basic
--,45,green,Curitiba,basic
Pedro Machado,22,blue,SP,Medium
Renata Brandão,60,blue,Rio, medium
  Luís Magalhães,54,blue,rio,premium
  Vanessa Santos,24,green,Curitiba,basic
Conceição Cardoso,60,preto,Recife,medium
Carlos Assunção,31,green,Rio,basic
Caio Rocha,58,red,São Paulo,medium
desconhecido,47,red,Curitiba,basic
Simão Ribeiro,43,red,São Paulo,PREMIUM
Eduardo Pereira,62,green,Curitiba,basic
Rafael Santos   ,NULL,Vermelho,São Paulo,premium
ALINE ARAÚJO,18,blue,"Rio, RJ",medium
Camila Lima,53,blue,Curitiba,medium
Vinícius Gomes,28anos,green,Curitiba,standard
NA,21,?,São Paulo,medium
Bruna Marques,25-30,blue,Rio,medium
Leonardo Costa,"21,5",blue,Rio,medium
Luís Brandão,64,red,São Paulo,medium
Diego Moreira,32,azul,Curitiba,medium
Rafael Moreira, 55,green,Rio,basic
Henrique Fonseca,27,red,curitiba,medium
Felipe Pereira,57anos,red,São Paulo,medium
patrícia dias,2S,blue,Curitiba,basic 
Luís Nunes,45, green,São Paulo,medium
  Erick Souza,37,green,Curitiba,basic
Fernanda Galvao,54,blue,"São Paulo, SP",gold
Thiago Oliveira,22,red,Curitiba,basic
Bruna Costa,54,green,curitiba,basic
Luíza Freitas,47,NA,Curitiba,basic
Tatiane Brandao,63,red,São Paulo,medium
Fábio Alves,30,blue,Curitiba,premium
Diego Brandão,58,green,Rio,basic
Mônica Melo,51,green,SÃO PAULO,medium
Luíza Ribeiro,27,red,sao paulo,premium
Ana Fonseca,28,red,RIO,medium
fábio dias,42,blue,Belo Horizonte,premium
Carlos Moreira,  46  ,rde,São Paulo,medium
Raíssa Alves,26,green,--,medium
Débora Rocha, 25,blue,Rio,premium
José Costa,58,red, São Paulo,medium
Ana Pereira,  41  ,blue,São Paulo,premium
Otávio Andrade,40,green,Manaus,medium
Isabela Nunes,38,BLUE,Rio,gold
Tatiane Carvalho,62,VERDE ,Rio,basic
Rodrigo Araújo,50,purple,Brasília,premium
desconhecido,42, red ,RJ,medium
Rodrigo Carvalho,60,blue,rio de janeiro,premium
Vanessa Rodrigues, 37,green,"Rio, RJ",basic
Thiago Souza   ,63,red,Curitiba,basic
Mariana Assunção,  54  ,green,rio de janeiro,basic
Otávio Araújo,23,Verde,Curitiba,basic
Henrique Santos,52.5,red,São Paulo,medium
Fernanda Conceição,59,VERDE ,Sao Paulo/SP,medium
Raíssa Rocha,56,blue,São Paulo,premium 
  Natália Andrade,48,green,Rio,medium
Ana Machado,  55  ,green,Curitiba,basic
LETÍCIA FONSECA,52,green,Curitiba,basic
FELIPE GALVÃO,42,green,CURITIBA,basic
André Galvão,20,blue,Curitiba - PR,medium
Ígor Araújo,18,Vermelho,Rio,medium
Eduardo Santos, 55,VERMELHO,Rio,Medium
Mônica Carvalho,None,Green,São Paulo,premium
Gabriela Pereira,58,green,sp,médio
Gabriela Gomes,24,green,São Paulo,medium
Luís Galvão,64,blue,São Paulo,premium
LETÍCIA BARBOSA,39,blue,São Paulo,premium
joão rocha,54,green,Curitiba,básico
Pedro Assunção,xx,RED,Rio,medium
Marcelo Silva,61,red,Rio,medio
Diego Carvalho,55,green,Salvador,free
Thiago Fonseca,57,green,Curitiba,basic
Rafael Marques,53,blue,Curitiba,medium
VANESSA SIMÕES,26 Anos,blue,Curitiba - PR,medium
Fábio Santos,51,Vermelho,CURITIBA,
Isabela Andrade,22,black,São Paulo,medium
Luíza Rodrigues,26,blue,SP,premium
Matheus Costa,25-30,vermelho,Rio,basic
Fábio Martins,61,blue,Curitiba,medium
Larissa Nunes,40,blue,Rio ,premium
  Pedro Assunção,desconhecido,red,Rio,basic
bruna barbosa,39,vermelho,Rio,medium
andré ribeiro,22,blue,São Paulo,premium
João Simões   ,33,green,Rio,MEDIUM
renata conceição,30anos,blue,Curitiba,MEDIUM
Vanessa Ribeiro,59,red,Rio,basic
Ana Mendes,35,blue,São Paulo,premium 
Débora Ribeiro,48,blue,Rio,medium
CARLOS OLIVEIRA,27,Red,Rio,medium
Luís Lima,29,red,São Paulo,medium
Henrique Brandão,31,green, São Paulo,premium
Letícia Carvalho,29,Red,Rio,premium
Élida Oliveira,23,green,São Paulo,medium
Luís Souza,31,blue,Rio,premium
Mariana Moreira,200,yellow,Rio,basic 
Pedro Brandão,54,red,--,medium
Thiago Lima,46 ANOS,red,Rio,medium
Vanessa   Mendes,29,red,Curitiba,medium
Rafael Conceição,57,green,Curitiba,basic
Otávio Martins,61,green,Curitiba,basic
Rafael Oliveira,47,blue,Rio,medium
Luíza Martins,38,blue,Curitiba,gold
  João Silva,65,blue,Rio,medium
Conceição Pereira,57,Verde,Rio,platinum
Márcia Simões,18,blue,Rio,medium
Cecilia Lima,60,green,Curitiba,basic
Bruna Silva,58,green,Rio,basic
Eduardo Conceição,34,blue,Curitiba,premium 
Mariana Silva,28,red,são paulo,premium
Patrícia Alves,55,red,São Paulo,medium
Felipe Machado,34,blue,Rio,
Simão Rocha,20,blue,Florianópolis,Medium
Luíza Gomes,trinta e dois,blue,São Paulo,premium
Luíza Mendes,26,blue,Não informado,-
Diego Silva,20,red,São Paulo,medium
Ana Costa,41,Blue,Rio,premium
Marcelo Souza,63,blue,Curitiba,medium
Carlos Rodrigues,64 anos,blue,Sao Paulo/SP,premium
Beatriz Mendes,34,Azul,Curitiba,medium
Thiago Ferreira, 64,Green,SP,medium
Luís Cardoso,60,green,"São Paulo, SP",médio
Carlos Souza,62,blue,Curitiba,medium
Juliana Rodrigues,30, blue,Curitiba,médio
gustavo carvalho,24,blue,Curitiba,Médio
BRUNA ANDRADE,--,blue,Curitiba,medium
ÍGOR DIAS,49,azul,"Rio, RJ",premium
Cecília Moreira,41.7,red,São Paulo,premium
Natália Fonseca,55,red,Rio de Janeiro - RJ,basic
pedro barbosa,48,blue,Rio,medium
André Machado,57,verde,São Paulo,medium
Renata Mendes,33,blue,Rio,premium
Larissa Moreira,65, green,Curitiba,basic
Ana Lima,18,NULL,São Paulo,medium
Marcelo Lima,53,null,São Paulo,premium
?,42,VERDE ,São Paulo,medium
Erick Santos,53,red,Rio,basic
NaN,63,blue,Rio,medium
DIEGO FREITAS,51,green,Curitiba,basic
André Barbosa,62,green,São Paulo,medium
Renata Araújo,39.7,blue,Rio,premium
MÁRCIA ARAÚJO,31,,São Paulo,medium
Conceicao Araujo,35,BLUE,Curitiba,medium
Simão Araújo,33,red,Rio,medium
Fábio Gomes,54,green,rio de janeiro/rj,medium
joão lima,50 Anos,red,Rio,medium
Raíssa Conceição,48,blue,São Paulo,premium
João Rocha,27,blue,Curitiba,basic
André Martins,27,NaN,São Paulo,NULL
Letícia Ferreira,23 anos,blue,Rio,premium
Isabela Costa,29,green,Desconhecido,medium
Fábio Andrade,"62,0",red,sp,medium
Debora Souza,31 ,red,São Paulo,medium
Mônica Ribeiro,62,green,São Paulo,medium
Cecília Carvalho,62,blue,Rio,medium
Maria Marques,23,green,Curitiba,basic
Fernanda Santos,47,green,Rio,basic
DIEGO SOUZA,53,blue,São Paulo,medium
Simão Brandão,999,green,Curitiba,medium
Fernanda Simões,61,blu,Rio,premium
Sérgio Brandão,?,green,Curitiba,basic
Fábio Fonseca,43,red,Rio,medium
VINÍCIUS BRANDÃO,64,red,São Paulo,medium
Luís Gomes,2S,blue,Desconhecido,medium
Diego Souza,41,green,Rio,medium
  Mariana Nunes,não informado,BLUE,São Paulo,medium
Cecília Nunes,trinta,green,Rio de Janeiro,medium
Otávio Conceição,46,green,Rio,basic
Letícia Carvalho,27,red,Curitiba,básico
Débora Santos,20 ANOS,blue,Rio,premium
André Barbosa, 20,green,São Paulo,MEDIUM
Luís Assunção,27,blue,--,medium
Beatriz Moreira,25,green,None,basic
João Ribeiro,61.0,NA,SP,premium
Juliana Machado,21,red,São Paulo,médio
Simão Silva,41,blue ,São Paulo,Premium
Júlia Souza,29,green,Rio,medium
Vanessa Magalhaes,32,BLUE,Curitiba,medium
MÔNICA ASSUNÇÃO,desconhecido,-,Rio,basic
Diego Brandão,35,VERDE ,Curitiba,medium
João Costa,42,Azul,São Paulo,PREMIUM
Eduardo Lima,63,purple,Curitiba,medium
Vanessa Magalhães,30,blue,Curitiba,premium
Natália Gomes,59,blue,Rio,-
  Henrique Nunes,54anos,NA,Curitiba,medium
Carlos Nascimento,43,red,Rio,premium
Matheus Ferreira,59,GREEN,Rio,medium
Luíza Souza,39,red,Curitiba,n/a
Aline Nunes,48,green,Curitiba,basic
Élida Machado,45,red,Rio,medium
Fernanda Rodrigues,25,red, São Paulo,medium
Aline Cardoso,48,blue,SP,medium
Henrique Oliveira,2S,Vermelho,São Paulo,medium
Beatriz Pereira,53,AZUL,Curitiba,medium
Eduardo Pereira,52,blue,Curitiba/PR,basic
Sérgio Nunes,51,red,Sem informação,medium
NATÁLIA SANTOS,20,red,Rio,medium
Fernanda Fonseca,49,blue,Rio,medium
Bruna Martins,37,blue,São Paulo,premium
Simão Nascimento,30,blue ,São Paulo,premium
Júlia Mendes,21,None,São Paulo,premium
Vinícius Oliveira,58 Anos,Green,RIO,basic
Patrícia Magalhães,52.0,blue,São Paulo,premium
Erick Silva,61,red,Rio,medium
Letícia Moreira,30,Vermelho,-,vip
Sem informação,52,green,Curitiba,Basic
Caio Martins   ,43,blue,São Paulo,premium
Cecília Cardoso,41,GREEN,Sao Paulo/SP,gold
Tatiane Moreira,--,red,Rio,Sem informação
luís costa,60,blue,Rio,platinum
Júlia Melo,49,N/A,Rio,basic
Tatiane Dias   ,,red,Rio,médio
Lucas Lima,46,red,SÃO PAULO,premium
Camila Machado,37, blue,São Paulo,premium
Thiago Conceicao,18anos,BLUE,Curitiba,medium
LUCAS FERREIRA,21,VERMELHO,Rio,medium
TATIANE MENDES,62,blue,São Paulo,premium
Ígor Lima,33.0,green,Curitiba,basic
Mariana Rodrigues,59,red,Sao Paulo/SP,médio
Leonardo Melo,Desconhecido,green,Rio,medium
João Rocha,18,GREEN,São Paulo,basic
Larissa Carvalho,51,blue,Rio ,premium
Ígor Rocha,18,red,"São Paulo, SP",PREMIUM
Tatiane Santos,32,VERDE ,São Paulo,medium
  Élida Andrade,48,red,RJ,medium
Eduardo Assunção,33,Red,São Paulo,PREMIUM
Leonardo Dias,48,red,curitiba pr,medium
Julia Galvao,59,red,São Paulo,Medium
Gustavo Cardoso,50,green,Rio,Básico
Fernanda Simões,N/A,blue,Rio,premium
Pedro Gomes,65,blue,Sao Paulo,medium
Renata Araujo,31 anos,Desconhecido,Curitiba,platinum
Rodrigo Rocha,42,green,São Paulo,medium
Gabriela Oliveira,"41,0",red,São Paulo,premium
LUÍS OLIVEIRA,40,azul,Curitiba,premium
Maria Nascimento,54,red,Curitiba,--
isabela moreira,"47,0",roxo,Rio,Medium
José Assunção,36,blue,null,medium
Ana Lima,19,red,São Paulo - SP,medium
Mônica Ferreira   ,56,Red,Rio,medium
Bruna Rodrigues,22.7,blue,SÃO PAULO,desconhecido
André Rodrigues,23,blue,não informado,medium
Fernanda Magalhães,22,black,null,basic
  Erick Alves,55,blue,Curitiba,medium
Fabio Conceicao,37 Anos,red,Rio,Premium
Conceição Moreira,26,green,Rio,basic
-,36,blue,Rio,premium
tatiane gomes,44.0,AZUL,"São Paulo, SP",premium
PATRÍCIA SANTOS,34,blue,São Paulo,premium
Mariana Araújo,55,green,Rio,basic
Caio Silva,22.0,VERMELHO,Curitiba,medium
joão brandão,50,Green,São Paulo,Médio
,3O,green,São Paulo,MEDIUM
Rodrigo Machado,"25,0",green,Desconhecido,basico
Matheus Nascimento,61,green,Rio,basic
 Caio  Martins ,58,red,Sao Paulo,premium
Bruna Alves,48, green,Curitiba,basic
luíza alves,55,Green,São Paulo,medium
Beatriz Mendes,25,n/a,São Paulo,medium
Patrícia Ferreira,50,red,São Paulo,MEDIUM
Fernanda Simoes,58,red,RJ,basic
juliana conceição,60,blue,Rio,medium
Camila Freitas,19,red,São Paulo,medium
Simão Galvão,59,yellow,Rio,medium
Ígor Ferreira,47,red,Rio,medium
José Mendes,39,blue,Rio,premium
tatiane assunção,61,blu,Curitiba,basic
rodrigo galvão,44,blue,São Paulo,premium
Otávio Nascimento,30,red,São Paulo,premium
Eduardo Fonseca,26,green,São Paulo,basic
Fábio Oliveira,23.5,green,Curitiba,basic
élida moreira,56,green,São Paulo,medium
Renata Silva,50,green,Rio,BASIC
Fernanda Mendes,61,red,Rio,Medium
Matheus Ferreira,58,blue,Rio,medium
renata mendes,43,green,Rio,medium
Luis Melo,56,blue,Curitiba,medium
eduardo barbosa,59,green,são paulo,medium
Lucas Brandão,36,blue,CURITIBA,medium
marcelo simões,NA, red ,Rio,Médio
Simao Marques,57,red,Rio de Janeiro,basic
  Márcia Melo,60,green,Rio,basic
JOSÉ MARQUES,2S,green,São Paulo,medium
VINÍCIUS OLIVEIRA,21,red,Rio,medium
null,25,red,Rio,medium
camila moreira,48,blue,São Paulo,premium
Aline Magalhães,  62  ,blue,São Paulo,premium
Otávio Freitas,24,BLUE,Rio,MEDIUM
Fábio Machado,58,NaN,Curitiba,basic
Bruna Moreira,47,blue,Sao Paulo,medium
NA,31,blue,N/A,PREMIUM
Caio Conceição,"32,5",green,Rio,médio
Carlos Oliveira,37,blue,Rio de Janeiro - RJ,-
Gustavo Araújo,60,green,São Paulo,basic
Matheus Gomes, 54,green,Brasília,basic
Marcelo Conceição,-1,vermelho,Curitiba,basic
Ana Rocha,26,Blue, São Paulo,premium
Patrícia Andrade,Desconhecido,red,Curitiba,basic
Leonardo Ribeiro,60, green,Curitiba - PR,basic
Felipe Rocha,60,red,Rio ,basic
ígor cardoso,46,green,São Paulo,medium
--,26,AZUL,Rio,medium
Luís Nunes,18,blue,São Paulo,premium
Marcelo Silva,18,red,Rio, medium
Marcelo Gomes,46,blue,Rio, medium
Eduardo Rodrigues,51,green,São Paulo,medium
Beatriz Machado,46,BLUE,Curitiba,basic
Isabela Freitas,29,blue,São Paulo,premium
Isabela Lima,35,red,Curitiba,basic
THIAGO SIMÕES,43,blue,curitiba pr,medium
Felipe Conceição,45 ANOS,azul,São Paulo,premium
Rodrigo Alves,44,red,São Paulo,premium
José Assunção,57,green,Curitiba,basic
Bruna Cardoso,57.0,green,Curitiba,Basic
Diego Mendes,58,blue,Rio,medium
Rodrigo Cardoso,-1,red,,premium
Raíssa Freitas,-1,green,São Paulo,medium
Monica Santos,40,blue,Florianópolis,medio
Bruna Galvão,50,blue,são paulo,medium
Leonardo Ribeiro,44,red,Curitiba,medium
André Simões,31,red,RIO, medium
Simão Silva,trinta e dois,green,São Paulo,medium
Erick Lima,"44,0",green,Rio,medium
Fabio Souza,29,red,Curitiba,basic
Natália Dias,29,red,Rio de Janeiro,medium
Juliana Moreira,24.7,green,Curitiba,null
 Pedro  Moreira ,47,green,Curitiba,basic
Fernanda Pereira,n/a,green,Sem informação,medium
Carlos Gomes,33 ANOS,blue,Curitiba,medium
Otávio Machado,59,red,São Paulo,medium
João Galvão,?,Blue,rio,premium
Natália Melo,"43,0",Blue,Rio,medium
Rodrigo Rocha,25,blue,Rio,medium
Simão Carvalho,48,green,São Paulo,medium
Élida Mendes,27,,Curitiba,medium
Isabela Galvao,19 Anos,blue,curitiba,basic
Gabriela Cardoso,28,green,Curitiba, medium
Natália Carvalho,42,green,São Paulo,medium
Juliana Dias,"44,0",blue,são paulo,premium
Antônio Costa,58,red,"São Paulo, SP",medium
Cecilia Freitas,30,BLUE,Rio,Premium
leonardo rodrigues,31,VERDE ,Curitiba,BASIC
Mônica Barbosa,54 anos,red,Curitiba,basic
Débora Ribeiro,41,blue ,NaN,premium
Matheus   Conceição,20,VERMELHO,São Paulo,medio
None,19,green,Porto Alegre,basic 
Isabela Fonseca,49,blue,São Paulo,vip
Vanessa Galvao,33,azul,Rio,premium
João Simões,31,?,Rio,premium
Gabriela Santos,22,blue,São Paulo,premium
  Matheus Magalhães,35,green,Rio,premium
Natália Gomes,Sem informação,red,São Paulo,medium
Fábio Gomes,35,verde,CURITIBA,medium
MARCELO MACHADO,24,red,Rio,NaN
Felipe Carvalho,65,red,Rio ,medium
Erick Rocha,NULL,red,Rio,basic
natália araújo,45,blue,Rio,premium
Fernanda Alves,36,red,São Paulo,premium
Gabriela Souza,45,red,Rio,medium
Rodrigo Mendes,28,green,sp,premium
Ígor Martins,26,red,Rio,medium
  Lucas Dias,44,red,Rio,Desconhecido
Otávio Simões,44, red ,curitiba pr,premium
Marcelo Rocha,64,red,Rio,Médio
Conceição Lima,65,blue,Curitiba - PR,medium
Letícia   Melo,32,blue,Rio,premium
Erick Ribeiro,"57,5",red,Rio,medium
Sérgio Rodrigues,52.0,Green,São Paulo,medium
Diego Martins,3O,red,Curitiba,basic
Simão Fonseca,60,red,São Paulo,gold
Larissa Nascimento,18,blue,Rio,MEDIUM
Felipe Assunção,58,green,Rio de Janeiro,BASIC
Sérgio Brandão,22,green,São Paulo,medium
PATRÍCIA FONSECA,"45,0",red,Curitiba,basic
maria andrade,63,GREEN,rio,basic
Fábio Araújo,43,green,Rio,basic
Gustavo Ribeiro,45,green,Rio,medium
Isabela Santos,44 ANOS,blue,curitiba pr,medium
andré ferreira,39,red,NULL,BASIC
Ígor Gomes,39,red,Rio, medium
,,,,
NA,22,blue,"Curitiba, PR",Medium
Gabriela Conceição,61 anos,blue,Rio,medium
Larissa   Ribeiro,35,Sem informação,Belo Horizonte,premium
Larissa Nunes,40,blue,Rio ,premium
Otávio Martins,2S,BLUE,São Paulo,premium
Gabriela Nascimento,38.0,não informado,Curitiba - PR,basico
Isabela Barbosa,51,verde,São Paulo,medium
Natália Brandão,55,red,Desconhecido,platinum
 Felipe  Brandão ,xx,green,São Paulo,medium
Maria Galvão,36,blue,Curitiba,premium
José Conceição,60,blue,Florianópolis,medium
Leonardo Marques,21,blue,CURITIBA,platinum
André Ribeiro,49,green, Curitiba,basic
Henrique Costa,22,blue,Salvador,medium
Monica Lima,25,blue,Curitiba,medium
João Martins,36,purple,Rio,premium
Rafael Lima,61.0, blue,Rio,medium
Ana Conceição,43,red,Curitiba,medium
  Aline Cardoso,-25,red,Rio,basic
SÉRGIO MACHADO,54,green,São Paulo,medium
José Assunção,34,green,São Paulo, medium
Gustavo Santos,37 ANOS,blue,"Rio, RJ",medium
Tatiane Fonseca,42,Sem informação,Porto Alegre,medio
Lucas Barbosa,28,red,Salvador,medium
Ana Rodrigues,34,green,Curitiba,basic
Luíza Gomes,Desconhecido,blue,Florianópolis,medium
Marcelo Conceição,41 ANOS,blue,Rio,medium
Leonardo Costa,27,blue,Curitiba,medium
Sérgio Nunes,não informado,red,São Paulo,premium
Maria Simoes,55,red,Curitiba,standard
Isabela Dias,24,NA,Rio,basic
Juliana Melo,33,green,São Paulo,medium
Camila Brandão,33,red,Curitiba,medium
GABRIELA SOUZA,47,red,São Paulo,premium
josé marques,43,purple,Recife,premium
Júlia Costa,24,AZUL,curitiba pr,medium
RENATA SOUZA,37,green,Curitiba,basic
Fernanda Brandão,53,VERDE ,SÃO PAULO,basic
Tatiane Fonseca,33.0,blue,São Paulo,premium
Antônio Carvalho,38,red,Rio, premium
Marcelo Carvalho,35,red,Curitiba,Básico
Não informado,27,red,Brasília,medium
Júlia Melo   ,34,blue,São Paulo,premium
José Souza,55.0,blu,São Paulo,premium
José Rodrigues,22,green,Curitiba,basic
João Simões,62,blue,curitiba,basic
Luíza Ribeiro,46,green,São Paulo,medium
 Renata  Dias ,50,azul,Rio,premium
André Freitas,trinta e dois,AZUL,Curitiba,medium
Mariana Nascimento,40,green,Rio,MEDIUM
Carlos Nascimento,40,Green,Curitiba,basic
Juliana Freitas,31,blue,Rio de Janeiro,premium
João Dias,34,blue,São Paulo,premium
Raíssa Galvão   ,33 anos,green,Rio,medium
null,64,Vermelho,SÃO PAULO,medium
Vanessa Rodrigues,130,red,curitiba pr,medium
Matheus Martins,53,,Sao Paulo,premium
Larissa Barbosa,22,red,,basic
BRUNA ANDRADE,33,green,Curitiba,medium
Matheus Lima,47,green,São Paulo,basic
Caio Melo,22.0,red,Curitiba,medium
Márcia Cardoso,52anos,green,Rio,basic
Luíza Nascimento,40,green,Curitiba,basic
Camila Andrade,"27,0",blue,Rio,medium
Tatiane Nunes,34,Azul,curitiba,medium
Mariana Silva,51 Anos,red,Curitiba,basic
Maria Rocha,26,Sem informação,Rio,Premium
Luís Costa,33,red,São Paulo,premium
 Caio  Machado ,19,Blue,curitiba pr,medium
Lucas Simões,41,blue ,Curitiba/PR,medium
natália araújo,49 Anos,vermelho,Rio,médio
VANESSA MENDES,29,blu,Curitiba,basic
NA,38,verde,São Paulo,PREMIUM
Beatriz Nascimento,53,red,Curitiba,Basic
CECÍLIA MENDES,61,green,São Paulo,Médio
  André Magalhães,49,red,Curitiba,platinum
Larissa Nascimento,50,green,Rio,basic
Tatiane Cardoso,40,green,Curitiba,basic
Diego Assunção,N/A,blue,Curitiba,medium
Joao Ribeiro,27,Azul,Rio,gold
Élida Pereira,49,amarelo,Rio,medium
Maria Souza,27,green,rio de janeiro,basic
José Araújo,48,blue,"Curitiba, PR",basic
Raíssa Nascimento,62, red ,Curitiba, medium
DÉBORA DIAS,58,red,RJ,medium
EDUARDO MENDES,34anos,green,curitiba,basic
Felipe Gomes,,blue,curitiba,medium
Thiago Ribeiro,22,blue,Rio,medium
Cecília Brandão,18,Green,NaN,basic
Patrícia Alves,47,red,?,gold
vinícius moreira,150,green,Rio,basic
Thiago Martins,21anos, green,São Paulo,medium
ANTÔNIO PEREIRA,51, red ,Rio,medium
Raíssa   Araújo,33,red,Rio,medium
Gustavo Gomes,19,red,São Paulo,medium
Simao Oliveira,64,green,sp,medium
Rafael Santos,39,blue,rio de janeiro/rj,premium 
Gabriela Rodrigues,40,Azul,Rio,premium
Aline Lima,36 anos,red,Curitiba,medium
Rafael Cardoso,49,green,São Paulo,medium
SÉRGIO PEREIRA,25,red,,medium
Vanessa Moreira,21,red,Rio,medium
Vinícius Santos,53,red,Curitiba,basic
Conceição Martins,35,blue,São Paulo,premium
erick freitas,23,green,curitiba pr,basic
luíza silva,2S,green,Rio,basic
fernanda dias,46,black,Curitiba,platinum
Caio Brandão,42,red,Curitiba,medium
Mariana Andrade,59,NULL,São Paulo,medium
Aline Martins,42,red,São Paulo,premium
Renata Ferreira,21,red,São Paulo,medium
Mariana Dias,55.0,red,Curitiba,basic
Lucas Nascimento,trinta e dois,red,Rio,médio
Felipe Martins,48,red,Rio,medium
Cecília Santos,29,blue,rio de janeiro,premium
Raíssa Oliveira,44,red,"Rio, RJ",platinum
Ígor Alves,23,green,Rio,gold
LARISSA FONSECA,39 anos,green,São Paulo,medium
Cecília Freitas,46,green,sao paulo,basic
Henrique Assunção,"39,0",green,Curitiba,basic
Juliana Barbosa,28,Vermelho,Rio,medium
Fabio Magalhaes,24,red,rio de janeiro/rj,basic
Vanessa Ferreira,36,red,rio de janeiro/rj, medium
Não informado,-,Azul,Curitiba,medium
Leonardo Ferreira,62,green,Curitiba,basic
Beatriz Melo,24,blue,Brasília,medium
Aline Silva,27,red,curitiba,basic
Simão Martins,42,red,Rio de Janeiro,Desconhecido
Gabriela Andrade,0,red,Curitiba/PR,medium
Fábio Nascimento,28, green,Rio,gold
Maria   Galvão,51,green,Curitiba,basic
JÚLIA COSTA,"55,0",green,Curitiba,Basic
Mariana Dias,37.0,purple,RIO,premium
Henrique Costa,47,green,Sem informação,basic
Bruna Silva,28,green,Curitiba,basic
Leonardo Fonseca,23,red,Curitiba,NaN
Isabela Galvão,-,green,Rio,BASIC
André Cardoso,23,green,São Paulo,basic
Antônio Pereira,54,red,São Paulo,premium
-,60,,Curitiba,basic
Thiago Santos,não informado,AZUL,Rio,medium
  Pedro Santos,19,Red,"Rio, RJ",medium
  Júlia Conceição,18,verde,São Paulo,medium
Rafael Nunes,31,Blue,São Paulo,PREMIUM
Ana Alves,56.0,blue,Rio,medium
Otávio Silva,43,blue,Curitiba,medium
Júlia Brandão,34,blue,rio,premium
bruna carvalho,32,red,Rio,medium
Pedro Pereira,47anos,green,Curitiba,basic
Natália Mendes,43,green,Curitiba,medium
Pedro Martins,29,blue,Rio,standard
Gustavo Ferreira,999,red,curitiba,basic
Aline Brandão,63,red,São Paulo,medium
Lucas   Fonseca,40,green,Rio,medium
patrícia assunção,48,red,,medium
Diego Araújo,33,red,SÃO PAULO, premium
Élida Martins,37,green,Curitiba,medium
Mariana Dias,22,blue,Rio,medium
Isabela Silva,19,red,Curitiba,Basic
Otávio Oliveira,48,black,São Paulo,medium
Antonio Carvalho,38,Vermelho,Rio,premium
Ana Barbosa,trinta e dois,Red,São Paulo,premium
,,,,
DÉBORA NUNES,46,green,são paulo,medium
otávio carvalho,59 Anos,blue,São Paulo,premium
Fernanda Rocha,7,green,Rio,medium
Sérgio Ribeiro,34,blue,Curitiba/PR,medium
Renata Conceição,27 ANOS,red,Curitiba,Basic
Marcelo Ribeiro,33,green,Rio,medium
eduardo lima,58 anos,blue,Curitiba,basic
Renata Simões,31, red ,Rio de Janeiro,basic
Juliana Andrade,57,blue,Curitiba,basic
Pedro Conceição,65,green,Curitiba,basic
ana pereira,24,Green,São Paulo,medium
Débora Freitas,3O,Verde,Rio,basic
Sem informação,"44,0",green,Rio,medium
Pedro Nunes,52,blu,sp,medium
marcelo oliveira,22 ,RED,São Paulo,medium
Diego Freitas,53,blue,São Paulo,medium
ana rodrigues,24,Verde,São Paulo,premium
Eduardo Simões,35,green,N/A,basic
N/A,64,green,São Paulo,MEDIUM
Fábio Costa,45,blue,Curitiba,premium
Henrique Fonseca,49,BLUE,"Rio, RJ",free
Gabriela Conceição,22,Green,Curitiba,basic
raíssa conceição,49 ANOS,green,Curitiba,basic
Rafael Pereira,56,GREEN,São Paulo,basic 
Ana Rocha,48,GREEN,Rio,basic
Raíssa Barbosa,33,red,Curitiba,platinum
ígor carvalho,3,blue,curitiba pr,basic
Lucas Brandão,59,green,Rio,medium
Jose Santos,49,yellow,Rio,basic
Simão Oliveira,27,red,Rio,medium
Luiza Freitas,59,red,São Paulo,medium
aline fonseca,26,red,Sao Paulo,medium
Eduardo Cardoso,Não informado,,"São Paulo, SP",premium
Sérgio Souza,48,green,Rio,basic
 Maria  Fonseca ,"26,5",green,Rio,basic
Júlia Pereira,51,Vermelho,Curitiba,basic
RENATA BRANDÃO,51,BLUE,Rio,médio
LUCAS SILVA,58,RED,RJ,medium
Mônica Costa,23,green,São Paulo,basic
Lucas Assunção,27,blue,São Paulo,premium
João Andrade,45,green,Curitiba,medium
Vanessa Nunes,21,green,Rio,medium
Marcelo Andrade,19 ANOS,green,São Paulo, medium
Patrícia Rocha,26,Sem informação,Curitiba,medium
Ana Melo,61,green,Curitiba,None
Tatiane Andrade,34,red,Rio,medium
Lucas Silva,23,green,São Paulo,Medium
Pedro Brandão,38,red,Curitiba,medium
Renata Simões,NULL,red,Rio,Médio
ÉLIDA ANDRADE,55,VERMELHO,Curitiba,basic
isabela rodrigues,27,green,Rio,basic
Larissa Carvalho,34,GREEN,Rio,basic
Leonardo Gomes,20,green,São Paulo,basic
José Araújo   ,36,blue,Rio de Janeiro - RJ,premium
Bruna Brandão,42,red,Curitiba,basic
Gustavo Fonseca,40,red,Rio,MEDIUM
Márcia Pereira,50,red,Curitiba,medium
Élida Rocha,38,blue,São Paulo,premium
Letícia Souza,30,verde,Rio,free
Vanessa Costa,32,blue,Manaus,premium
Pedro Gomes,21,blue,CURITIBA,medium
Erick Mendes   ,58,Red,Rio,medium
Fábio Alves,62,blue,Rio ,premium
Renata Alves,N/A,green,sp,Médio
Luíza Costa   ,32,blue,Curitiba,médio
LUÍS ALVES,36,blue,,medium
maria oliveira,19,VERMELHO,Rio,medium
Luíza Marques,desconhecido,red,Curitiba,platinum
Otávio Marques,27,blue,São Paulo,premium
Rodrigo Moreira,37, red ,Rio,medium
Larissa Nunes,33,red,São Paulo,premium
lucas silva,"23,0",blue,Rio,medium
Diego Brandão,39,blue,Não informado,premium
erick alves,26,red,Rio de Janeiro,basic
Fábio Andrade,38,red,Curitiba,medium
Eduardo Cardoso,22, red ,Rio,basic
Rodrigo Santos   ,18,green,São Paulo,Médio
Júlia Machado,61,green,São Paulo,basic
Simão   Assunção,60,black,São Paulo,premium
Rodrigo Andrade,18,green,Rio,basic
Antonio Brandao,59,blue,"Curitiba, PR",medium
  Camila Andrade,53,VERMELHO,São Paulo,medium
Eduardo Silva,39anos,green,São Paulo,medium
Leonardo Machado,NA,GREEN,desconhecido,medio
José Barbosa,57,green,Rio,basic
Luíza Alves,37,red,São Paulo,premium
Letícia Freitas,34,green,Rio,Medium
Luíza Gomes,62,green,Curitiba,basic
Fernanda Brandão,42,green,Rio,Desconhecido
Patrícia   Oliveira,36,green,São Paulo,medium
Larissa Cardoso,26,green,Rio,basic
simão rocha,63,green,Sao Paulo/SP,medium
Matheus Galvão,31,green,Curitiba,Básico
Sérgio Moreira,64.0,red,São Paulo,premium
MÁRCIA OLIVEIRA,50.0,,São Paulo,medium
luís machado,49,red,CWB,basic
  Débora Fonseca,18,red,Porto Alegre,medium
Letícia Ribeiro,19,VERMELHO,Curitiba,medium
Patrícia Simões,62 ANOS,NULL,Rio,Medium
Diego Cardoso,26,Red,"Rio, RJ",basic
Juliana Alves   ,33,Red,rio,Medium
Luís Ribeiro,xx,green,Curitiba,basic
FÁBIO CARDOSO,trinta e dois,red,rio de janeiro/rj,medio
Otávio Lima,60,red,Curitiba,básico
matheus marques,65,azul,sp,premium
LETÍCIA BARBOSA,51,blue,Rio,medium
Leonardo Silva,200,VERMELHO,Sao Paulo/SP,medium
Antônio Dias,57,green,Curitiba,basic
JOSÉ NUNES,30,blue,Curitiba,premium
Otávio Silva,37,red,Rio de Janeiro,medium
felipe machado,49,blue,NaN,premium
Aline Silva,23,green,Curitiba,basic
Beatriz Gomes,"60,0",red,Rio,medium
Juliana Marques,32 Anos,blue,Rio,premium
Júlia Rocha,None,blue ,São Paulo,null
Mariana Rodrigues,48,green,Rio,medium
Felipe Dias,41,RED,Rio,premium
Carlos Marques,-25,,São Paulo,standard
Mônica Fonseca,42,green, Curitiba,basic
Pedro   Martins,44,blue,Rio,premium
Rodrigo Magalhães,32,green,São Paulo,medium
Renata Conceição,37,green,Rio,Médio
Fernanda Moreira,62,purple,Curitiba,basic
Caio Rodrigues,"59,5",blue,Rio,medium
Sérgio   Machado,44,RED,São Paulo,premium
desconhecido,58,green,?,basic
André Nascimento, 31,blue,Curitiba,medium
Carlos Simões,59,red,Brasília,MEDIUM
ERICK BARBOSA,57,green,Rio,medium
Aline Ferreira,55,green,Curitiba,medium
Otávio Fonseca,34,red,São Paulo,premium
Vanessa Melo,25,blue,São Paulo,premium
matheus martins,31,blue,São Paulo,premium
Fábio Andrade,48,VERMELHO,Rio,Médio
Henrique Gomes,55,red,São Paulo,MEDIUM
juliana dias,21,blue,São Paulo,premium
Júlia Carvalho,58 anos,green,Curitiba,basic
RAFAEL SIMÕES,51,blue,São Paulo,premium
Aline Barbosa,48,blue,Curitiba,basic
Luíza Freitas,64,green,Curitiba,medium
Júlia Silva,trinta,blue,Rio,medium
Erick Pereira,23,Desconhecido,Curitiba,basic
Thiago Gomes,36,Verde,Curitiba,básico
Vanessa Lima,26.0,green,Rio,free
Gustavo Nascimento,63,green,rio de janeiro/rj,basic
Carlos Barbosa,34,blue,Rio,premium
Larissa Marques,19,red,São Paulo,Médio
Henrique Ribeiro,35,green,curitiba,medium
Felipe Martins,20,red,sp,premium
Fernanda Silva,Desconhecido,green,Curitiba,basic
Élida Galvão,41,green,Rio,medio
Mariana Freitas,38,blue,Rio,premium
Renata Magalhães,42,red,Curitiba,BASIC
Camila Rocha,43,red,Curitiba,medium
Bruna Cardoso,vinte e cinco,blue,Curitiba,medio
Vinícius Pereira,61, green,Rio,basic
Renata Magalhães,27anos,VERMELHO,SP,medium
João Simões, 23,green,Rio,basic
Matheus Oliveira,28,blue,Curitiba/PR,premium
Mariana Simões,,blue,RIO,medium
Patrícia Magalhães,-,GREEN,Rio,medium
Maria Conceição,51,blue,Curitiba,BASIC
josé ribeiro,130,red,Rio,null
Henrique Simões,44,yellow,curitiba pr,medium
Débora Moreira,32,VERMELHO,São Paulo,premium
Conceição Costa,24,red,Rio,Desconhecido
mônica conceição,27,green,Curitiba,Básico
Otávio Magalhães,22,red,Rio,medium
Raíssa Costa,50,blue,Curitiba,medio
Rafael Machado,52,green,SÃO PAULO,medium
Marcelo Rocha,33,blue,Curitiba,medium
Ígor Melo,51,verde,Rio,basic
Cecília Araújo,37,AZUL,NULL,medium
Ana Souza,"50,5",red,Curitiba,basic
ANDRÉ FERREIRA,42, blue,São Paulo,premium
Isabela Andrade,34,red,Curitiba,medium
João Andrade,23,red,Rio,medium
Rodrigo Oliveira,40,red,São Paulo,premium
Ana Melo,24,green,rio,medium
Márcia Nunes, 33,verde,Curitiba,basic
camila mendes,45,blue,Rio,gold
Aline Marques,19,VERMELHO,São Paulo,premium
LUCAS FERREIRA,63,red,Curitiba,free
Rafael Machado,"47,0",green,São Paulo,medium
Gabriela Santos,"27,0",blue,São Paulo,Premium
 Mariana  Costa ,57,GREEN,,basic
João Moreira,61,blue,Rio,medium
Vanessa Rodrigues,47,green,Rio,basic
Matheus Galvão,43,green,Brasília,Médio
Thiago Souza,65,red,desconhecido,basic
André Mendes,18,green,Rio,basico
Luíza Barbosa,20,blue,Rio,medium
Simão Nunes   ,24,green,São Paulo,medium
Bruna Magalhães,61,AZUL,Curitiba,basic 
Cecília Galvão,64,green,rio de janeiro/rj,basic
Luíza Araújo,25,rde,Curitiba,medium
Beatriz Galvão,35,blue,Rio,None
Débora Magalhães,58,red,São Paulo,medium
Fernanda Pereira,18,red,Curitiba,basico
Júlia Nascimento,20,red,Rio,basic
Fernanda Araújo,38, red ,Curitiba,medium
Antônio Fonseca,37,VERDE ,Curitiba,Desconhecido
Eduardo Dias,39anos,verde,Rio de Janeiro,medium
Fernanda Mendes,54,blue,São Paulo, premium
Bruna Nunes,43,blue,Curitiba,premium
Júlia Araújo,200,,rio de janeiro,medium
Lucas Rocha,Não informado,red,Sao Paulo/SP,medio
Ana Marques,57,NA,São Paulo,premium
Diego Araújo,62,blue,São Paulo,premium
Ígor Pereira,29,red,São Paulo,medium
Lucas Costa,64,green,Curitiba,BASIC
Patrícia Freitas,62,blue,São Paulo,premium
Vinicius Machado,40,blue,desconhecido,premium
Maria Brandão, 19,red,Belo Horizonte,Basic
Eduardo Fonseca,37, red ,São Paulo,vip
SIMÃO MENDES,45,red,São Paulo,premium
Luís Nunes,54.5,red,Rio,medium
Débora Santos,24,red,Rio,medium
Márcia Freitas,2S,rde,NULL,premium
fernanda freitas,29 ,green,--,basic
André Fonseca,60,blue,Rio,medium
Gabriela Mendes,idade,blue,São Paulo,null
Natália Gomes,32,blue,São Paulo,premium
ÍGOR GOMES,200,blue,Rio,medium
Otávio Pereira,25,blue ,São Paulo,premium
André Santos,47,green,São Paulo,basic
,63,red,São Paulo,medium
  Gustavo Freitas,20,red,Curitiba,basico
Natália Araújo,21,green,Rio,basic
Letícia Lima,46,green,Curitiba,basic
Mônica Ferreira,35,red,Rio,Premium
Vanessa Marques,19,red,São Paulo,premium
Rodrigo Simões,57,green,São Paulo,medium
Fernanda Alves,23,green,Curitiba,basic
Caio Simões,--,gren,CURITIBA,Medium
Vinícius Magalhães,trinta,green,Curitiba,basic
júlia simões,49,red,são paulo,medium
FERNANDA CARDOSO,22anos,red,Rio,medium
Ana Souza,-1,blue ,São Paulo, premium
Ígor Rodrigues,57,green,Rio,basic
Renata Ferreira,39.5,blue ,São Paulo,premium
Isabela Marques,18 Anos,green,rio de janeiro/rj,basic
Otávio Souza,32anos,VERDE ,Rio,medium
Antônio Carvalho,"57,0",Verde,Rio ,BASIC
Erick Moreira,32 anos,blue,Rio de Janeiro,premium
LETÍCIA DIAS,29,red,São Paulo,Sem informação
Patrícia Silva,40,green,São Paulo,medium
Renata Nascimento,56,blue,São Paulo,medium
Letícia Moreira,43,blue,Rio,premium
andré nascimento,28,blue,Curitiba,medium
Caio Martins,33,Green,São Paulo,medium
Luís Santos,"47,0",blue,N/A,premium
Diego Souza,45,red,-,basic
Mariana Simões,39,vermelho,Curitiba, medium
Cecília Conceição,"57,5",red,Curitiba,basic
Thiago Dias,57,red,São Paulo,medium
Felipe Brandão,41,green,Porto Alegre,basic
Vinícius Mendes,25,amarelo,Curitiba,basic
 Matheus  Gomes ,39,blue,Curitiba,platinum
 Márcia  Ferreira ,42,blue,Curitiba,medium
Diego Rocha,28 Anos,VERDE ,Curitiba/PR,medium
Fernanda Cardoso,64,red,Sao Paulo,medium
Fernanda Souza,60,Vermelho,Salvador,basic
Rodrigo Barbosa,18,red,São Paulo,medium
Cecília Rocha,54,red,Curitiba,medium
Diego Andrade,57,red,Rio,basic
Ígor Oliveira,58,red,Curitiba,basic
Aline Ribeiro,43,blue,São Paulo,premium
Renata Galvão,47,green,São Paulo,medium
EDUARDO SILVA,21 anos,gren,Sao Paulo/SP,medium
Rodrigo Machado,51,red,Curitiba,basic
Maria Nunes,53,green,São Paulo, medium
 Bruna  Marques ,46,blue,"Curitiba, PR",medium
  Júlia Carvalho,38,green,Curitiba,basic
Débora Marques,20,green,são paulo,basic
joão cardoso,47,red,Curitiba - PR,basic
Débora Melo,64,blu,Curitiba,medium
Gustavo Pereira,xx,red,Curitiba,médio
 João  Magalhães ,47,Blue,rio de janeiro/rj,medium
Raíssa Rocha,37,red,Não informado,medium
Leonardo Alves,22, blue,Rio,medium
desconhecido,18,green,Curitiba,basic
Patrícia Cardoso   ,59,green,São Paulo,basic
RAFAEL ROCHA,57,green,Rio,medium
Mariana Galvão,47 Anos,VERMELHO,SÃO PAULO,vip
,37,green,Rio,basic
Rodrigo Dias, 61,red,Rio,medium
Patrícia Andrade,60,blue,São Paulo,premium
Sérgio Melo,xx,green,Rio,basic
NATÁLIA SANTOS,20,red,Rio,medium
Fábio Cardoso,49,blue,não informado,premium
Larissa Conceição,65, red ,Curitiba,basic
Simão Melo,52,green,São Paulo,medium
Carlos Cardoso,34.0,green,Curitiba,medium
andré gomes,45,Verde,São Paulo,Premium
  Rodrigo Cardoso,Não informado,blue,São Paulo,premium 
Sérgio Santos,28,blue,rio de janeiro, medium
Mariana Souza,200,blue,NaN,medium
José Alves,55,green,São Paulo,medium
NATÁLIA ANDRADE,None,green,NaN,medium
Vinícius Magalhães,62,green,Curitiba,basic
Leonardo Conceição,21,blue,São Paulo,premium
Tatiane Ribeiro,39,blue,Curitiba,medium
Diego Santos,64,green,Curitiba,basic
André Silva,19,red,São Paulo,medium
Ígor Fonseca,57,red,Curitiba,basic
Juliana Machado,48,green,Rio,Basic
JOSÉ CARDOSO,63,blue,SP,medium
Maria Araújo,60,red,Curitiba,basic
Mônica Moreira,28,red,Rio,medium
Debora Souza,29,red,São Paulo,premium
Gabriela Galvão,43,red,São Paulo,Premium
rodrigo galvão,44,blue,São Paulo,premium
MÔNICA NASCIMENTO,41,green,São Paulo,medium
Patrícia Conceição,-25,red,Rio de Janeiro - RJ,medium
Diego Silva,24,red,Desconhecido,basic
Raíssa Machado,33,Blue,Curitiba,medium
NA,42.0,Blue,Rio de Janeiro - RJ,medium
Patrícia Ferreira,18anos,blue,São Paulo,Premium
José Fonseca,49,,Curitiba,medium
Patrícia Gomes,33,green,Curitiba,basic
Erick Rodrigues,42,green,Rio,basic
Leonardo Lima,28,Não informado,RIO,medium
Fernanda Ribeiro,42,BLUE,Rio,medium
RODRIGO NUNES,38,blue,SP,premium
ERICK COSTA,44,VERDE ,Rio,medium
  Camila Pereira, 60,red,sp,medium
Thiago   Moreira,59,,SP,medium
Júlia Cardoso,48,green,rio de janeiro/rj,basic
Camila Fonseca   ,53,red,Rio,medium
Vinícius Simões,41,blue,Rio,premium
Matheus Andrade,65,VERMELHO,São Paulo,premium
LARISSA MAGALHÃES,43,gren,Rio,premium
Fabio Melo,39,red,São Paulo,medium
Leonardo Assunção,63,red,São Paulo,Médio
Diego Souza,45,blue,Rio,medium
FÁBIO MELO,vinte e cinco,blue,Curitiba,medium
Renata Cardoso,54,green,curitiba pr,basic
Juliana Araújo,24,red,SÃO PAULO,medio
 Felipe  Alves ,59 ANOS,green,São Paulo,vip
André Dias,"24,0",blue,São Paulo,premium
NULL,32,green,São Paulo,medium
ERICK BARBOSA,48 Anos,blue,RJ,premium
Élida Rocha,37,green,None,Médio
Carlos Andrade,"23,0",blue,,medium
Matheus Carvalho,35.0,red,rio de janeiro/rj,premium
Letícia Rodrigues,64,purple,Belo Horizonte,basic
  Isabela Pereira,27anos,gren,Rio,medium
Ígor Oliveira,24,blue,São Paulo,premium
Rafael Araújo   ,29,-,Rio,medium
Élida Santos,55,green,Rio,basic
Conceicao Alves,65,AZUL,-,medium
 Leonardo  Dias ,trinta,red,Rio,basic
desconhecido,n/a,green,CURITIBA,medium
Raíssa Machado,26,verde,São Paulo,medium
Simão Conceição,25,AZUL,São Paulo,premium
Matheus Rocha,44,AZUL,SÃO PAULO,premium
Patrícia Fonseca,49,blue,Rio,Medium
Larissa Moreira,trinta,green,Rio,basic
ERICK GOMES,37,Verde,São Paulo,medium
Patrícia Simões,20,Red,SP,medium
Sérgio Melo   ,--,red,Curitiba,medium
Lucas Moreira,46,red,Curitiba,basic
Mônica Moreira,64,green,são paulo,medio
  Ígor Rodrigues,49, red ,Curitiba,medium
Tatiane Nascimento,26,AZUL, São Paulo,premium
MÁRCIA RIBEIRO,31,red,Rio,medium
  Débora Oliveira,33,blue,n/a,premium
vinícius assunção,60, blue,Rio,premium
Camila Alves,23,blue,-,premium
Caio Nunes,18,green,Curitiba,Basic
Cecília Galvão,23,green,Rio,basic
Rodrigo Rodrigues,29,green,São Paulo,medium
Antônio Costa,58,red,São Paulo,Médio
Caio Andrade,0,blu,Porto Alegre,medium
Patrícia Santos,31,green,Rio,medium
Júlia Fonseca,30, red ,curitiba pr,Medium
Larissa Ribeiro,27,green,São Paulo,medium
Gabriela Moreira,30,red,Curitiba,basic
Fábio Lima,50,red,São Paulo,medium
Rodrigo Fonseca,61,VERMELHO,Sao Paulo/SP,medium
Caio Nunes,50,Green, São Paulo,medium
Pedro Carvalho,45,red,São Paulo,premium
Márcia Araújo,25,Red,Rio de Janeiro,medium
Julia Machado,"49,0",red,Curitiba,NA
Isabela Nascimento,18,verde,São Paulo,--
Gustavo Assunção,23,green,null,medium
Fernanda Assunção,30,blue,São Paulo,premium
Debora Fonseca,32,red,Rio,medium
Leonardo Machado,58,red,Curitiba,Básico
Marcelo Melo,18, green,São Paulo,medium
Thiago Moreira,44,blue,Curitiba,medium
Luiza Machado,41,red,São Paulo,premium
Antonio Oliveira,24,red,Porto Alegre,medium
Caio Rocha,,blue,Recife,premium
  Luís Magalhães,56,blue,"Rio, RJ",premium
Leonardo Silva,52anos,green,CURITIBA,basic
Sérgio Ribeiro,21,Verde,Rio,basic
Natália Martins,18,red,São Paulo,medium
None,19,blue,São Paulo,premium
Renata Silva,47,blue,Rio,medium
Conceicao Araujo,47,red,Sao Paulo/SP,medium
João Ribeiro,"63,0",amarelo,SÃO PAULO,medium
NaN,--,green,rio de janeiro,basic
VANESSA BARBOSA,63 ANOS,Azul,São Paulo,premium
Marcelo Araújo,43.0,RED,Curitiba,medium
Lucas Conceição,43,green,Rio,medium
LUÍS SANTOS,44,blue,Rio de Janeiro,premium
Matheus Marques,"48,5",vermelho,Rio de Janeiro - RJ,medium
Diego Galvão,43,VERDE ,São Paulo, premium
MATHEUS FREITAS,49,red,rio de janeiro/rj,medium
Bruna Oliveira   ,36,red,Rio,medium
Henrique Araújo   ,46,red,Rio,basic
 José  Nunes ,60,black,Rio,basic
Sérgio Gomes,64,red,Rio,NULL
André Oliveira,36,Azul,São Paulo,Premium
  Cecília Melo,19,green,Rio,medium
Otávio Conceição,  62  ,blue,Curitiba,medium
Otávio Mendes   ,38,red,Rio,medium
gabriela cardoso,"38,0",azul,São Paulo,premium
Desconhecido,54,green,CURITIBA,basico
Júlia Conceição,55,green,Rio,basic
Luís Araújo,22,VERDE ,curitiba pr,basic
André Nunes,43, green,São Paulo,medium
joão machado,64,Red,São Paulo,medium
Pedro Simões,trinta e dois,green,Rio de Janeiro - RJ,medium
Thiago Freitas,37.0,red,São Paulo,medium
Thiago Fonseca,60,blue,Curitiba,basic 
Ana Marques,40,green,são paulo,medium
Bruna Costa,21,green,Rio,basic
Márcia Moreira,41,red,Desconhecido,medium
Letícia Andrade,53,green,São Paulo,vip
Gustavo Freitas,53,red,São Paulo,medium
Vanessa Ferreira,25-30,red,Curitiba,medium
Diego Santos,39,green,São Paulo,medium
Mariana Brandão,37,blue,Curitiba,medium
Henrique Galvão,61.5,red,Rio,
leonardo gomes,44,red,Sao Paulo,premium
Leonardo Rocha,32,blue,São Paulo,premium
Isabela Araújo,63.0,GREEN,Curitiba,básico
Conceição Carvalho,29,red,São Paulo,premium
João Galvão,59,green,Brasília,basic
Antônio Machado,19,blue,Rio,basic
Marcelo Ferreira,21.0,green,São Paulo,medium
Sem informação,23,,Florianópolis,basic
Vanessa Rodrigues,65,green,São Paulo,basico
Cecília Silva,idade,VERMELHO,"São Paulo, SP",medium
Vinícius Gomes,60,red,São Paulo,premium
  Júlia Rocha,40,red,"Curitiba, PR",medium
Caio Dias,"43,0",red,São Paulo,premium
Gabriela Cardoso,49,red,Curitiba,basic
RENATA BRANDÃO,51,BLUE,Rio,médio
  Fernanda Machado,62,red,Rio,basic
  Carlos Souza,27 anos,green,São Paulo,medium
José Machado,34,Não informado,SP,premium
Júlia Mendes,60,blue,São Paulo,premium
Beatriz Alves   ,"64,0",RED,Curitiba,BASIC
Carlos Dias,62,VERMELHO,Curitiba,medium
Larissa Assunção,56,VERMELHO,Curitiba,medium
Fábio Mendes,não informado,blue,Curitiba,premium
PEDRO SILVA,42,purple,rio de janeiro,medium
DIEGO GOMES,54,AZUL,Rio,medium
Henrique Costa,41 Anos,blue,"Curitiba, PR",medium
Otávio Cardoso,42,green,rio de janeiro/rj,basic
Aline Rodrigues,20,green,Curitiba,basic
Márcia Ferreira,23,green,São Paulo,medium
renata carvalho,43,red,Curitiba,medium
Henrique Freitas,40,green,Curitiba,medium
João Simões,29,blue,São Paulo,premium
Raíssa Nascimento,51,red,São Paulo,medium
Henrique Ferreira,40,green,São Paulo, medium
André Ferreira,41,Red,Curitiba,medium
Erick Ribeiro,53 ,VERMELHO,Curitiba,vip
Tatiane Melo,62,green,"São Paulo, SP",medium
Isabela Ribeiro   ,23,green,São Paulo,medium
beatriz nunes,45,blue,Rio,medium
MÁRCIA ROCHA,trinta e dois,blue,Curitiba,medium
José Brandão,61.0,red,São Paulo,Desconhecido
 Mônica  Andrade ,37,green,Brasília,basic
Beatriz   Dias,26,blue,Curitiba,medium
Maria Cardoso,54,red,Curitiba/PR,medium
Antônio   Silva,38,red,Rio,medium
Juliana Machado,29, green,São Paulo,medium
João Machado,trinta e dois,green,Curitiba,medium
Sérgio Rodrigues,35 Anos,blue,Curitiba,medium
Juliana Gomes,54,green,Curitiba,basic
Gustavo Magalhães,27,blue,Curitiba,medium
Ana Simões,Sem informação,Red,SÃO PAULO,medium
Patrícia Martins,57,blue,São Paulo,
Rodrigo Machado,37,red,Curitiba,medium
Luíza Dias,  19  ,red,Curitiba,free
Gustavo Martins,36,green,Curitiba,basic
Leonardo Alves,NaN,Blue,São Paulo,premium
Erick Dias,"24,0",green,Rio,basic
Vanessa Santos,59,red,São Paulo,medium
André Barbosa,42,blue ,curitiba pr,premium
Leonardo Martins,30,Red,Rio,medium
Gabriela Pereira,43 anos,None,São Paulo,premium
Maria Brandão,44,VERDE , Curitiba,basic
André Lima,999,blue,N/A,medium
Sérgio Araújo,57,green,Salvador,basic
Cecília Lima,23,Verde,Curitiba,basic
Camila Fonseca,31,blue,Rio,Premium
Fábio Galvão,29anos,Azul, São Paulo,premium
Henrique Ferreira,25,green,Curitiba,basic
Cecília Pereira,62anos,green,RJ,basic
Erick Santos,65,green,Curitiba,basic
Juliana Mendes,34,Red,"São Paulo, SP",premium
Beatriz Machado,61,GREEN,São Paulo,medium
Letícia Costa,49,green,rio de janeiro,basic
Fernanda Pereira,58,green,Rio,Basic
Caio Martins,53,blue,Rio,medium
Henrique Costa,22,blue,Salvador,medium
Pedro Rodrigues,37,green,Curitiba,medium
José Pereira,  48  ,red,Rio,medium
Erick Mendes   ,20,blue,Rio,NaN
Vanessa Marques,36,red,Curitiba,Medium
Letícia   Carvalho,64.0,VERMELHO,São Paulo,medium
João Nunes,55,red,Curitiba,basico
Renata Rocha,52,green,São Paulo,medium
Rafael Oliveira,19,green,Rio de Janeiro - RJ,basic
Erick Martins,25, red ,Curitiba,basico
Cecília Galvão,32,green,curitiba,basic
Raíssa Simões,58,green,Rio,medium
Simão Dias,50,Red,Rio,medium
Raíssa Alves,"49,0",blue,n/a,medium
henrique fonseca,62,green,Curitiba,basic
Maria Lima,27,blue,Curitiba,basic
Mônica Alves,32,green,Rio,medium
José Nascimento,56,red,Rio,Medium
LUÍZA BRANDÃO,34,blue,São Paulo,premium
Henrique Simões,38anos,amarelo,Rio,medium
Diego Brandão,-1,green,São Paulo,medium
Isabela Marques,29,green,RJ,medium
Camila Pereira,20,blue,"Curitiba, PR",medium
Fábio Freitas,58,None,Rio,Medium
Vanessa Ferreira,56,red,Curitiba,basic
Mariana Rocha   ,47,red,São Paulo,medium
Patrícia Rocha,61,VERDE ,Sao Paulo/SP,medium
Patricia Barbosa,57,verde,Curitiba,basic
Erick Dias,52, blue,São Paulo - SP,medium
Tatiane Rocha,53 Anos,red,Sao Paulo,premium
Não informado,46,blue,São Paulo,premium
Thiago Gomes,46,blue,São Paulo,medium
Fernanda Rodrigues,trinta e dois,blue,Curitiba,medium
Renata Fonseca,34,red,Rio,medium
Bruna Nascimento,40,red,Curitiba,medium
André Araújo,trinta e dois,red,Curitiba,medium
Raissa Silva,60,green,São Paulo,basic
Marcelo Freitas,23,blue,Rio,medium
Beatriz Assunção,59,Verde,rio,basic
Débora Freitas,52,vermelho,Curitiba,basic
Mônica Mendes,24,green,Curitiba,basic
vinícius barbosa,18,N/A,Rio,medium
Natália Assunção,36.0, blue,curitiba,medium
Raíssa Barbosa,51,green,Rio,basic
,44,blue,rio de janeiro/rj,PREMIUM
Otávio Lima,52,VERMELHO,Rio,basic
Maria Rodrigues,2S,VERDE ,São Paulo,premium
Júlia Silva,60,red,São Paulo,medium
Fábio Costa,48,red,rio de janeiro/rj,basic
Marcia Freitas,38,green,Curitiba,medium
Vanessa Magalhães,27,,São Paulo,premium
Matheus Pereira,47,NaN,São Paulo,medium
Simão Cardoso,30.0,blue,Curitiba,medium
Larissa Pereira,24,red,Rio ,Médio
Rafael Araújo,24,red,Rio,medium
Juliana Oliveira,"56,0",red,São Paulo,medium
Bruna Dias,32,green,"São Paulo, SP",medium
  Henrique Moreira,20,red,rio,medium
Eduardo Araújo,55,green,rio de janeiro,basic
Leonardo Souza,3O,,São Paulo,premium
Fábio Barbosa   ,37,green,Curitiba - PR,basic
Luíza Marques,20,blu,Rio,médio
  Natália Dias,52,green,Sao Paulo,medium
ANTÔNIO FREITAS,30,Desconhecido,Rio,medium
Felipe Melo,"42,0",green,Rio,vip
Cecília Alves,,preto,São Paulo,medium
JOSÉ FONSECA,64, green,Não informado,medium
Bruna Gomes,7,blue,Curitiba,medium
Luís Rocha,48.5,green,São Paulo,basic
Júlia Nascimento,55,green,Sao Paulo,medium
Carlos Fonseca,32,red,rio de janeiro,medium
Lucas Moreira,56,blue,Curitiba,medium
MÔNICA RIBEIRO,24,green,Rio,basic
Mariana Ribeiro,18,red,Curitiba,basic
tatiane ferreira,999,blue,Rio,medium
Vinícius Andrade,20,VERMELHO,São Paulo,Medium
Ígor Freitas,200, blue,Rio,premium
Eduardo Rodrigues,54,blue ,Rio,medium
Camila Andrade,34,red,são paulo,premium
Luís Nascimento,24,NaN,São Paulo,premium
Isabela Costa,40,green,Rio,medium
Otávio Nunes   ,55,red,NULL,null
 Mariana  Martins ,51,blue,Curitiba, medium
Mônica Nunes,46,red,Rio de Janeiro,medium
Matheus Silva   ,39,red,são paulo,premium
Rafael Galvão,  45  ,red,Curitiba,basic
Camila Ferreira,45,green,Rio,medium
Rafael Simões,"46,0",green,Curitiba,basic
  Débora Barbosa,47,blue,Rio,medium
Vinícius Silva,63,azul,Rio,PREMIUM
Cecília Barbosa,7,VERDE ,Rio de Janeiro,basic
Vinícius Santos,NULL,red,rio de janeiro/rj,medium
Beatriz Nunes,65,red,Curitiba,basic
Eduardo Gomes,33 ,NaN,Curitiba,basico
JOSÉ FERREIRA,25,blue,Rio,premium
Leonardo Marques,54,blue,São Paulo,premium
Márcia Lima,46,azul,Curitiba,medium
Caio Nunes,35,desconhecido,RJ,premium
Letícia Gomes,,red,Curitiba,basic
Beatriz Conceição,20,N/A,Curitiba,basic
Maria Moreira,55,red,São Paulo,medium
Tatiane Costa,28,blue,Curitiba,medium
Cecília Assunção,37,Vermelho,São Paulo,premium
Tatiane Costa,28,RED,Curitiba,medio
André Martins,35,blue,Curitiba,medium
  Bruna Melo,64,green,CURITIBA,basic
André Assunção,25,green,Sao Paulo/SP,basic
Maria Costa,45,red,rio de janeiro/rj,Medium
Mariana Freitas,46,green,Desconhecido,basic
Lucas Fonseca,38,blue,Rio,platinum
DIEGO LIMA,23.0,red,Rio de Janeiro - RJ,medium
BRUNA SILVA,19,green,Curitiba,basic
não informado, 26,green,Rio,basic
OTÁVIO BRANDÃO,49,blue,RJ,medium
Márcia Ferreira,29,green,Brasília,medium
Cecília Marques,40,Green,Curitiba,basic
Camila Galvão,49 ,red,Curitiba,medium
Henrique Melo,21,red,SP,medium
Pedro Lima,56,blue,Rio,medium
Larissa Ribeiro,30,green,São Paulo,medium
FELIPE ASSUNÇÃO,63,green,São Paulo,medium
Caio Rodrigues,41 Anos,Vermelho,Curitiba - PR,medium
Fernanda Gomes,44,red,São Paulo,premium
Matheus Nunes,46,green,curitiba pr,basic
André   Martins,200,red,Porto Alegre,Básico
Rodrigo Santos,28,blue,Curitiba,medium
rafael lima,56,green, São Paulo,medium
Monica Machado,54,yellow,Rio,medium
GUSTAVO FERREIRA,51,Green,Rio,medium
Larissa Souza,2S,red,Curitiba,basic
Élida Cardoso,54,RED,,medium
Vanessa Oliveira,28.0,blue,São Paulo,premium
Ana Marques,29,,Curitiba,Básico
Lucas Rodrigues,57,green,Rio,basic
josé simões,56,red,Rio,basic
CAMILA SOUZA,62,GREEN,Curitiba,basic
Ígor Gomes,-,blue,Rio,medium
Letícia Nunes,  27  ,green,São Paulo,gold
Fábio Martins,desconhecido,green,São Paulo,medium
JOSÉ OLIVEIRA,"40,0",green,Curitiba,medium
Maria Araújo,56,Vermelho,sao paulo,premium
Rafael Costa,29,red,SÃO PAULO, premium
Gustavo Costa,31,green,Curitiba,medium
leonardo alves,42,green,Curitiba,medium
Diego Moreira,27,Green,São Paulo,basic
João Conceição,50,green,Curitiba,basic
luís conceição,43,blue,São Paulo,premium
 Marcelo  Moreira ,35,blue,Curitiba,médio
Luís Araújo,26,red,Rio,medium
Larissa Costa,19 ,red,São Paulo,medium
Maria Magalhães,50,green,São Paulo,basic
Otávio Assunção,48,green,Curitiba,basic
Luís Marques,45,VERDE ,São Paulo,medium
Letícia Rocha,20anos,blue,"Rio, RJ",medium
rafael rodrigues,35,green,Rio de Janeiro,medium
João Moreira,33,red,Rio,medium
Thiago Freitas,27,red,Curitiba,medium
EDUARDO FONSECA,56,green,rio de janeiro/rj,basic
Felipe Alves,52anos,red,Sao Paulo,medium
Não informado,45,blue,Curitiba,premium
Camila Conceição,,red,Manaus,?
Jose Machado,38,GREEN,Rio,basic
Juliana Magalhães,30,green,Rio,medium
LETÍCIA OLIVEIRA,-25,blue,Curitiba,basic
  Matheus Nascimento,51,green,Curitiba,basic
Thiago Machado,35 Anos,green,Rio,medium
Sérgio Cardoso,40,red,Curitiba,medium
Márcia Lima,23,green,Rio,medium
 João  Assunção ,52anos,red,Curitiba,medium
leonardo souza,25,green,curitiba pr,basic
diego nunes,57,red,Curitiba,Médio
Leonardo Galvão,Desconhecido,blue,Rio,null
Mônica Andrade,46,Não informado,São Paulo,medium
Igor Mendes,39,blue,Rio,Sem informação
Júlia Simões,45,blue,São Paulo,premium
José Mendes,50.0,red,rio,premium
Thiago Rodrigues,62,blue,são paulo,premium
Felipe   Barbosa,55 ,NA,Rio,basic
Antônio Freitas,53,GREEN,NA,MEDIUM
Élida Freitas,18,green,Rio,basico
Letícia Cardoso,45,blue,rio,premium
Conceição Mendes,56,red,Curitiba,basic
Carlos Carvalho,38,blue ,São Paulo,premium
Bruna Silva,52,vermelho,Rio,medium
Thiago Santos,46 Anos,green,Curitiba,Basic
Bruna Barbosa,58,blue,São Paulo,premium
Bruna Cardoso,56,green,São Paulo,medium
 Rodrigo  Costa ,41.7,blue,sp,premium
Henrique Simões,51 ,VERMELHO,Curitiba,basic
Tatiane Santos,64,blue,Rio,PREMIUM
Renata Fonseca,39,green,Curitiba,basic
Marcelo Nascimento,47.0,green,São Paulo,medium
Carlos Souza,43,green,curitiba pr,basic
Rafael Costa,50,red,Rio,basic
CAMILA MACHADO,39,GREEN,Curitiba,basic
Eduardo Melo,idade,blue,São Paulo,premium
cecília barbosa,35,blue,Rio,premium
Raíssa Costa,36,green,São Paulo,medium
Pedro Galvão,34,green,São Paulo,medium
Leonardo Dias,33,red,Rio,medio
desconhecido,43,Green,Rio,basic
Aline Moreira,50,blue,Rio,MEDIUM
José Nascimento,58,green,São Paulo,medium
Luíza Melo,34,green,SP,standard
Henrique Pereira,37,red,Não informado,medium
Carlos Rodrigues,60,green,Rio,basic
Fernanda Costa,19,verde,Rio,basic
Leonardo Ribeiro,29,roxo,Rio,basic
Raíssa Cardoso,36,Verde,Curitiba,basic
Thiago Mendes,NaN,green,São Paulo,medium
Sérgio Santos,65.0,green,Rio,basic
Raissa Freitas,"29,5",Red,Rio,premium
simão lima,44,blue,São Paulo,premium
Fernanda Rocha,52,blue,Curitiba,Médio
Henrique Assunção,50,blu,Rio,basic
Felipe Oliveira,52,green,Rio,medium
?,54,green,Rio,basic
HENRIQUE GOMES,54,green,Rio,medium
Maria Lima,47,green,Rio,basic
Ígor Cardoso,NULL,red,"São Paulo, SP",premium 
TATIANE FONSECA,46anos,Desconhecido, São Paulo,premium
 Débora  Moreira ,vinte e cinco,red,Curitiba,basic
André Cardoso,33,RED,"Curitiba, PR",medium
Maria Nunes,37,blue,curitiba,medio
Antônio Martins,26,red,RJ,gold
Erick Conceição,,green,Curitiba,medium
desconhecido,35,Desconhecido,São Paulo,premium
Sérgio Assunção,-1,green,NA,basic
Renata Carvalho,46,GREEN,Curitiba,basic
Felipe Alves,"59,0",red,Rio,MEDIUM
Patrícia Brandão,39,GREEN,RJ,basic
Tatiane Marques,22,green,Curitiba,basic
Rodrigo Araújo,21,blue,"Curitiba, PR",basic
Gabriela Barbosa,46,green,Manaus,medium
Raíssa Brandão,62,Red,São Paulo,medium
,18,red,Curitiba,medium
Pedro Brandão,38,vermelho,Rio,medium
,49,red,Curitiba,NaN
Juliana Barbosa,35,AZUL,Rio,premium
Matheus   Rodrigues,60,red,curitiba,basic
JOÃO MOREIRA,23,verde,Curitiba - PR,basic
Marcelo Rodrigues   ,34,green,Não informado,basic
Rodrigo Marques,"63,0",red,Sao Paulo,medium
Márcia Martins,31,green,São Paulo,medium
luís gomes,,red,Rio,medium
Renata Ferreira,58,Red,Rio de Janeiro,basic
Márcia Santos,27,red,RIO,basic
Letícia Rocha,65,red,São Paulo,medium
Márcia Mendes,46,red,Rio,médio
Cecília Dias,desconhecido,blue,"Rio, RJ",medium
Gustavo Freitas,None,blue,Rio,medium
Luís Rodrigues,19,Azul,Curitiba,Médio
n/a,56,green,Rio,basic
Aline Barbosa,,AZUL,Rio,medium
Felipe Santos,50,green,São Paulo,basic
Vanessa Melo,19,,Rio,basic
Isabela Ribeiro,33,green,São Paulo,medium
ÉLIDA COSTA,61,Green,RJ,basico
Luíza Simões,130,green,SP,MEDIUM
Caio Fonseca,20, green,Rio,basic
Isabela Andrade,52,rde,Rio,basic
CECÍLIA DIAS,52,VERDE ,São Paulo,medium
Luíza Silva,31,green,São Paulo,basic
Márcia Carvalho,31,blue,São Paulo, premium
ANA COSTA,36,green,?,premium
Mônica Nascimento,64,blue,São Paulo,medium
Rafael Mendes,20,blue, São Paulo,Médio
Cecília Alves,51,blue,São Paulo,Premium
Gustavo Conceição,49,green,Curitiba,basic
,42,red,São Paulo,premium
Larissa Marques,38,blue,São Paulo,premium
sérgio dias,33,red,Curitiba - PR,medium
Joao Moreira,,verde,Rio,Desconhecido
João Nunes, 37,blue,Curitiba,medium
Juliana Rocha,35,RED,Curitiba,basic
Henrique Melo,"36,5",blue,Curitiba,medium
Renata Conceição,55,blue,Rio,medium
José Freitas,56,Blue,"Curitiba, PR",basic
Fernanda Magalhães,19,VERMELHO,São Paulo,medium
Larissa Fonseca   ,50,blue,Curitiba,médio
 Pedro  Nunes ,38,None,Rio,Médio
Diego Nascimento,999,green,CWB,basic
Patrícia Galvão,18,blue,São Paulo,premium
Ígor Ribeiro,NaN,blue,Rio,premium
Leonardo Melo,20,VERMELHO, Curitiba,basic
Sérgio Brandão,130,GREEN,Curitiba,basic
Sérgio Melo,34 anos,green,São Paulo,medium
Gabriela Gomes,22,blue,Rio, medium
  Juliana Moreira,46,,Curitiba,basic
Patrícia Martins,24,blue,rio,medium
PATRÍCIA LIMA,27,red,São Paulo,medium
Simao Barbosa,40,green,Rio,medium
Julia Nascimento,52,red,"São Paulo, SP",medium
Mariana Gomes,57.0,green,Curitiba,basic
Gustavo Oliveira,39,red,sp,premium
Tatiane Martins,41,VERDE ,São Paulo,Médio
Marcelo Santos,--,red,Curitiba,medium
Mônica Lima,"27,0",green,Rio,basic 
Diego Ferreira,47,red,SP,medium
José Freitas,39 ANOS,blue,São Paulo,standard
Fernanda Freitas,43 anos,green,Rio,medium
Renata Rocha,58,green,Rio,basic
Antônio Alves,56,blue,Curitiba - PR,médio
Fernanda Alves,56.0,blue ,Curitiba,medium
 Erick  Nunes ,41,green,Curitiba,medium
Igor Rodrigues,36,green,Curitiba,basic
Natália Andrade,20,blue,?,premium
Aline Costa,52,red,Rio de Janeiro - RJ,medium
Márcia Costa,"56,5",red,Rio,medium
  Marcelo Oliveira,xx,blue,Curitiba,basic
Patrícia Cardoso,21,blue,Curitiba,Basic
Marcelo   Freitas,55,red,Rio,medium
Thiago Rodrigues,45,blue,Curitiba - PR,medium
Caio Brandão,30,,Curitiba,premium 
Andre Cardoso,53, red ,"Curitiba, PR",basic
 Sérgio  Cardoso ,24 Anos,green,Curitiba,basic
JULIANA ALVES,0,green,sp,medium
Aline Machado,24,blue,Rio,medium
Patrícia Carvalho,20,Azul,Rio,medium
Rafael Melo   ,"34,5",red,São Paulo,premium
  Mariana Andrade,52 Anos,Blue,Curitiba,medium
Raíssa Simões,45,blue,Rio,medium
Henrique Pereira,26,green,Curitiba,basic
José Andrade,38,red,Curitiba,medium
Simão Simões,42,vermelho,Rio,premium
Henrique Simões,61,blue,São Paulo,premium
ana assunção,  31  ,vermelho,Rio,medium
ÉLIDA MAGALHÃES,23,blue,São Paulo,premium
Rafael Assunção   ,38,green,Curitiba,basic
Mariana Galvão,35.0,verde,Rio,medium
Ígor Cardoso,27, green,Curitiba - PR,basic
Henrique Moreira,60,Green,Não informado,basic
Patrícia Simões,21,red,Rio,medium
 Letícia  Costa ,36,blue ,São Paulo,premium
Eduardo Carvalho,41 anos,Green,Rio,medium
Natália Fonseca,32,blue,São Paulo,premium
Élida Conceição,23,red,Curitiba,medium
Vanessa Santos,37,blue,São Paulo,premium 
  Leonardo Ferreira,46,blue,RJ,MEDIUM
Renata Marques,30,green,Rio de Janeiro,medium
Diego Ribeiro,60,blue,Rio,medium
Leonardo Rocha,25,blue,Curitiba,basic
Cecília Gomes,54.0,red,Rio,basic
Caio Melo,21anos,Blue,Curitiba,basic
Tatiane Fonseca,56,red,São Paulo,medium
Lucas Moreira,26,red,São Paulo,medium
Natália Fonseca,56,green,São Paulo,
otávio andrade,null,green,São Paulo,medium
Simão Oliveira,56,red,rio de janeiro,basic
Luíza Assunção,64,red,Rio,medium
não informado,52,blue,Rio,medium
Mônica   Freitas,46,green,Rio,medium
Vanessa Fonseca,29,?,Curitiba,medium
NaN,22,blue,Rio,premium
Carlos Ferreira,44,green,Rio,gold
Márcia Rocha,60,green,curitiba pr,basic
André Galvão   ,46.0,red,Rio,basic
Fernanda Melo,37,blue, Curitiba,medium
Márcia Simões,55,blue,CURITIBA,medium
Beatriz Conceição,49,Red,Rio,MEDIUM
ANDRÉ ASSUNÇÃO,56.0,green,Rio,basic
N/A,47,blue,Curitiba,basic
Ígor Simões,64,red,Rio,MEDIUM
Márcia Andrade,61, blue,Curitiba,medium
Luís Santos,28,green,NULL,medium
  Rafael Souza,18,Sem informação,São Paulo,premium
LARISSA ARAÚJO,46,blue,São Paulo,standard
Letícia Freitas,62,red,Recife,medium
Larissa Barbosa,39,Azul,Rio ,premium
mariana souza,50,Vermelho,Curitiba,medium
MARIA FONSECA,48,NA,São Paulo,medium
Tatiane Ribeiro,30,BLUE,"Curitiba, PR",medium
henrique araújo,52,Vermelho,Curitiba/PR,medium
Rodrigo Galvão,62,red,São Paulo,medium
Conceição Santos,54,red,São Paulo, premium
null,60,red,Curitiba,basic
Thiago Freitas,57,green,Curitiba,basic
Felipe Brandao,49,blue,São Paulo,premium
Diego Brandão,35,blue,São Paulo,premium
Erick Gomes,51,red,Curitiba,basic
Ana Araujo,52, red ,Curitiba,medium
 Erick  Barbosa ,58anos,red,Curitiba,basic
Bruna Santos,44,red, São Paulo,medium
Carlos Nascimento,61,red,São Paulo,medium
Erick Conceição,53,green,são paulo,medium
Diego Simões,20,green,Rio,basic
Márcia Silva,NaN,blue,Curitiba,medium
Natália Gomes,49,red,Curitiba,basic
Otávio Conceição,49,blue,Curitiba,medium
João Santos,52,AZUL,Rio de Janeiro - RJ,platinum
Juliana Rodrigues,50,green, Curitiba,basic
Sérgio Dias,24,red,Curitiba,vip
José Barbosa,25-30,red,Rio,basic
caio andrade,36,vermelho,SÃO PAULO,medium
Camila Marques,41,Não informado,Rio,não informado
Mariana Oliveira,65,não informado,Curitiba,standard
Luíza Lima,22,purple,São Paulo,premium
Henrique Costa,26, green,Curitiba,basic
Renata Oliveira,64,green,Curitiba,basic
Ígor Andrade,20,green,São Paulo,medium
renata fonseca,32,green,Rio,medium
Simão Mendes,22, green,NA,MEDIUM
Vinicius Conceicao,65,red,Curitiba,basic
ANA MOREIRA, 49,green,curitiba pr,basic
Fábio Rodrigues,60,roxo,Curitiba - PR,Básico
Caio Freitas,130,blue,Rio ,premium
conceição santos,54,red,São Paulo, medium
Juliana Santos,38 anos,NULL,Curitiba,basic
Patrícia Magalhães,22.7,blue,Curitiba/PR,medium
Letícia Dias,38,preto,Curitiba - PR,medium
Natália Magalhães,43,blue,Curitiba,medium
Matheus Magalhães,23,vermelho,Rio,medium
Patrícia Nascimento,43,green,Curitiba,basic
Fábio Araújo,32,GREEN,São Paulo,premium
André Assunção,56,NA,curitiba pr,BASIC
Júlia Machado,61,Azul,São Paulo,premium
Patrícia Fonseca,21.0,green,Curitiba,basic
BEATRIZ FONSECA,"42,0",blue,São Paulo,medium
Maria Cardoso,28,red,Curitiba,medium
Cecília Barbosa,Desconhecido,purple,Curitiba,medium
Juliana Carvalho,24,red,São Paulo,medium
Simao Santos,59, green,Florianópolis,basic
Patrícia Santos,27,blue,Curitiba,basic
Camila Ferreira,33anos,blue,Rio,PREMIUM
Maria Lima,60,red, São Paulo,medium
erick nascimento,N/A,red,São Paulo,medium
Isabela Brandão,44,vermelho,Curitiba,medium
Lucas Alves,35,green,Curitiba,basic 
Ígor Andrade,42,blue,Rio,premium
Antônio Rodrigues,58,green,Rio ,medium
Sérgio Martins,45,red,Curitiba,médio
Otávio Costa,51,green,Rio de Janeiro,Basic
N/A,36.0,Azul,não informado,medium
renata andrade,61,green,Rio,basic
thiago brandão,  48  ,blue,Rio ,premium
Leonardo Andrade,65,blue,Curitiba,medium
André Andrade,53,blue,São Paulo,premium
Gustavo Magalhães,38,red,RJ,medium
,,,,
Raíssa Silva,19,red,São Paulo,medium
Ígor Souza,39,blue,Rio,Premium
Ana Assunção,31,red,São Paulo,premium
Vinícius Conceição,50,red,Curitiba,basic
Ana Galvão,51, blue,CURITIBA,medium
Henrique Ribeiro,60.0,green,São Paulo,medium
Gabriela Dias,"27,0",green,Manaus,medium
Cecília Araújo,39,green,rio de janeiro,medium
Rafael Santos,22, green,rio,Médio
Lucas Moreira,34,VERMELHO,São Paulo,premium
André Nunes,55,red,null,medium
Aline Fonseca,52,green,Curitiba,basic
MARCELO DIAS,NaN,blue,São Paulo,premium
Matheus Alves,45,blue,Rio,premium
Débora   Rodrigues,30,red,Rio,médio
Ígor Marques,desconhecido,red,Rio,medium
André Pereira,49,green,Curitiba,basic
Isabela Araujo,"59,0",red,São Paulo,basic
Débora Simões,29,blue,Rio,premium
João Dias,32,Verde,Rio ,medium
Otávio Pereira,3O,-,São Paulo,medium
Raíssa Magalhães,25,blue,SÃO PAULO,premium
Tatiane Carvalho,42,blue,Rio,premium
,,,,
Fernanda Mendes,62,red,Rio,basic
Letícia Martins,56,green,null,medium
 Carlos  Cardoso ,65 ANOS,red,"São Paulo, SP",medium
Caio Lima,37 Anos,blue,Rio,premium
N/A,30anos,green,Curitiba,basic
Simão Nascimento,23,red,Rio,basic
José Moreira,29,red,São Paulo,medium
Simão Pereira,23,red,Curitiba,não informado
Otávio Marques,57.0,?,Curitiba/PR,medium
Felipe Santos,58,blue,Curitiba,basic
João Andrade,34 ,red,Curitiba,medium
José Martins,2S,red,Rio,medium
Gabriela Magalhães,38,green,Rio,basic
Conceição Assunção,28,blue,CURITIBA,premium
Thiago Andrade,57,VERDE ,RIO,basic
Vanessa Martins,58 Anos,,Rio,medium
Caio Magalhães,"18,0",blue,Rio,medium
Erick Melo   ,43 anos,blue,Sao Paulo/SP,premium
Débora Fonseca,32,blue ,Curitiba,medium
Carlos Galvão,19,blue,Curitiba,MEDIUM
n/a,47,Green,Florianópolis,medium
Marcelo Santos,,blue,Rio,premium
LEONARDO NUNES,23,red,Curitiba,medium
Henrique Melo,20,purple,Rio,basic
sérgio gomes,,VERDE ,Porto Alegre,basico
Rafael Pereira,40,green,Rio,medium
Simão Araújo,55,green,curitiba pr,básico
Maria Alves,33,red,Rio,medium
Fábio Cardoso,54,rde,"São Paulo, SP",premium
Erick Cardoso,62 anos,blue,--,medium
CECÍLIA GOMES,19,preto,Curitiba,?
Natália Ribeiro,37,blue,Curitiba,medium
Raíssa Machado,53,VERMELHO,Rio,básico
Fábio Barbosa,30,blue,Desconhecido,standard
Eduardo Cardoso,  64  ,green,Manaus,medium
Lucas Oliveira,24,blue,Rio,medium
Erick Pereira,18,AZUL,Curitiba,medium
Juliana Marques,61,blue,Rio,medium
Luíza Santos,39,red,Rio,medium
Felipe Oliveira,64,Azul,Rio,medium
Patrícia Cardoso   ,28,green,Curitiba,basic
João   Conceição,32,não informado,Belo Horizonte,premium
Otávio Silva,46,green,Rio,basic
EDUARDO GALVÃO,36,GREEN,curitiba pr,medium
Larissa Marques,39,blue,CWB,medium
Larissa Fonseca,54,green,rio,--
Caio Assunção,60,purple,Curitiba,medium
Erick Marques,56,green,Rio,basic
Rafael Martins,56 ,verde,Curitiba,?
Simão Silva,36 anos,Verde,Rio,medium
João Andrade,29,green,rio,free
Luís Mendes,52,Green,Rio,basic
 Marcelo  Rodrigues ,,,Curitiba,basic
Antônio Gomes,29,blu,Florianópolis,basic
Ígor Dias,27,red,São Paulo,premium
Patrícia Rocha,60,red,rio de janeiro,medium
Antônio Gomes,150,red,Curitiba,
Márcia Pereira,20,verde,São Paulo,medium
Antônio Nunes,26 ANOS,green,Manaus,basic
HENRIQUE MELO,35,red,Rio,premium
juliana nascimento,49,green,São Paulo,medium
MARIA ALVES,25 ,red,Curitiba - PR,basic
Isabela Gomes,47,green,SP,medium
Renata Simões,23,green,CURITIBA,basic
Thiago Cardoso,59,blue,São Paulo,premium
  Cecília Pereira,63,green,SP,basic
Patrícia Brandão,30,blue,n/a,premium 
  Thiago Silva,200,blue,Rio,medium
Luís Lima,48 Anos,green,Rio,basic
Rodrigo Rocha,3,green,Curitiba,basic
Rodrigo Cardoso,30,green, Curitiba,basic
Raíssa Lima,,azul,Curitiba,medium
Cecília Cardoso,49,Red,São Paulo,medium
camila assunção,42,Red,Rio,medium
Júlia Machado,54,purple,Curitiba,medium
Carlos Mendes,47,green,São Paulo,basic
Conceição Barbosa,35,red,Rio,medium
Leonardo Melo,63,blue,Rio de Janeiro - RJ,medium
Diego Machado,52,GREEN,São Paulo - SP,medium
João Pereira,64, red ,Curitiba,basic 
Fábio Silva,"37,0",red,São Paulo,premium
Rodrigo Souza,,Sem informação,CURITIBA,Medium
Maria Ribeiro,52,Vermelho,SP,premium
Fábio Brandão,61,blue,Rio,medium
 Rodrigo  Brandão ,vinte e cinco,blue,Rio,premium
Juliana Oliveira,34,azul,São Paulo,premium
Ana Brandão,44,Desconhecido,Rio,medium
Beatriz Araújo,63,Desconhecido,São Paulo - SP,medium
Thiago Oliveira,25,red,São Paulo,medium
simão santos,53,green,Curitiba,basic
 Camila  Galvão ,não informado,blue,Rio,premium
Vinícius Silva,43,red,Curitiba,medium
Camila Barbosa,43,Vermelho,São Paulo,premium
Carlos Oliveira,20,red,Rio,medium
Luís Freitas,36,blue,Porto Alegre,gold
Renata   Rocha,48,Vermelho,SP,medium
Natália Rocha,48,red,Curitiba,basic
Carlos Silva,33,blue,rio de janeiro/rj,medium
Pedro Ferreira,44,red,CURITIBA,Medium
André Conceição,--, green,"Curitiba, PR",basico
Raíssa Moreira,35,green,São Paulo,medium
Rafael Oliveira,36,blue,São Paulo,premium
Gustavo Carvalho,,?,Rio,medium
letícia oliveira,31,blue,Manaus,medium
Larissa Magalhães,41 ,blue,rio de janeiro,medium
Gustavo Melo,60,blue,Rio,Premium
,,,,
Otávio Mendes,"53,0",gren,Rio,medium
Camila Santos,29,red,São Paulo,Medium
Leonardo Dias,50,não informado,São Paulo,medium
Henrique Nascimento,18,green,São Paulo - SP,NaN
Andre Simoes,32,blue,Rio de Janeiro,premium
natália alves,  48  ,red,curitiba,basic
Júlia Gomes,43,Blue,CWB,medium
Camila Machado,3O,blue,São Paulo,premium
Juliana Magalhães,38,red,N/A,medium
Gabriela Nunes,64,BLUE,rio,premium
Rodrigo Fonseca,53,blue, Curitiba,medium
Thiago Rocha   ,33,blue,São Paulo,premium
Thiago Araújo,19,blue,"São Paulo, SP",premium
Diego Freitas, 23,red,Manaus,basic
None,7,green,Curitiba,basic
João Galvão,36,blue,São Paulo,premium
Larissa Dias,32,green,São Paulo,medio
Maria Marques,48,green,Rio,basic
 Pedro  Ferreira ,22,green,São Paulo,medium
Vanessa Carvalho,62,Sem informação,Curitiba,Sem informação
JÚLIA ALVES,48,--,Rio,premium
Aline   Gomes,36,?,Rio,medium
Élida Lima,19, green,Rio,Médio
Cecília Araújo,41,,Rio,medium
Vanessa Barbosa,36,yellow,Curitiba/PR,medium
Mariana Carvalho,47,blue,Curitiba,medium
Lucas Lima,45,blue,Curitiba, medium
João Fonseca,37,green,,basic
Sérgio Araújo,32,BLUE,Curitiba,medium
Mônica Marques,20,green,Rio,basic
null,61,não informado,Curitiba,medium
Mônica Marques,18,preto,Rio,medium
Isabela Santos,26,vermelho,São Paulo,medium
Vinícius Nunes,xx,desconhecido,"Curitiba, PR",free
Rafael Machado,64,red,São Paulo,medium
  Letícia Nunes,40,green,RJ,medium
Carlos Ferreira,19,amarelo,Curitiba,null
Simão Simões,?,red, Curitiba,medium
  Vanessa Alves,64,blue,Rio,medium
Ana Galvão,3O,blue,Curitiba,medium
Cecília Magalhães,37 ANOS,red,Rio,medium
-,null,red,São Paulo,Medium
Lucas Conceição,29,blue,NA,premium
Fábio Araújo,57,green,"Curitiba, PR",basic
Rodrigo Carvalho,"57,0",green, Curitiba,basic
Isabela Alves,26,red,São Paulo,premium 
  Otávio Barbosa,26,red,Rio,medium
Leonardo Alves,"54,0",red,São Paulo,medium
Natália Dias,19,green,São Paulo,basic
 Sérgio  Brandão ,26,red,,medium
Larissa   Barbosa,60,blue,Curitiba,medium
Gabriela Freitas,27,verde,Curitiba,basic 
thiago silva,43,green,Rio,basic
Vinícius Melo,22,red,Curitiba - PR,basic
Henrique Galvão,51,green,Rio,basic
Camila Santos,51,green, Curitiba,Básico
ALINE ASSUNÇÃO,42, red ,São Paulo,medium
Tatiane Souza,62,green,Rio de Janeiro - RJ,Básico
Diego Alves,22 ,green,São Paulo,medium
Gabriela Cardoso,18 ,blue,Curitiba,standard
Rafael Dias,22.0,RED,rio,basic
Vinícius Rocha,47,red,São Paulo,medium
Caio Melo,33,blue,NA,premium
Isabela Ribeiro,"50,0",green,São Paulo,medium
Eduardo Gomes,44,VERDE ,São Paulo,medio
CAMILA MAGALHÃES,57.0,red,Rio,medio
  Diego Nascimento,idade,?,RJ,medium
Caio Marques,31,green,Rio,medium
Carlos Freitas,22,blue,Curitiba/PR,medium
LEONARDO FONSECA,23,red,Rio,medium
Raíssa Ferreira,49,blue,Sao Paulo,premium
NATÁLIA MOREIRA,61,green,CURITIBA,basic
LUCAS SILVA,53.0,green,Rio,basic
Márcia Galvão,56,Vermelho,Sao Paulo,medium
Fernanda Santos,42,blue,Rio,premium
NaN,18,Verde,Rio ,básico
 Luís  Dias ,35,NULL,Rio,medium
CECÍLIA BARBOSA,27,Azul,Curitiba,medium
Luís Melo,19 ,yellow,São Paulo,medium
Isabela Cardoso,62,red,Rio,basic
Lucas Andrade,60,VERMELHO,São Paulo - SP,premium
Aline Ribeiro,26,red,Curitiba,basic
Natália Brandão,31,blue,São Paulo,premium
caio araújo,32,blue,Rio,premium
 Maria  Nascimento ,49,green,São Paulo,medium
Matheus Nunes,25-30,red,rio,premium
JOÃO SILVA,20,red,São Paulo,premium
 Thiago  Ribeiro ,46,blue,Rio,premium
Maria Fonseca,44,blue,"Rio, RJ",medium
Ígor Costa,49,red,Curitiba,basic
Thiago Carvalho,65,blue ,Rio,vip
ANA ALVES,26,green,Curitiba,basic
CAIO SIMÕES,45,blue,rio de janeiro,premium
Mariana Araújo,  54  ,green,Rio,básico
Fábio Dias,50,Green,São Paulo,medium
João Gomes,33,AZUL,Curitiba,premium
Felipe Lima,49,blue,Curitiba,medium
Felipe Mendes,21 Anos,blue,São Paulo,premium
 João  Ferreira ,Sem informação,Red, São Paulo, medium
Rodrigo Ribeiro,62,red,São Paulo,medium
LUÍZA PEREIRA,42.0,blue,desconhecido,premium
Letícia Gomes,65,red,São Paulo,medium
Julia Dias,57, red ,Desconhecido, medium
Luís Simões,36,GREEN,São Paulo,premium
Erick Pereira,61,Green,Salvador,Básico
Isabela Cardoso,26,Azul,SÃO PAULO,medium
Camila Mendes,58,red,Brasília,medium
Matheus Souza,trinta e dois,green,Sao Paulo/SP,medium
Mariana Alves,26,blue,São Paulo,NaN
Isabela Cardoso,48,red,Curitiba,medium
Pedro Conceição,19,red,Curitiba,Básico
Marcelo Gomes,35,Green,Belo Horizonte,medium
Beatriz Nascimento,45,blue,Rio,PREMIUM
Conceição Conceição,65,blue,Rio,medium
Tatiane Simões,59,blue,São Paulo,premium 
Camila Pereira,35,green,São Paulo,medium
Felipe Santos,57,red,Rio,basic
Bruna Freitas,-1,blue,São Paulo,premium
Erick Cardoso,21,VERMELHO,Rio,medio
Aline Andrade,40 anos,green,Rio,medium
Vinícius Ribeiro,36,blue,Rio,premium
Leonardo Rodrigues,35.0,green,Manaus,basic
Fábio Dias,51.0,-,Rio,Medium
ígor gomes,55,green,São Paulo,basic
Luíza Galvão,48,green,São Paulo,MEDIUM
João Carvalho,65,green,RIO,basic
Sérgio Andrade,49,green,Florianópolis,basic
Isabela Pereira,54,Azul,Rio de Janeiro - RJ,medium
Aline Assuncao,24 Anos,green,São Paulo,basic 
Júlia Freitas,38,red,São Paulo,premium
Luís Dias,43,green,sao paulo, premium
Gustavo Simoes,50 Anos,blue,Curitiba,medium
Cecília Rodrigues,39,RED,Curitiba,MEDIUM
thiago dias,52,green,Curitiba,basic
 Antônio  Mendes ,7,red,Rio,Médio
MARIANA MENDES,48 Anos,green,São Paulo,medium
raíssa cardoso,58,green,São Paulo,medium
Larissa Dias,  47  ,red,São Paulo,premium
Marcelo Santos,51,blue,Rio,basic
Fernanda Nascimento,NULL, blue,São Paulo,premium
Débora Ferreira,31,green,Rio,medium
Tatiane Rodrigues,55,blue,Curitiba,medium
Gabriela Silva,24,red,São Paulo,médio
Leonardo Santos,"57,5",Desconhecido,São Paulo - SP,medium
Bruna Ribeiro,19,green,Florianópolis,basic
Henrique Conceição,61 ,red,Curitiba,basic
Débora Mendes,32,green,São Paulo,medium
Luis Nascimento,18,red,São Paulo,Médio
Cecília Marques,45,blue,rio de janeiro/rj,medium
Eduardo Santos,52,blue,Porto Alegre,platinum
Mariana Lima,33,azul,Curitiba,médio
João Pereira,57,green,São Paulo,medio
Débora Machado   ,47,Azul,Sem informação,medium
Maria Carvalho,39,blue,Curitiba,MEDIUM
Patrícia Barbosa,48,green,Recife,basic
Marcelo Martins,xx,blue,Rio,medium
Aline Mendes,65,blue,Curitiba,basic
Élida Machado,45,red,Rio,medium
Leonardo Cardoso,23,red,Rio,medium
  Vanessa Alves,"36,5",AZUL,São Paulo,premium
Bruna Nunes,55, green,Rio,basic
Henrique Barbosa,50,red,Curitiba,medio
Márcia Magalhães,63,red,curitiba pr,basic
Otávio Brandão,-1,green,Rio,basic 
Leonardo Galvão,48,blue,Rio,medium
null,52.7,n/a,São Paulo,medium
Aline Oliveira,26.0,green,"Rio, RJ",basic
Isabela Assunção,34,,RJ,basic
Matheus Ribeiro,62.5,green,São Paulo,Médio
Vanessa Assunção,24,blue,Curitiba,medium
Marcelo Barbosa,36,blue ,São Paulo - SP,premium
Diego Araújo,51,green,RJ,basic
Vanessa Simoes,46,red,Florianópolis,basic
LUÍZA FERREIRA,22,red,São Paulo,medium
Patrícia Simões,33,blue,Rio,premium
Mariana Cardoso,46,Azul,Curitiba,gold
Pedro Lima,47,RED,Curitiba,basic
Élida Araújo,33,red,São Paulo,premium
Marcelo Lima,26,blue ,"Rio, RJ",medium
Jose Rodrigues,58,verde,São Paulo,medium
Débora Pereira,41,BLUE,Rio,premium
 Bruna  Magalhães ,trinta e dois,green,Curitiba,basic
não informado,-25,verde,Curitiba,basic
  Carlos Alves,20,red,CWB,basic
Gabriela Simões,45,green,Rio,medium
Otávio Ferreira,--,red,curitiba,básico
Leonardo Araújo,38,red,Rio,medium
Tatiane Assunção,-25,blue,Rio,medium
Lucas Cardoso,43,Vermelho,São Paulo,premium
Rafael Araújo,28, red ,SÃO PAULO,PREMIUM
ANDRÉ NUNES,18,green,Florianópolis,basic
Débora Melo,55,blue,Rio,medium
Carlos Brandão,48,blue,São Paulo,premium
Lucas   Costa,40 Anos,red,RIO,medium
Juliana Magalhães,52,red,Curitiba,basic
José Conceição,25,blue,"São Paulo, SP",premium
Márcia Dias,18,green,Curitiba,basic
Conceição Lima,19 anos,green,São Paulo,medium
Patrícia Simões,32,blue,Recife,medium
Erick Brandão,59.7,blue,rio de janeiro/rj,
Larissa Ribeiro,27,green,Rio,medium
Antônio Rocha,24,green,São Paulo,basic 
André Gomes,--,red,São Paulo,premium
Gabriela Carvalho,3O,red,RJ,basico
Renata Conceição, 31,blue,SP,medium
joão araújo,48,Azul,São Paulo,Médio
Felipe Nunes,21,red,Curitiba,basic
Antônio Pereira,idade,red,Curitiba,medium
Vinícius Oliveira,58 Anos,Green,RIO,basic
n/a,36,blue,São Paulo,gold
Marcelo Mendes,50.0, green,Rio,basic
Conceição Araújo,36.0,green,NA,basic
VANESSA NUNES,62,blue,Curitiba,medium
desconhecido,55,blue,Rio,free
Natália Lima,46,red,Rio,basic 
Natália Barbosa,34,green,CURITIBA,medium
Mônica Ferreira,39,green,Curitiba - PR,basic
MÔNICA NASCIMENTO,41,green,São Paulo,medium
Fábio Rocha,35anos,blue,São Paulo,premium
Gustavo Fonseca,25,green,Curitiba,basic
Mariana Souza,20,Azul,São Paulo,Premium
Erick Ferreira,62,red,Rio,medium
Renata Dias,35,blue,Sao Paulo,premium
Sérgio Andrade,33,VERDE , Curitiba,basic
Isabela Simões,28,Não informado,Rio,medium
Tatiane Melo,64anos,green,Curitiba,basic
josé moreira,29 anos,blue,Curitiba,MEDIUM
Patricia Galvao,40,green,sao paulo,medium
Mariana Alves,xx,blue,Rio,NA
Márcia Assunção,33,blue,Rio,premium 
Diego Carvalho,29, green,Curitiba,medium
Isabela Rocha,43,VERMELHO,São Paulo,premium
?,56,green,Curitiba,basic
Otávio Simões,34,blue,Rio,premium
Isabela Rocha,31 Anos,green,Curitiba,BASIC
Rafael Conceição,60,red,Curitiba,medium
Conceição Oliveira,41,red,Curitiba,medium
Mônica Carvalho,39,VERDE ,sp,premium
Eduardo Ribeiro,41.0,green,São Paulo,medium
Beatriz Barbosa,48,red,Rio,N/A
Élida Brandão,32,green,Rio,medium
Júlia Santos,33,green,Curitiba,medium
Vanessa   Alves,130,green,São Paulo,medium
José Rocha,50,green,Curitiba,basic
Maria Rodrigues,54,green,rio de janeiro,basic
OTÁVIO MOREIRA,57,red,São Paulo,medium
Bruna Ribeiro,29,blue,Curitiba/PR,medium
Juliana Gomes,26,blue,SP,premium
Patrícia Rocha,63,blue,Rio de Janeiro,medium
,,,,
Conceição Nunes,52,VERMELHO,Rio,basic
Lucas Santos,null,red,São Paulo,premium
Felipe Martins,61,red,Curitiba,Basic
Conceição Marques,NULL,blue,Curitiba,medium
Conceição Oliveira,19,gren,São Paulo,medium
 Aline  Assunção ,28,blue,São Paulo,premium
Rafael Mendes,30,blue,São Paulo,premium
Mariana Freitas,43,Red,Curitiba/PR,medium
Ígor Machado,24,green,Curitiba,básico
  Fábio Souza,62.0,red,Rio,medium
Gabriela Ribeiro,29 anos,blue,São Paulo,premium
Letícia Gomes,59,azul,Curitiba,medium
Diego Freitas,  53  ,green,Rio,Básico
Bruna Magalhães,27,vermelho,São Paulo,medium
Élida Alves,18,blue,São Paulo,premium
vanessa cardoso,57,red,Rio,basic
conceição andrade,61,red,Rio,medium
Élida Moreira,60,blue,São Paulo,premium
Vinícius Nascimento,51,red, Curitiba,basic
Ígor Oliveira,18.0,,Curitiba,medium
Otavio Machado,Sem informação,red,?,medium
Ígor Rocha,xx,blue,São Paulo,premium
Pedro Fonseca,51anos,green,Curitiba,basic
  Rodrigo Freitas,62,green,São Paulo,free
MÁRCIA NASCIMENTO,34,rde,São Paulo,vip
Matheus Freitas,60,blue ,Rio,NA
Rodrigo Carvalho,42 Anos,green,Curitiba,
diego nunes,7,blue,Rio,premium
fernanda oliveira,36.0,Verde,Rio,medium
otávio brandão,  19  ,blue, São Paulo,premium
Mônica Fonseca,NaN,blue,curitiba pr,medium
Letícia Barbosa,34,blue,SÃO PAULO,vip
Gustavo Martins,"23,0",green,Curitiba,basic
NULL,30,vermelho,"Rio, RJ",medium
ALINE MELO,29,blue,São Paulo, premium
Júlia Silva,38,Vermelho,Curitiba,medium
Felipe Dias,27,blue ,Rio ,premium
Luíza Brandão,60,green,Salvador,basic
Sérgio Costa,21,blue,Rio,medium
Caio Nunes,34,rde,RIO,Não informado
Vanessa Rocha,40, green,"Curitiba, PR",basic
Ígor Carvalho,-25,red,São Paulo,premium
Élida Simões,3,blue,NULL,medium
Fernanda Nascimento,30, green,curitiba,NA
Gabriela Freitas,37,Desconhecido,RJ,premium
Letícia Melo,54,red,"São Paulo, SP",?
Antônio Conceição,39,null,São Paulo,medium
Thiago Carvalho,55,green,curitiba,basic
Thiago Rocha,40,blue,Rio,premium
Conceição Brandão,29,red,Curitiba,basic
Letícia Gomes,31,None,sao paulo,medium
renata santos,50,green,Curitiba,basic
Thiago Nunes,41,red,São Paulo,premium
Cecília Rodrigues,-25,red,rio,medium
aline ferreira,20,green,Rio,basic
Isabela Mendes,49,green,RIO,basic
Juliana Lima,31,N/A, Curitiba,premium
Conceição Magalhães,33,green,Rio,medium
VINÍCIUS RIBEIRO,53 Anos,green,Curitiba,basic 
Júlia Souza   ,32,red,sao paulo, premium
Erick Souza,150,blue,São Paulo,premium
Rafael Dias,44.0,blue,Rio, premium
matheus galvão,44.0,red,São Paulo,premium
Isabela Barbosa,43,blue,São Paulo,premium
Vinícius Nascimento,42, blue,Rio, premium
Caio Brandão,29,verde,São Paulo,medium
Rodrigo Carvalho,58,blue,Curitiba,medium
henrique oliveira,40,red,Rio,medium
Lucas Oliveira   ,36,blue,Rio de Janeiro - RJ,premium
João Ribeiro,34,green,São Paulo,medium
felipe nunes,64,green,Curitiba,basic
Diego Conceição, 29,green,Rio,medium
Raíssa Martins,45.0,red,NA,medium
camila alves,61.0,blue,Rio de Janeiro,premium
José Silva,33,green,São Paulo,premium
Camila Moreira,65,n/a, São Paulo,medium
Márcia Dias,130,Green,Curitiba,basic
Eduardo Marques,27,VERDE ,São Paulo,medium
Felipe Araújo,35 ANOS,green,Rio,medium
Maria Freitas,--,green,Curitiba,basic
Leonardo Dias,31,green,Curitiba,medium
Raíssa Moreira,63anos,GREEN,Curitiba,basic
Otávio Andrade,41,green,Rio,médio
Antônio Santos,61,red,Rio,não informado
Sérgio Melo,48,RED,Curitiba,basic
Eduardo Melo,21,blue,São Paulo,premium
Vanessa Costa,33,?,rio de janeiro/rj,medium
Fernanda Araújo   ,56,red,Rio,basic 
José Moreira,2S,blue,Curitiba,basic
Leonardo Souza,23,green,Rio,basic
Henrique Machado,20,green,Curitiba,basic
Renata Simões,,green,--,medium
Gabriela Pereira,23,BLUE,São Paulo,medium
Otávio Brandão,19,green,Porto Alegre,medium
Caio Ribeiro,19,green,"Curitiba, PR",basic
Ígor Mendes,26 ANOS,red,São Paulo,medium
Felipe Conceição,36,red,Rio de Janeiro,medium
Thiago Cardoso,idade,blue,São Paulo,premium
Marcelo Moreira,49,red,Rio,basic
Fernanda Simões,56,blue,Curitiba,medium
Thiago Araujo,22,green,São Paulo,basic
,50 Anos,green,Rio,basic
Juliana Pereira,36,Blue,São Paulo,premium
Beatriz Carvalho,47,blue ,Curitiba,BASIC
Igor Marques,27anos,verde,Curitiba,basic
Ígor Machado,31,red,Rio,medium
Bruna Melo,36,red,Curitiba,medium
Camila Martins,63,red,Curitiba,medium
Antônio Santos,50,green,Curitiba,basic
Simão Rodrigues,19,blue,São Paulo,premium
Pedro Assunção,18,red,curitiba pr,basic
Aline Brandão,"21,0",não informado,"Rio, RJ",Basic
Fábio Nascimento   ,37 anos,blue,Curitiba,medium
Diego Simões,50,green, São Paulo,basic
Tatiane Melo,24,VERMELHO,Curitiba,?
Débora Marques,  19  ,preto,SÃO PAULO,basic
,48,red,São Paulo,medium
Sérgio Melo,63 Anos,Sem informação,São Paulo,medium
  Mônica Carvalho,38,red,Curitiba,basic
?,55.0,green,"São Paulo, SP",medium
Carlos Machado,43,red,Curitiba,Básico
Beatriz Nunes,28,red,Rio,medium
Simão Mendes,25,não informado,Porto Alegre,Básico
Henrique Barbosa,48,red,Curitiba,medio
Rodrigo Nascimento,63,red,Rio,Médio
marcelo rocha,38,NA,Curitiba,medium
João Alves,  35  ,green,Curitiba,basic
Bruna Souza,28,VERDE ,NaN,medium
Patrícia Assunção,não informado,Verde,São Paulo,Medium
carlos assunção,63,Blue,Curitiba,medium
raíssa galvão,trinta e dois,verde,Curitiba,medium
Otávio Magalhães,20,VERDE ,São Paulo,medium
Maria Conceição,47,blue,São Paulo,premium
Débora Conceição,34,green,São Paulo,medium
José Assunção,55,green,São Paulo,medium
Carlos Silva,20, green,São Paulo,medium
camila pereira,26,red,Curitiba,basic
Antônio Assunção,44,green,São Paulo,medium
Henrique Nascimento,58,black,curitiba pr,basico
Aline Ribeiro,26,red,Curitiba,basic
Élida Ferreira,64,verde,São Paulo,medium
Júlia Alves,40,GREEN,Rio,Desconhecido
OTÁVIO MARTINS,18,vermelho,São Paulo,medium
Gabriela Araújo,31,Blue,São Paulo,premium
Patrícia Nunes,55,green,Rio,medium
Ígor Costa,NA,RED,São Paulo,premium
Diego Conceição,65,blue,Rio,medium
erick dias,20,green,Curitiba,basic
Rafael Simões,3,não informado,Rio,basic
Aline Rocha,62,,rio de janeiro/rj,medium
Mariana Souza,63,blue,Sem informação,NULL
Ana Costa,52anos,green,Recife,medium
juliana cardoso,40,rde,Curitiba,medium
Fábio   Carvalho,43.0,red,Rio,medium
Gustavo Magalhães,37,blue,Curitiba/PR,premium
Lucas Ribeiro,  52  ,,são paulo,medium
Eduardo Andrade,32,green,"Rio, RJ",medium
  Carlos Ribeiro,"61,5",GREEN,rio de janeiro,basic
None,30,green,São Paulo,medium
Mariana Andrade, 53,Verde,Curitiba,-
Camila Lima,,--,Rio,vip
André Santos,31,red,Curitiba,medium
Tatiane Ferreira,47,blue,São Paulo,premium
Eduardo Melo,3,RED,CURITIBA,Basic
Mariana Marques,54,blue,São Paulo,vip
Leonardo Lima,62.7,red,São Paulo,medium
Aline Lima,20,blue,São Paulo,premium
Aline Freitas,200,Blue,Curitiba,medium
Débora Costa,35,gren,São Paulo - SP,premium
Matheus Magalhaes,19,AZUL,Curitiba,basic 
Débora Melo,30,VERMELHO,Curitiba,medium
Thiago Moreira,47,VERDE ,Rio,BASIC
Fernanda Alves,34,Green,sao paulo,premium
 Eduardo  Assunção ,37,VERMELHO,São Paulo,medium
Erick Fonseca,40,red,RJ,medium
Erick Galvão,24,red,Curitiba,basic
Márcia Araújo,59,red,Curitiba,medium
  Luís Marques,40,green,Curitiba,medium
Rafael Rocha,60,red,"Rio, RJ",medium
Patrícia Alves,21,blue,Rio,medium
André Alves,62,green,Curitiba,basic
Simão Freitas,44,black,São Paulo,PREMIUM
Conceição Carvalho,20,green,São Paulo,medium
Matheus Martins,58,red,RJ,medium
Mariana Pereira,48,red,Curitiba,basic
Ana Nunes,33,green,São Paulo,medium
Lucas Araújo,61,blue,São Paulo,premium
Larissa Pereira,52,azul,Curitiba,basic
Maria Andrade,30 anos,VERDE ,Rio,médio
Luíza Andrade,28,blue,Rio,premium
Sérgio Simões,44,red,Rio,medium
João Nunes,36,gren,Curitiba,premium
Luís Marques,  38  ,blue ,Curitiba,premium
Aline   Cardoso,  21  ,red,Curitiba,medium
Lucas Fonseca,N/A,BLUE,São Paulo,premium
Raíssa Fonseca,26,RED,Curitiba,Basic
Otávio Silva,46, blue,sp,premium
Rafael Brandão,37 Anos,verde,Rio,medium
Juliana Andrade,,desconhecido,Curitiba,medium
Vinícius Rodrigues,50,green,,medium
Beatriz Moreira,20,blue,Rio,medium
Matheus Oliveira,48,gren,Curitiba,basic
Carlos Santos,65,blue,Rio,medium
Ígor Magalhães,25,red,Rio,platinum
Matheus Freitas,24.0,n/a,CWB,medium
Henrique Souza,63,Verde,Rio,basic
ANA COSTA,62,red,São Paulo,medium
Gabriela Galvão,,blue,Rio,basic
Tatiane Barbosa,55,,?,free
Leonardo Rodrigues,42, green,Rio,Basic
Mônica Rodrigues,63,NULL,rio,medium
Márcia Simões,54,blue,Rio,premium
Gustavo Martins,60,green,São Paulo,medium
camila rocha,34,green,Rio,medium
Eduardo Barbosa,54,green,Rio,Básico
Patrícia Nunes,59,green,São Paulo - SP,basic
Matheus Simões,26,VERDE ,Sem informação,medium
Pedro Carvalho,45,red,São Paulo,premium
Sérgio Nascimento,45,Red,Curitiba,basic
Thiago Araújo,64, blue,Rio,medium
Júlia Conceição,35,red,Curitiba,Medium
Mariana Santos,65,green, São Paulo,básico
Aline Lima,64,green,São Paulo,basic
  Ana Moreira,28,Blue,São Paulo,premium
  Eduardo Carvalho,26,green,São Paulo,medium
Juliana Alves,32,blue,Curitiba,Medium
Eduardo Machado,23,blue,São Paulo,premium
Leonardo Silva,62,blue,São Paulo,premium
Bruna Costa,57,--,CURITIBA,medium
Élida Oliveira,46 ,green,Rio,basic
Thiago Cardoso,40,blue,Curitiba,Premium
Otávio Fonseca,32,vermelho,Curitiba, medium
SIMÃO SIMÕES,29,blue,São Paulo,premium
Bruna Gomes,32,blue,Rio,premium
ANDRÉ SILVA,33,roxo,Rio de Janeiro - RJ,premium
Natália Dias,48,blue,Rio,medium
None,57,blue,Rio,Medium
SÉRGIO ARAÚJO,61,AZUL,"Rio, RJ",premium
Erick Alves,24,blue,Rio,premium
Thiago Melo,7,red,São Paulo,medium
Henrique Assunção,64.0,red,São Paulo,medium
Marcia Souza,38,RED,"São Paulo, SP",premium
Gabriela Costa,50,blue,Rio,basic
Caio Cardoso,39,green,São Paulo,medium
Thiago Moreira,None,blue,Curitiba,medium
Vanessa Moreira,44,VERMELHO,Rio,Médio
Leonardo Cardoso,35,-,NULL,free
Juliana Assunção,18,blue,São Paulo,premium
Simão Costa,"48,5",blue,Curitiba,Médio
Renata Pereira,48,Green,SÃO PAULO,basic
Júlia Alves,27.0,red,SP,medium
Gustavo Souza,59,green,Brasília,medium
Bruna Ribeiro,21 anos,green,Sao Paulo/SP,basic
Sérgio Souza,20,green,não informado,medium
Renata Marques,38,green,Curitiba,basic 
Henrique Pereira,36,blue,São Paulo,PREMIUM
eduardo galvão,,red,curitiba,basic
Felipe Assunção   ,20anos,red,Rio,basic
Patrícia Souza,35,blue,São Paulo,premium 
Felipe Fonseca,52,blue,são paulo,premium
Leonardo Nascimento,27,red,SP,medium
 Mariana  Martins ,61,red,Curitiba,basic
Élida Barbosa,32,red,Rio,premium
não informado,51,red,São Paulo,medium
Fábio Fonseca,38,Red,Rio,Premium
Thiago Freitas,54,red,rio,medium
Fabio Alves,45,red,curitiba pr,medium
Júlia Cardoso,2S,green,São Paulo,medium
João Pereira,200,green,rio,basic
Henrique Brandão,31,green, São Paulo,premium
André Assunção,xx,Blue,"Curitiba, PR",medium
Thiago Mendes,Não informado,blue,São Paulo,premium
Vinícius Cardoso,61,green,São Paulo,medium
SÉRGIO BRANDÃO,25,green,São Paulo,medium
Henrique Marques,52,blue,Rio,premium
Diego Conceição,50,red,Rio, medium
Aline Dias,  31  ,green,Curitiba,basic
Mônica Assunção,47,green,Curitiba,basic
José Carvalho,60,red,São Paulo,medium
Mariana Nunes,46,red,Rio,Medium
élida martins,999,green,Curitiba,basic
Luíza Alves,37,Azul,RJ,premium
Bruna Brandão,NA, green,Curitiba,basic
Aline Andrade   ,25,green,São Paulo,medium
André Alves,45,blue,São Paulo - SP,premium
Conceição Brandão,41 ANOS,red,Curitiba,medium
Juliana Mendes,58,red,São Paulo,premium
André Nunes,53,blue,Curitiba,--
  Juliana Rocha,57,green,Salvador,basic
Bruna Alves,2S,green,Curitiba,basic
Otavio Santos,"33,0",gren,Rio,basic
Cecília Conceição,19,red,Rio,Médio
Fernanda Gomes,18,blu,Rio,Medium
  Sérgio Moreira,60,green,Curitiba,basic
João Gomes,0,red,Sao Paulo/SP,premium
Pedro   Lima,18,red,rio de janeiro,basic
Débora Rodrigues   ,33,red,Desconhecido,medium
Mônica Mendes,65,green,Rio,medium
Matheus Cardoso, 25,red,Rio,basic
 Henrique  Santos ,26,desconhecido,Curitiba,medium
Antônio Lima,31,red,Rio,premium
Ana Pereira,18,green,sp,medium
Patrícia   Silva,35,Red,São Paulo,medium
Letícia Martins,64,N/A,Curitiba,basic
Fábio Simões,60,blue,sao paulo, premium
 Débora  Fonseca ,30,red,Curitiba,medium
Sérgio Galvão,43,green,rio de janeiro/rj,medium
Natália Nunes,51,green,Rio,basic
Fernanda Rodrigues,39,red,Curitiba,medium
Maria Alves,63 Anos,vermelho,São Paulo,Médio
José Melo,22,azul,CWB,medium
Mônica Dias,58,gren,Rio,medium
Letícia Ferreira,57,red,Rio,?
 Renata  Nascimento ,64 ANOS,red,São Paulo,premium
Carlos Freitas,56,red,Curitiba,basic
Mônica Costa,41,blue,Curitiba,medium
Henrique Melo,idade,blue,Curitiba,basic
Natália Costa,24,green,Curitiba,basic
Rafael Freitas,29,blue, São Paulo,premium
Camila Lima,19,Verde,"Rio, RJ",basic
eduardo santos,59,blu,Rio,basic
TATIANE NUNES,19 ,green,São Paulo,medium
André Marques,63,blue, Curitiba,médio
Felipe Silva,56,red, São Paulo,medium
Raíssa Carvalho,37,AZUL,Rio,N/A
Juliana Magalhaes,37,red,Curitiba,medium
Maria Araújo,xx,red,Rio,premium
Andre Gomes,57,red,Rio,basic
  Fábio Rocha,NA,,Rio,medium
Patrícia Araújo,  55  ,red,Curitiba,basic
André Nunes,32,green,Rio,medium
Larissa Pereira,64,GREEN,Rio,basic
Rodrigo Freitas,62,blue,-,premium
Juliana Melo,?,blue,Rio,medium
Antônio Oliveira,null,green,São Paulo, medium
  Felipe Assunção,"30,0",blue,São Paulo,premium
Vinícius Nunes,41,blue,São Paulo,premium
Élida Ferreira,27anos,red,Curitiba,basic
Rafael Freitas,19,AZUL,Rio, premium
Leonardo Machado,27,red,São Paulo - SP,gold
Larissa Dias,27.0,blue,São Paulo, medium
Marcia Simoes,23,verde,Rio,basic 
Erick Carvalho,57,red,São Paulo,Médio
Leonardo Moreira,44 ANOS,blue,Florianópolis,medium
Vinícius Nunes,52,blue,Curitiba,medium
Monica Silva,trinta e dois,blue,curitiba pr,medium
conceição alves,47,red,Porto Alegre,basic
Mônica Freitas,55,Red,Rio,medium
José Conceição,49,red,Rio,medium
Júlia Mendes,60,blue,São Paulo,premium
Ígor Galvão,61,blue,Não informado,medium
Joao Galvao,30,red,sp,premium
márcia ribeiro,"31,0",red,rio,premium
Pedro Araújo   ,33,red,Curitiba,medium
Gabriela Cardoso,35,blue,São Paulo,premium
Conceição Dias,41,blue,Rio,premium
carlos assunção,63,Blue,Curitiba,medium
Larissa Mendes,19,blue,São Paulo,premium
Beatriz Lima,38,blue,Curitiba,medium
null, 55,blue,"São Paulo, SP",premium
Raíssa Rocha,39,blue,SP,premium
Gustavo Carvalho,29,purple,Rio,medium
Matheus Ribeiro   ,25,blue,Curitiba,medium
Bruna Mendes,29,green,curitiba,basic
Isabela Conceição,47,desconhecido,Rio ,medium
Felipe Araujo,38,red,São Paulo,?
Henrique Rocha,60,red,Sao Paulo,medium
Aline Rodrigues,22,blue,São Paulo,premium
Simão Souza   ,25 Anos,green,Rio,medium
Larissa Pereira,61,green,Curitiba,basic
Luís Ribeiro,40,blue,São Paulo,premium
Eduardo Conceicao,59,blue,Curitiba,medium
  Henrique Freitas,32 anos,blue,São Paulo,premium
Cecília Freitas,56,red,Curitiba,medium
 Ígor  Alves ,56,blue,Curitiba,medium
Letícia Costa,NA,red,"Rio, RJ",medium
,,,,
FÁBIO SIMÕES,,red,Curitiba,basic
Otávio Carvalho,44,blue,CWB,medium
diego galvão,"57,5",VERDE ,São Paulo,medium
Luís Andrade,65 anos,blue,,premium
Isabela Rodrigues,45anos,green,"Curitiba, PR",basic
Diego Alves,62,blue,São Paulo,premium
-,51,blue,Curitiba,medium
Mariana Araújo,48,green,Curitiba,basic
Antônio Silva,30,blue,SÃO PAULO,premium
Márcia Nunes,49,blue,Rio,premium
MARCELO MARTINS, 54,green,Curitiba,básico
Raíssa Fonseca,29,green,Rio de Janeiro - RJ,medium
Júlia Cardoso,2S,green,São Paulo,medium
Eduardo Santos,59,red,Rio,basic
Simão Gomes,60,green,rio de janeiro/rj,basic
élida freitas, 19,red,Curitiba - PR,Basic
Leonardo Nascimento,65,verde,São Paulo,Basic
Pedro Costa,Desconhecido,vermelho,São Paulo,premium
Vanessa Alves   ,49,red,Rio ,medium
Natália Barbosa,22,VERMELHO,Curitiba,medium
Raíssa Ribeiro,42,green,Rio,medium
Sérgio Nascimento,34,green,Sao Paulo/SP,medium
Henrique Carvalho,51,blue,Curitiba,medium
Isabela Magalhães,26,green,São Paulo,medium
Cecília Silva,53,blue,Curitiba,medium
Ana Simões,35,blue,Curitiba,medium
Marcelo Silva,23,yellow,Curitiba - PR,basic
Marcelo Moreira,48,Sem informação,São Paulo,basic
Luíza Gomes,32,red,São Paulo,premium
Desconhecido,26,blue,Recife,premium
João Brandão,25,blue,Rio,medium
Marcia Marques,27,green,Rio,basic
Aline Gomes,7,blue ,Rio de Janeiro - RJ,premium
,44 ANOS,green,Rio de Janeiro - RJ,Medium
 Lucas  Fonseca ,26.7,blue,Rio,medium
Lucas Barbosa,44,green,São Paulo,premium
Mônica Rocha,29,blue,Rio,premium
Juliana Ribeiro,62.7,blue,Rio, medium
,57,green,Rio,None
Aline Freitas   ,53, green,curitiba,basic
Lucas Araújo,42,green,Curitiba,básico
Sérgio Mendes,2S,blue,Curitiba,basic
João Araújo,41 Anos,Red,Rio ,Medium
Ígor Freitas,19,green,Rio,basic
Erick Costa,2S,green,Rio,basic
desconhecido,33,blue,rio de janeiro,premium
Élida Carvalho,37,azul,Rio,premium
Fábio Oliveira,32,gren,São Paulo,premium
vinícius assunção, 27,green,São Paulo,medium
Fernanda Santos,desconhecido,blue,Rio,medium
Camila Lima,54,blue,CURITIBA,basic
Ígor Santos,39,green,Curitiba,basic
Raíssa Alves,38.5,red,São Paulo,premium
  Luís Barbosa,"32,0",NaN,Curitiba,medium
Renata Santos,62 anos,blue,São Paulo,premium
Antônio Ribeiro,34,red,São Paulo,medium
Vanessa Cardoso,27 ,green,CWB,basic
MARCELO CARDOSO,59,blue,Curitiba,Medium
FERNANDA SOUZA,28,blue, Curitiba,Premium
Luís Lima,37,green,Rio,basic
Conceição Carvalho,29,blue,São Paulo,premium
Pedro Araújo,60anos,red,São Paulo,medium
DÉBORA RIBEIRO,36, green,Curitiba,basic
Bruna Carvalho,35,blue,NA, premium
Gabriela Araújo,19,green,Manaus,basic
Rodrigo Brandão,26,blue,Rio,premium
Antônio Fonseca,45,Green,Curitiba,MEDIUM
Matheus Moreira,48,red,Curitiba,medium
André Oliveira,33,green,Curitiba,medium
Luís   Costa,31,VERDE ,São Paulo,medium
JÚLIA FREITAS,43,blue,Curitiba,medium
NA,trinta,green,Rio,desconhecido
Antônio Freitas,23,Green,São Paulo,medium
Conceição Melo,56,green,Rio,basic
Thiago Conceicao,56, red ,rio,medium
Júlia Pereira,63.0,Vermelho,Rio,Sem informação
Ana Simões,28,red,Rio,medium
Márcia Silva,,red,Curitiba,medium
André   Gomes,29,red,SP,premium
Ígor Lima,61,blue ,SP,premium
Beatriz Brandao,57,,São Paulo,medio
João Costa,34,blue,Curitiba,free
Luíza Barbosa,2S,green,Rio,basic 
Sérgio Nascimento,28,blue,Rio,PREMIUM
Gustavo Assunção,19,blue ,Curitiba,medium
Felipe Costa,55,Azul,Florianópolis,medium
Fernanda Ribeiro,21,red,Rio,medium
Ana Dias,26,RED,CURITIBA,basic
Simao Ferreira,54 Anos,blue,Curitiba,medium
Débora Souza,27,red,Curitiba,basic
Fernanda Araújo,42 ,green,São Paulo,medium
 Erick  Freitas ,28,blue,Curitiba,medium
Matheus Lima,Desconhecido,blue ,São Paulo,premium
henrique galvão,,blue,Curitiba,premium
Henrique   Costa,24,green,CWB,basic
Élida Brandão,40,red,São Paulo,premium
Cecilia Rocha,65,red,Curitiba,medium
Mariana   Santos,26,red,Curitiba,Medium
Élida Silva,55.0,green,São Paulo,medium
Larissa Barbosa   ,38,blue,São Paulo,NaN
Erick Dias,32,Azul,,premium
Raíssa Oliveira,32,blue,Rio,premium
Fabio Simoes,25,red,São Paulo,medium
Gabriela Cardoso,28,Vermelho,Rio,Sem informação
Sem informação,45,RED,São Paulo,medium
Juliana Fonseca,"55,0",Verde,rio de janeiro/rj,basic
Beatriz Cardoso,38,red,São Paulo,platinum
Natália Oliveira,48,Azul,São Paulo,MEDIUM
Diego Brandão,42,red,Rio,vip
Patrícia Ferreira,48,red,Curitiba,basic
Aline Conceição,Desconhecido,blue,Rio ,medium
Élida Moreira,27,Red,Curitiba,basic
Caio Rocha,47,blue,rio,medium
Larissa Nascimento,45,Blue,Curitiba,medium
DÉBORA ARAÚJO,54,green,São Paulo,gold
Juliana Ferreira,33,red,Curitiba,medium
Júlia Conceição,57,Azul,São Paulo,premium
Eduardo Martins,"40,0",green,Curitiba,basic
Tatiane Gomes,28 ,red,São Paulo,premium
Débora Oliveira,40,roxo,"Rio, RJ",premium
Isabela Santos   ,59,blue,Curitiba,medium
Antônio Rocha,62 ANOS,red,São Paulo,medium
Élida Martins,63,blue,Curitiba,medium
João Nunes,40,Green,São Paulo,medium
Camila Costa,20,red,Rio ,gold
Natalia Conceicao,53,red,Curitiba,basic
Cecília Dias,54,green,curitiba pr,basic
Sérgio Souza,53,green,SP,medium
Fábio Alves,64 ANOS,red,São Paulo,platinum
Bruna Cardoso   ,35,blue,?, premium
Raíssa Souza,200,green, São Paulo,medium
Mariana Dias,45,blue,Rio,n/a
Caio Lima,59,red,Rio,basic
diego alves,39,red,São Paulo,premium
Larissa Mendes   ,23,BLUE,São Paulo,premium
ANDRÉ SOUZA,31,blue,Rio,premium
Gabriela Cardoso,18 ,blue,Curitiba,standard
Júlia Barbosa,vinte e cinco,red,São Paulo,premium
Raíssa Dias,18,blue,Rio,premium
Maria Ribeiro,  51  ,Verde,Curitiba,basic
José Gomes,21,blue,Rio,premium
fábio santos,41,red,Rio de Janeiro - RJ,medium
Vinícius Mendes,53,blue,Curitiba,medium
DÉBORA MARTINS,21,green,CWB,basic
Isabela Marques,49,red,São Paulo, premium
Mônica Silva,51,blue ,Curitiba,medium
Ígor Pereira,35,azul,Curitiba,medium
Rodrigo Souza,65,red,Curitiba,medium
FÁBIO ANDRADE,62,Vermelho,São Paulo,medium
erick mendes,24,green,sao paulo,medium
Camila Nunes,"63,5",blue,Curitiba,medium
  Lucas Pereira,65,red,Sao Paulo,medium
Caio Dias,vinte e cinco,blue,Curitiba,vip
Mônica Gomes,NA,blue,Rio,medium
NA,57,black,Rio de Janeiro - RJ,MEDIUM
LUÍZA SIMÕES,"29,5",blue,Curitiba,platinum
Júlia Galvão,61,green,Sao Paulo/SP,basic
Erick Carvalho,50,blue,Sao Paulo/SP,medium
Diego Nascimento,57,green,rio de janeiro/rj,medium
Felipe Conceição,52,red,Curitiba,basic
Caio Andrade   ,47,Blue,Curitiba,Básico
Marcelo Nascimento,47,red,Rio,Medium
Carlos Machado,43 anos,Verde,Rio,medium
Gustavo Carvalho,-,green,Sao Paulo/SP,basic
Beatriz Melo,41,blue,Curitiba,medium
Henrique Souza,30,blue,São Paulo,premium
Thiago Costa,62,RED,São Paulo,premium
Henrique Dias,38,blue,rio de janeiro, premium
--,21,blue,São Paulo,premium
Élida Santos,56,green,Curitiba,basic
Otávio Assunção,38 ,green,Curitiba,basic
Caio Lima,31,blue,Rio,premium
Élida Silva,46,blue,sao paulo,premium
Rodrigo Nascimento,54, red ,Curitiba,basic
Carlos Gomes,51,red,Curitiba,basico
Lucas Souza,18,VERDE ,Curitiba,basic 
Rafael Fonseca,47,n/a,Curitiba,medium
Mariana Cardoso,52 anos,blue,Brasília,premium
José Araújo,52,Verde,Curitiba,basic
Lucas Magalhães,26,blue,São Paulo,premium 
Carlos Galvão,65,green,"São Paulo, SP",basic
Rodrigo Rodrigues,27,green,SÃO PAULO,medium
Conceição Mendes,43.5, red ,São Paulo,premium 
Vinícius Melo,56,green,RJ,basico
Cecília Pereira,57,RED,São Paulo,premium
Pedro Alves,50, red ,Curitiba,basic
Simão Conceição,63,blue,São Paulo,medium
Ana Galvão,48.0,red,Curitiba,basic 
Gustavo Araújo,30,green,Rio,medium
  Márcia Rocha,54,roxo,rio de janeiro,basic
Marcelo Santos,37,azul,Sao Paulo/SP,premium
Débora Moreira,23,red,Rio,-
André Martins,36,red,Brasília,medium
João Moreira,61,green,São Paulo - SP,medium
Marcelo Simões,51,green,Curitiba,basic
Larissa Ribeiro,61,Green,CWB,basico
Gustavo Souza,60,blue,São Paulo,premium
Eduardo Silva,43,red,Curitiba,medium
Camila Andrade,44,null,São Paulo,medium
 Ana  Assunção ,62,blue,Curitiba,medium
Simão Moreira,39,blue,Rio ,premium
Márcia Machado,30,red,?,Premium
Rafael Dias,35,red,Sem informação,medium
Leonardo Dias,-, red ,São Paulo,premium
Patrícia Dias,39,green,São Paulo,medium
Carlos Ribeiro,,Green,Curitiba,basic
Renata Araújo,30.7,blue,São Paulo,premium
Carlos Freitas,Desconhecido,verde,Curitiba,gold
Conceição Alves,  43  ,red,Curitiba,medium
Caio Rocha,23,green,Rio,medium
Cecília Assunção,64,blue,Curitiba,standard
Rafael Dias,54,green,Rio,medium
Sergio Oliveira,55.0,red,São Paulo - SP,medium
Mariana Gomes,"46,5",blue,Curitiba,basic
Gabriela Carvalho   ,55,blue,Curitiba,medium
Raíssa Machado,33,blue,Rio,premium
Otávio Andrade,32,Green,São Paulo,premium
Júlia Costa,52,green,Rio ,medium
thiago fonseca,NULL,green,"São Paulo, SP",medium
Marcelo Souza,42 Anos,blue,Rio,premium
André Costa,40,green,São Paulo,medium
Leonardo Brandão,30,red,CURITIBA,Médio
Natália Pereira,xx,blue,curitiba,medium
Felipe Pereira,57, red ,CWB,medium
Rafael Moreira,57,gren,Curitiba,basic
Fábio Alves,29,,Curitiba,medium
Pedro   Alves,64,green,São Paulo,Básico
Juliana Araújo,3,blue ,São Paulo,
Raíssa Galvão,18,blu,Rio,basic
Patrícia Andrade,32,Blue,Rio,PREMIUM
Natália Freitas,27,blue,,premium
Élida Magalhães,44,red,curitiba pr,medium
Ana Magalhães,  65  ,blue,Rio,premium
Pedro Nunes,63 ANOS,blue,Curitiba,medium
Mônica Marques,33,blue,São Paulo,premium
Isabela Simões,32,blue,Belo Horizonte,premium
larissa assunção,21,red,"Curitiba, PR",vip
Vinícius Freitas,32,blue,Curitiba,medium
Simão Melo,"35,0",VERDE ,Curitiba,BASIC
Henrique Rodrigues,40,green,não informado,medium
Júlia Carvalho,62,blue,Rio,medium
JÚLIA CONCEIÇÃO,55,green,Curitiba,basic
 José  Magalhães ,53.7,vermelho,curitiba,basic
Renata Lima,27,red,Rio,Medium
Aline Mendes,52 ANOS,green,São Paulo,medium
cecília gomes, 65,green,São Paulo,Desconhecido
  Júlia Alves,55, green,RIO,basic
Eduardo Galvão,63,BLUE,Rio,MEDIUM
Antônio Freitas,3O,green,São Paulo,medium
Matheus Nascimento,33,green,Curitiba,basic
Não informado,53,green,"São Paulo, SP",premium
Camila Pereira,55,red,"Rio, RJ",medium
Gabriela Araújo,29,blue,Curitiba,
CECÍLIA ASSUNÇÃO,26,green,Curitiba,basic
Maria Santos,"33,0",green,Rio,médio
José Andrade,58,red,Rio,medium
MARIANA RODRIGUES,33 ,red,São Paulo,premium
Cecília Costa,25,red,Curitiba,basic
Thiago Martins   ,39,red,São Paulo,medium
Lucas Gomes,50,red,curitiba,medium
Isabela Barbosa,37 Anos,red,São Paulo,premium
LUCAS GALVÃO,41 Anos,red,rio de janeiro/rj,medium
larissa simões,25,blue ,CURITIBA, medium
Camila Andrade,19,blue,Rio ,medium
JÚLIA NASCIMENTO,38,red,CWB,medium
Gustavo Martins,47,green,Curitiba,basic
null,44,green,São Paulo,medium
Caio Magalhães,20,Vermelho,Curitiba,basic
Eduardo Moreira,-,Red,são paulo,premium
Isabela Marques,25-30,blue,Curitiba,medium
Júlia Rodrigues,"35,0",blue,Curitiba,?
Simao Galvao,55,red,CURITIBA,medium
Patrícia Gomes,,Vermelho,CURITIBA,medium
Henrique Costa,63,green,São Paulo,Medium
erick souza,desconhecido,blue,São Paulo,premium 
Lucas Fonseca,24,Red,Rio,basic
NULL,19 Anos,null,Rio,medium
Júlia Cardoso,58,Verde,Curitiba,basic
Conceição Fonseca,41,green,?,medium
Juliana Alves,54,blue,São Paulo,premium
,26 ,blue,Curitiba,medium
Júlia Brandão,40,green,"Curitiba, PR",basic
Mônica Machado,60,red,Sem informação,medium
Leonardo Silva,22,red,São Paulo - SP,medium
CAMILA BARBOSA,26,azul,NA,premium
Fernanda Dias,"23,0",blue,"São Paulo, SP",medium
Débora Assunção,  27  ,green,Rio,basic
Luís Martins,22,green,Curitiba,basic
Isabela Costa,28,blue,São Paulo,premium
Maria Fonseca,31,blue,Curitiba,medium
Ana Machado,63.0,Azul,Rio,basic
Débora Martins,não informado,blue,São Paulo,medium
,29,green,Curitiba,basic 
 Sérgio  Marques ,61,VERDE ,Curitiba,Basic
  Otávio Santos,null,blu,rio de janeiro,basic
Élida   Fonseca,59,green,São Paulo,médio
Ígor Dias,20,red,Rio,medium
 Cecília  Santos ,999,blue,Rio,medium
LUÍZA ANDRADE,28,green,Rio,basic
Carlos Marques,34, red , Curitiba,medium
Simão Pereira,,green,Curitiba,Básico
Matheus Barbosa,vinte e cinco,red,"Rio, RJ",medium
Beatriz Nunes,29,green,Manaus,medium
Sérgio Nunes,57.0,red,São Paulo,medium
Aline   Mendes,Não informado,blue,Recife,premium
Simão Conceição,48,blue,Curitiba,medium
Matheus Melo,39,red,RJ,medium
Caio Nascimento,54,blue,Porto Alegre,premium
Aline Nunes,30,Red,curitiba,medium
Raíssa Ferreira,43,blue,RIO,premium
Pedro Rodrigues,20,green,Rio,basic
Henrique Assunção,49,azul,sao paulo,premium
Não informado,18anos,red,Rio,basic
luís conceição,64,red,Curitiba, medium
Marcelo Fonseca,60,vermelho,São Paulo,medium
Gabriela Alves,24,green,SÃO PAULO,medium
Maria Ribeiro,50,blue,Rio,Premium
Conceição Araújo,54,blue,Florianópolis,premium
Bruna Oliveira,40,red,Curitiba,medium
Rodrigo Araújo,61.0,green,Rio,medium
Sérgio Costa,60.0,blue,None,medium
  Thiago Araújo,Desconhecido,blue,São Paulo,premium
Luís Simões,30 anos,blue,Rio,vip
Aline Oliveira,31,green,Rio,basic
PEDRO MOREIRA,NULL,roxo,NULL,medium
Vanessa Gomes,19,blue,São Paulo - SP,premium
Camila Costa,65,red,rio de janeiro,medium
Vanessa Araújo,64,blue,Curitiba,basic
JOSÉ OLIVEIRA,30,red,Curitiba,medium
Marcelo Galvão,49,green,Rio,basic
Luís Nascimento,None,blue,Rio de Janeiro,medium
Camila Galvão,63,green,São Paulo,medium
Fábio Simões,-,green,Curitiba,basic
Júlia Ribeiro,43,red,Curitiba,medium
Caio Alves,57,vermelho,Curitiba - PR,basico
isabela nascimento,27,red,,basic
Ígor Pereira,34 anos,blue,Rio,premium
mariana costa,62,red,Brasília,medium
Erick Oliveira,N/A,green,Florianópolis,basic
Sérgio Carvalho,28 Anos,green,SP,medium
Tatiane Oliveira,46,blue,Rio,medium
Renata Cardoso,21,,Curitiba,medium
Ana Mendes,24, red ,Curitiba,basico
Renata Cardoso,54 ,green,rio de janeiro,basic
Antônio Ferreira,49,green,São Paulo,medium
Mônica Costa,trinta,blue,Rio,premium
Camila Machado,27,green,Rio,basic
Bruna Melo,38,green,Curitiba,basic
Renata Costa,22,VERMELHO,"Curitiba, PR",basic
Thiago Barbosa,50,blue,Curitiba,medium
andré mendes,48,green,São Paulo,medium
Natália Gomes,45,blue,Curitiba,medium
marcelo rocha,22,red,"Rio, RJ",premium
Patrícia Conceição,21,blue,Rio, medium
André Melo,desconhecido,red,Rio,basic
DIEGO SIMÕES,  22  ,blue,Curitiba,medium
Antônio Nunes,38.0,-,São Paulo,premium
Márcia Souza,43,green,Rio,medium
  Caio Magalhães,Sem informação,green,Curitiba,basic
 Letícia  Silva ,56,blue,São Paulo,premium
Renata Rocha,53,RED,Sao Paulo,medium
José Marques,54,red,Rio,medium
José Lima,25-30,red,São Paulo,medio
Beatriz Rocha,62anos, blue,São Paulo,premium
ERICK SOUZA,200,blue,Curitiba,medium
Marcelo Dias,41,red,rio de janeiro,basic
Natália Nunes,25,green,Rio de Janeiro,basic
Diego Pereira,7,BLUE,Rio,Medium
Ígor Cardoso,59,red,Rio,basic
Vinícius Simões,53,red,São Paulo,medium
,,,,
Mariana Marques   ,51,RED,Rio,Basic
Natália Pereira   ,44 anos,red,RJ,medium
Larissa Magalhaes,27,red,Curitiba,basic
Renata Carvalho,26,Red,Curitiba,basic
Patricia Souza,40,blue,Manaus,medium
Igor Nascimento,44,red,Rio,basic
Maria Andrade,25,blue,"Rio, RJ",medium
aline simões,24,VERDE ,Curitiba,basic
Rodrigo Fonseca,63,amarelo,Curitiba,Médio
Erick Costa,50,Red,Curitiba,basic
Thiago Freitas,43,green,Curitiba,basico
Ana Gomes,65,red,São Paulo,medium
Felipe Fonseca,42 Anos,red,Curitiba,medium
  Juliana Alves,35,red,CWB,basic
Tatiane Oliveira,28,blue,Rio,premium
José Santos,50,red,Curitiba,basico
Simão Fonseca,50,red,Rio,medium
Luíza Oliveira,43,green,Rio,medium
Luís Rocha,26,VERMELHO,São Paulo,medium
SÉRGIO MACHADO,40,green,Rio,MEDIUM
Cecília Assunção,50,green,Curitiba,Básico
PEDRO SOUZA,60,red,São Paulo,medium
Márcia Conceição,"26,5", blue,NaN,medium
Maria Oliveira, 34,red,São Paulo,medium
Gustavo Souza,51,green,São Paulo,medium
José Rodrigues,37,red,Curitiba,medium
  Thiago Alves,54,GREEN,NULL,medium
Fábio Dias,7,blue,Rio,medium
Lucas Martins,61.0,green,São Paulo,medio
 Juliana  Rodrigues ,34,roxo,Curitiba,basic
José Nunes,19.5,,SÃO PAULO,premium
Fábio Marques,24.0,blue,São Paulo,PREMIUM
  Diego Brandão,18,blue,Curitiba,medium
Fábio Andrade,56,red,são paulo,medium
Henrique Martins,48,red,São Paulo,premium
  Vinícius Andrade,xx,green,sao paulo,medium
MARIANA CONCEIÇÃO,31,red,Curitiba,Medium
Simão Santos,62,,São Paulo,premium
Otávio Conceição,25,red,São Paulo,medium
Bruna Barbosa, 56,green,n/a,Basic
Vinícius Andrade   ,53,red,Rio,medium
Diego Carvalho   ,22,red,Curitiba,basic
Élida Carvalho,49,green,NaN,basic
Mônica Rocha,65,blue ,Rio,premium
Renata Araújo,31 anos,red,Curitiba,basic
Rodrigo Martins,58.0,green,"Rio, RJ",medium
Leonardo Araújo,55,GREEN,SÃO PAULO,medium
Maria Fonseca,35,red,Curitiba,medium
Conceição Moreira,46,blue,Curitiba,medio
Débora Conceição,34,VERMELHO, Curitiba,basic
Rafael Oliveira,19,red,Rio,basic
Diego Santos,29,Blue,São Paulo,
Leonardo Lima,56,red,Rio,medium
NULL,59,blue,Rio,medium
Patrícia Fonseca,"24,0",green,Sao Paulo,medium
Matheus Martins,33,green,sao paulo,medium
João Simões,57,verde,CWB,basic
Henrique Fonseca   ,21,green,"São Paulo, SP",medium
Larissa Conceição,45,blue,Rio,gold
José Galvão,56,roxo,CURITIBA,Básico
André Carvalho,39.5,Red,São Paulo,
Tatiane Nascimento,31 Anos,red,Rio,medium
Pedro Alves,60,green,São Paulo,medium
José Nascimento,39.7,red,Rio,medium
Erick Cardoso,23,blue,Curitiba,medium
ÍGOR SOUZA,23,red,São Paulo,medium
Letícia Lima,  55  ,BLUE,Sem informação,premium
  Patrícia Cardoso,65,red,Rio,premium
Mariana Santos,39,red,Rio,medium
Leonardo Machado,45,green,Florianópolis,medium
Mariana Nunes,42,red,Rio,medium
Pedro Souza,53,red,Rio,medium
Carlos Souza,29 ANOS, red ,São Paulo,premium
juliana carvalho,33anos, green,São Paulo,medium
Luíza Lima,30,blue,CURITIBA,medium
n/a,22,red,Curitiba,basic
Luíza Alves,49,Azul,Curitiba,medium
Vinícius Machado,42,green,NULL,basic
Gustavo Carvalho,55,green,Rio,basic
fábio carvalho,43, blue,Curitiba,medium
 Conceição  Brandão ,NULL,red,CWB,medium
Eduardo Cardoso,51,red,Curitiba,medium
Felipe Barbosa,63.0,green,São Paulo,medium
Mariana Assunção,22,red,Manaus,medium
juliana barbosa,64,Red,São Paulo,medium
Caio Gomes,30,green,Rio,médio
Matheus Moreira,48,red,Curitiba,medium
Natália Santos,28,red,Rio,medium
None,32,blue,curitiba pr,medium
Marcelo Nascimento,65,blue,Rio,medium
Júlia Rodrigues,31,blue ,"Rio, RJ",premium
Lucas Pereira,42,red,Curitiba,medium
 Vinícius  Simões ,59,blue,Curitiba - PR,medium
Cecília Oliveira,25-30,green,Curitiba,basic
Mariana Assunção,33,red,Curitiba,medium
Otavio Martins,44,VERDE ,None,basic
conceição araújo,58,green,Curitiba,basic
Bruna Cardoso,29,blue,Rio de Janeiro,premium
LUÍS ANDRADE,32,blue,Curitiba,medium
Tatiane   Cardoso,n/a,green,Curitiba,basic
Thiago Machado,30,gren,Rio,premium
NULL,59,blue,Curitiba,basic
CAIO PEREIRA,57.0,RED,Rio,basic
Mônica Ribeiro,19,red,Rio,basic
Felipe Brandão,63.0,green,Curitiba,basic
erick simões,53,VERMELHO,São Paulo,premium
juliana nunes,37,red,,premium
Carlos Nunes,Não informado,green,São Paulo,medium
André Lima,39anos,blue,São Paulo - SP,premium
Não informado,22,green,São Paulo,basic
Marcelo Oliveira,27,red,Curitiba,básico
HENRIQUE MARTINS,n/a,red,Rio,premium
Marcelo Rodrigues,vinte e cinco,green,Rio,basic
Henrique Freitas,56,blue,Rio,premium
José Machado,38,AZUL,Rio,medium
Vanessa Magalhães,56,BLUE,null,premium 
Simão Barbosa,50, green,São Paulo,medium
Raíssa   Rodrigues,56,Vermelho,São Paulo,medium
Pedro Melo,51,Verde,Rio,BASIC
Letícia Melo,47,green,sao paulo,medium
Beatriz Rocha,40,red,São Paulo,Médio
Antônio Costa,53,red,Curitiba,medium
RAÍSSA SANTOS,30,vermelho,Curitiba,medium
Maria Costa,60 ,green,Curitiba,Sem informação
Sérgio Conceição,23.7,red,Curitiba,medium
desconhecido,65,red,São Paulo,--
Caio Simões,56,red,Rio,basic
Mariana Nunes,,AZUL,Rio,premium 
José Oliveira,58,red,Curitiba,basic
Simão Carvalho,49,Red,Rio,medium
Maria Alves,19, red ,Rio,médio
MARIA MELO,40,green,Rio,medium
André Barbosa,"25,5",red,Brasília,basic
Bruna Moreira,n/a,blue,Curitiba,medium
Ana Melo,44.0,red,Curitiba,medium
Diego   Brandão,22,green,Curitiba,basic
Luíza Oliveira,36,red,São Paulo,premium
Conceição Fonseca,48,red,rio de janeiro/rj,basic
  Élida Melo,41,red,rio de janeiro,medium
Felipe Moreira,20,red,Rio,medium
Mariana Fonseca,49,green,São Paulo,medium
Luíza Ribeiro,-,N/A,Rio ,medium
--,Desconhecido,blue,Rio ,gold
Gabriela   Pereira,28,red,curitiba pr,medium
 José  Dias ,NaN,green,Florianópolis,basic
Tatiane Oliveira,33,GREEN,Rio,basic
Gustavo Brandão,  41  ,red,Rio,medium
Marcelo Dias,  58  ,red,Rio,medium
Fernanda Dias,26,blue,Rio,medium
Henrique Santos,"56,5",red,Rio,
Vinícius   Nunes,28, red ,São Paulo,premium
TATIANE COSTA,32,blue,"São Paulo, SP",premium
Beatriz Martins,26,,Belo Horizonte,basic
José Ribeiro,130,AZUL,Rio,MEDIUM
Fábio   Dias,25,green,Curitiba,BASIC
Lucas Gomes, 55,green,Curitiba,basic
José Cardoso   ,35, green,Brasília,basic
Larissa Lima   ,34,green,Curitiba,basic
Aline Rocha,42,blue,São Paulo,premium 
Diego Fonseca,999,GREEN,São Paulo,medium
  Letícia Nunes,65,green,São Paulo,médio
Sérgio Alves,33,green,Curitiba,medium
Beatriz Freitas,62,VERDE ,São Paulo,medium
Tatiane Barbosa,30 ANOS,verde,Rio,medium
Fernanda Dias,34,green,Curitiba,basic
Juliana Silva,"46,0",Azul,Curitiba,basic
Vinícius Magalhães,43,blue,Rio,premium
Juliana Cardoso,50,blue,São Paulo,standard
Isabela Gomes,-1,green,Curitiba,Basic
Débora Costa,-25,red,Curitiba,platinum
N/A,24,red,Rio,basico
João Rodrigues,36,blue,Rio,premium
João Andrade,39,blue,Rio,premium
Márcia Araújo,22,não informado,Curitiba,free
Felipe Fonseca,"40,5",green,Curitiba,basic
Erick Costa,40,red,Curitiba,medium
Gustavo Dias,25,RED,Rio,medium
Simão Galvão,20 anos, blue,Curitiba,basic
  Aline Andrade,60,blue,Rio,medium
Vanessa Dias,33,red,Curitiba,medium
José Mendes,NA,green,São Paulo,medium
Vinícius Silva,37,red,RJ,premium 
Thiago Marques,52 anos,blue,Curitiba,básico
Diego Assunção,27,azul,Curitiba,medium
Cecília Gomes,42,red,Rio de Janeiro,Medium
Luíza Rocha,200,red,São Paulo,MEDIUM
Juliana Barbosa,42,green,Rio,medium
mônica martins,  53  ,red,São Paulo,medium
,2S,black,Rio,medium
Thiago Cardoso,33,green,Rio de Janeiro,medium
Gabriela Araújo,42,-,Curitiba,premium
André Galvão,?,blue,São Paulo,premium
Gustavo Magalhães,42,Red,Curitiba,Basic
LETÍCIA MELO,63,green,São Paulo,medium
maria cardoso,"42,0",Green,Rio,premium
FÁBIO MOREIRA,58,blue,São Paulo,premium
Simão Nunes,58,green,Curitiba,BASIC
Camila Alves,50,green,sao paulo,medium
  Thiago Conceição,38,blue,Rio,premium
Vanessa Martins,64,blue, Curitiba,medium
João Lima,40,BLUE,Curitiba,premium
raíssa santos,65,blue,Curitiba,medium
Débora Marques,49,BLUE,desconhecido,medium
Eduardo Rodrigues,64,blue,São Paulo,premium
Marcia Pereira,55,GREEN,Curitiba/PR,basic
NaN,49,red,rio,medium
Conceição Gomes,61.0,green,Belo Horizonte,basic
Carlos Moreira,38,red,Rio,medium
Otávio Marques,-1,verde,Curitiba,basic
Juliana Pereira,62.0,roxo,"Rio, RJ",medium
Henrique Costa,26,green,Rio,basic
Pedro Assunção,48,blue,Rio,medium
Ígor Carvalho,48,red,Rio,basic
Erick   Martins,30,green,Rio,medium
?,39.0,red,Rio de Janeiro,premium
Simão Magalhães,26,blue,null,gold
JOSÉ GALVÃO,27,red,Rio,Medium
Júlia Conceição,37,green,São Paulo,Médio
desconhecido,25-30,green,Rio,basic
Camila Melo,28,AZUL,Rio,medium
Natália Gomes,44,amarelo,-,premium
Vinícius Araújo,61,preto,Rio,medium
Maria Gomes,42, red ,Curitiba,basic
Ana Machado,49,blue,Rio,medium
Sérgio Souza,61,green,Rio ,medium
Patrícia Galvão,"22,0",blue,CWB,basic
Conceição Mendes,24anos,GREEN,Rio,basic
Erick Alves,29 Anos,green,Curitiba,basic
Gustavo Souza,  65  ,green,Sao Paulo,basic
Vinícius Alves,23,green,NULL,basic
  Otávio Assunção,61,GREEN,Curitiba,basic
Marcelo Costa,56,green,RJ,basic
ERICK NASCIMENTO,30,blue,Curitiba,medium
simão martins,23,VERDE ,Rio,basic
Henrique Assunção,30,red,São Paulo,premium
SIMÃO CONCEIÇÃO,29,red,Rio ,medium
Diego Nascimento,31,green,Manaus,medium
Larissa Dias,40,RED,"São Paulo, SP",medium
Leonardo Simões,34,red,Rio,medium
ANTÔNIO FONSECA,37,green,Curitiba,platinum
Isabela Oliveira,64,blue,São Paulo,premium
André Moreira,39,green,CWB,BASIC
Isabela Silva,44,red,São Paulo,medium
Mariana Nascimento,22,blue,CURITIBA,basic 
Luís Galvão,54.0,red,Rio,MEDIUM
Beatriz Barbosa,60,red,rio de janeiro/rj,medium
Conceição Costa,20,NA,Rio de Janeiro,medium
Maria Melo,49, green,São Paulo,medium
Marcelo Barbosa,3O,blue,São Paulo,premium
Luíza Gomes,53,GREEN,"Curitiba, PR",basic
Patrícia Nascimento,56, green,Curitiba,BASIC
Élida Machado,18,Verde,,basic
José Nascimento,39,yellow,Rio,NULL
Matheus Barbosa,"29,5",blue,São Paulo,premium
José Lima,59,blue,São Paulo,premium
João Nunes,50,red,Curitiba,basic
  Márcia Moreira,40,green,Rio,medio
Thiago Silva,37,red,Rio,Premium
Cecília Freitas,"58,5",red,CURITIBA,basic
Gustavo Ribeiro   ,47,green,curitiba pr,basico
Eduardo Rocha,26,VERDE ,Curitiba,basic
Renata Araújo,23,red, São Paulo,medium
Diego Andrade,45,green,Curitiba,basic 
Fernanda Carvalho,42,blue,Rio,platinum
Felipe Araújo,38,red,,medium
Rodrigo Machado,55,red,Curitiba,basic
Maria Rocha   ,"18,0",red,São Paulo,Premium
Simão Marques,40, blue,CWB,medium
larissa souza,18 ANOS, red ,Rio,medium
Erick Machado,25,Azul,São Paulo,premium
SÉRGIO FREITAS,42.0,red,Rio,medium
Gabriela Dias,xx,red,rio de janeiro/rj,--
Aline Alves,31anos, blue, Curitiba,medium
Matheus Carvalho,NaN,blue,Curitiba,medium
Henrique Simões,26,red,Rio,medium
,,,,
Cecília Magalhães,150,blue,Sem informação,premium
Larissa Souza,37,red,Curitiba,medium
MARIANA MACHADO,55,green,São Paulo,medium
Erick Dias,"42,0",red,Curitiba,medium
Conceição Pereira, 59,blue,Rio,medium
Ígor Martins,42,green,Rio,medium
vanessa melo,N/A, green,Desconhecido,n/a
Rodrigo Carvalho,24,green,São Paulo,Desconhecido
Júlia Silva,40 anos,green,Curitiba,Medium
Caio Assunção,37,blue,curitiba,medium
Rodrigo Costa,36,,São Paulo,premium
Maria Barbosa,30,green,Curitiba,basic
?,38,vermelho,Rio,medium
CECÍLIA MENDES,49,red,São Paulo,medium
Aline Cardoso,18 ANOS,green,São Paulo,basic
Fabio Alves,33.7,green,Rio,medium
MARCELO PEREIRA,20,AZUL,Rio,Premium
Vinícius Pereira,18,green,Rio,NaN
Fábio Andrade,58,AZUL,São Paulo,medium
Raíssa Rodrigues,60,red,São Paulo,gold
Natália   Pereira,18,green,são paulo,medium
Antônio Silva,30,red,São Paulo, premium
Raíssa Magalhães,62,blue,Porto Alegre,standard
João Dias,60,blue,RIO,medium
 Simão  Costa ,33,red,São Paulo,Premium
Lucas Nunes,29,red,São Paulo,premium
Maria Rocha,37,blue,Rio, premium
Raíssa Nunes,42,RED, Curitiba,medium
Beatriz Araújo,52,red,Curitiba - PR,basic
ALINE GOMES,42,green,Curitiba,basic
Leonardo Araújo,40,blue,Rio,premium 
Márcia Carvalho,57,blu,Salvador,basic
Luís Gomes   ,41,preto,Curitiba,basic
Henrique Araújo,47,red,Curitiba,Basic
Fábio Marques,24,blue,Curitiba,basic
Mônica Barbosa,200,red,,medium
Felipe Pereira   ,35,green,Curitiba,standard
Marcelo Ribeiro,59,green,Rio,basic
Beatriz Costa,51,blue,São Paulo,premium
ALINE ALVES,18 anos, red ,Rio de Janeiro - RJ,basic
Fábio Melo,37,blue,Rio,premium
Débora Carvalho,26,blue,são paulo,PREMIUM
João Galvão,63.0,blue,Salvador,medium
SÉRGIO MACHADO,42,green,Curitiba,basic
Debora Marques,37,red,Curitiba,medium
Vinícius Freitas,34,blue,São Paulo,premium
Patrícia Costa,64,red,Rio,medium
Cecília Simões,"63,5",red,Rio,medium
Sérgio Ferreira,59,red,Rio,MEDIUM
Thiago Conceição,53,blue,Rio,premium
Luíza Andrade,62,red,Rio,basic
Gustavo Freitas,42,green,RJ,Medium
Vanessa Freitas,28,green,são paulo,medium
Juliana Nascimento,26,blue,São Paulo,medium
  Juliana Carvalho,38,blue,Rio ,PREMIUM
Aline Carvalho,43,red,Rio,MEDIUM
Felipe Andrade,35,green,São Paulo,platinum
Pedro Melo,29,green,"Curitiba, PR",basic
Caio Marques,65,red,Rio,medium
Cecília Cardoso,56,blue,sao paulo,premium
MÔNICA SIMÕES,0,green,Curitiba - PR,medium
Camila Barbosa,43,blue,Rio,premium
Juliana Cardoso   ,44,green,Rio,medium
Otávio Fonseca,32,vermelho,Curitiba, medium
Élida Pereira,32,green,São Paulo,medium
Cecília Nunes,49,blue,não informado,Médio
André   Marques,42.0,amarelo,Curitiba - PR,medium
Patricia Andrade,58.0,blue,Rio,medium
Júlia Souza,55,VERMELHO,Rio,medium
Debora Silva,xx,RED,Rio,medium
marcelo rocha,33,blue,Curitiba,Médio
Thiago Costa   ,31,green,Curitiba,basic
Lucas Silva,36,red,Rio,medium
Juliana Mendes,28,GREEN,Curitiba - PR,basic
MÁRCIA NASCIMENTO,51.5,blue,São Paulo,premium
,32.0,red,Rio,premium
Júlia Dias   ,55,blue,Curitiba,medium
Antonio Costa,,blue,São Paulo,premium
Isabela Simões,42,red,Rio,premium
Mônica Souza,37,green,Salvador,medium
Sérgio Brandão,23,blue ,Curitiba,medium
Natália Conceição,44,green,São Paulo,medium
Lucas Santos,51,blue ,,medium
vanessa andrade,35,-,Rio,medium
Vinícius Mendes,NA,green,São Paulo,medium
Otávio Conceição,64,azul,são paulo,premium
Carlos Martins,"37,0",purple,Curitiba,medium
Débora Carvalho,29,preto,Curitiba, medium
Raíssa Carvalho,25,green,São Paulo,medium
Rodrigo Andrade,2S,yellow,São Paulo,medium
Vanessa Magalhães,47,blue,Curitiba,medium
Pedro Assunção,35,blue,São Paulo,premium
Vanessa Machado,35,red,"Rio, RJ",premium
Fernanda Silva,21,--,Curitiba,basic
Renata Dias,45,green,São Paulo,medium
Ígor Souza,62, green,São Paulo,medium
rodrigo silva,62,red,Brasília,medium
Luís Dias,53,green,São Paulo,basic
Patrícia Fonseca,41,blue,Curitiba,medium
carlos gomes,30,red,São Paulo,premium
Carlos Conceicao,18,blue,Curitiba,basic
Maria Fonseca,34,blue,Rio,premium
Marcelo Moreira,28,red,Rio,medium
Débora Simões,33,azul,São Paulo,premium
Cecília Alves,24,RED,Rio,medium
Isabela Machado,38,blue,Curitiba,medium
Fernanda Santos,47,green,Rio,basic
Beatriz Simões,23,blue,Curitiba,medium
Thiago Cardoso,37,blue,São Paulo,premium
beatriz rocha,trinta,blue,Sem informação,premium
Pedro Simões,34,green,Rio,premium
Vinícius Fonseca,53,blu,São Paulo,medium
Juliana Galvão,53,green,São Paulo,medium
Caio Dias,34,green,Curitiba,basic
 Aline  Melo ,21,red,sao paulo,medium
Tatiane Lima,56,red,Manaus,premium
Rodrigo Gomes,45,green,Rio,médio
Natália Lima,35,None,Curitiba,free
Fernanda Simões,35,green,Rio,basic
Rodrigo Nunes,21 ANOS,blue,Rio,medium
JOSÉ BARBOSA,Desconhecido,green,Curitiba,basic
Matheus Cardoso,62,green,Curitiba,basic
Tatiane Alves,vinte e cinco,red,rio de janeiro,medium
Maria Lima,7,blue,Rio,medium
Eduardo Alves,38,red,RIO,vip
Mariana   Lima,28,blue,Rio,premium
Gustavo Nunes,49,green,São Paulo,medium
Tatiane Dias,19,green,Rio,medium
Rodrigo Cardoso,20,green,Curitiba,basico
  Caio Andrade,52,red,SÃO PAULO,medium
Júlia Conceição,37,green,Curitiba,basic
Luís Nunes,35,GREEN,São Paulo,medium
Natália   Fonseca,45,red,Curitiba,medium
Luís Souza,58,Vermelho,n/a,medium
Ana Alves,NA,blue,São Paulo,medium
Carlos Rodrigues,130,blue,São Paulo,premium
Juliana Pereira,46,blue,Rio,medium
Henrique Nascimento   ,26,red, São Paulo,medium
Matheus Gomes,40.0,red,Curitiba - PR,medium
João Dias,36,azul,Rio ,premium
Rafael Lima,44,black,Rio,basic
Antônio Costa,53,green,Rio,basic
LARISSA PEREIRA,60,verde,São Paulo,medium
rodrigo carvalho,31,Verde,Curitiba,basic
Lucas Gomes,61,red,São Paulo,medium
Fernanda Machado,29,blue,Rio,premium
Renata Nunes,48,red,CWB,basic
Mariana Oliveira,35,Azul,São Paulo - SP,premium
Mariana Mendes,36,blue,Rio de Janeiro,premium
Pedro Lima,47,RED,Curitiba,basic
Debora Andrade,54,blue,Brasília,medium
Camila Oliveira,61,blue,Curitiba,basic
Renata Moreira,26 ANOS,green,Curitiba,basico
  Maria Simões,44,Verde,Curitiba,basic
n/a,63,green,São Paulo,medium
Camila Galvão,53,red,Rio,medium
Fábio Ferreira,60,VERDE ,Curitiba/PR,basic
Maria Nascimento,32,blue ,São Paulo,premium
ERICK PEREIRA,vinte e cinco,blue,Curitiba,PREMIUM
mônica andrade,19,blue,RJ,medium
Antônio Marques,22,RED,Belo Horizonte,medium
Lucas Andrade,48,-,Curitiba,basic
Vanessa Mendes,22,Azul,Belo Horizonte,medium
João Ferreira,38,vermelho,,premium
Simão Magalhães,48,red,São Paulo,medium
Vanessa Rocha,43,red,Curitiba,medium
Pedro Ribeiro,54,green,Rio,medium
Antônio Dias   ,53,Green,São Paulo,medium
Vinícius Rodrigues,46,red,Curitiba,basic
Raíssa Costa,27.7,blue,rio,medium
Maria Gomes,44 anos,AZUL,Rio,premium
José Nascimento,21,Green,Curitiba,basic
Patrícia Conceição,18,blue,Rio,medium
Ana Araújo,21,blue,São Paulo,premium
Sérgio Silva,37,red,Rio,medium
Márcia Machado,59,azul,CWB,basic
Tatiane Santos,24,red,"Rio, RJ",medium
Luíza Nunes,22,blue,CWB,Medium
Otávio Freitas   ,22,Sem informação,Rio,medium
Mônica Ferreira,26,red,CURITIBA,
Diego Martins,49,GREEN,São Paulo,medium
Fernanda Martins,61.0,VERDE ,São Paulo,medium
Maria Costa,Sem informação,GREEN,Curitiba,basic
Mônica Barbosa,42,green,curitiba,médio
Luíza Machado,34,VERDE ,São Paulo,medium
Ígor Rodrigues,43,blue,Curitiba - PR,premium
Juliana Araújo,29,green,N/A,medium
Élida Lima,52,red,Curitiba/PR,basic
Sérgio Alves,62,green,São Paulo,MEDIUM
Patrícia Simões,"54,0",blue,Rio,medium
Natália Alves,21,green,Curitiba,BASIC
Lucas Silva,3O,red,sao paulo,premium
Larissa Galvão,28,blue,São Paulo,premium 
Fábio Freitas,32,VERMELHO,Rio,medium
gustavo dias,62,Green,Rio,basic
pedro martins,44,blue,Rio,premium
Maria Lima,59,NULL,Rio de Janeiro - RJ,premium
Thiago Cardoso,"39,5",red,Curitiba,medium
RENATA MOREIRA,40,green, São Paulo,medium
Tatiane Simões,54,blue,São Paulo,desconhecido
  Fernanda Simões,48,red,São Paulo,premium
Julia Dias,22,blue ,null,premium
Ana Dias,58,red,curitiba,basic
None,trinta e dois,blue,Curitiba,premium
Ígor Conceição,23,green,curitiba pr,basic
Isabela Machado,58,roxo,São Paulo,medium
isabela rodrigues,57,-,sao paulo,premium
Natália Machado,26,desconhecido,Rio,medium
Cecília Assunção,não informado,BLUE,NA,médio
Mônica Nascimento,59,blue,Curitiba,medium
José Nunes,32.0,azul,Rio ,premium
null,64.0,Verde,curitiba,basic
Henrique Araújo,37,green,São Paulo,Medium
,22, green,Manaus,medium
Otávio   Araújo,50,blue,São Paulo,medium
eduardo fonseca,35,green,São Paulo,medio
Conceição Nunes,22,roxo,Rio,platinum
Juliana Costa,46,green,São Paulo,basic
Fernanda Melo,20,green,Curitiba,basic
beatriz lima,30,red,SP,premium
Luíza Nunes,xx,green,SP,gold
Felipe Simões,35,green,Curitiba,BASIC
LUCAS GALVÃO,NaN,verde,Rio,basic
Conceição Gomes,45,green,Manaus,basic
ANA COSTA,Sem informação,green,curitiba pr,medium
RODRIGO NUNES,0,NULL,Rio,premium
Rafael Simões,41,green,Curitiba,basic
Maria Moreira,60,blue,São Paulo,MEDIUM
Camila Machado,33,blue,Curitiba,medium
Mariana Assunção,50,red,São Paulo,vip
Henrique Barbosa,47,red,São Paulo,premium
Ígor Machado,31,green,"São Paulo, SP",medium
Mônica Nascimento,200,red,São Paulo,premium
Erick Nascimento,62,blue,,Médio
Natália Fonseca,62,red,Curitiba,basic
Beatriz Rocha,35,blue,Recife,premium
Mariana Barbosa,52,blue,Curitiba,básico
Mônica Mendes,None,red,curitiba pr,medium
João Ferreira,26,GREEN,São Paulo,medium
Conceição   Simões,39,blue,São Paulo,premium
Eduardo Souza,63,Vermelho,Curitiba,basic
Igor Carvalho,  22  ,gren,Rio,basic
Márcia Simões,33,green,Sao Paulo/SP,medium
Antônio Santos,44 ANOS,green,SÃO PAULO,medium
Sérgio Costa,48,blue,RJ,basic
Beatriz Melo,25,green,curitiba pr,basic
Luiza Marques,54,blue,Rio,premium
NA,46,blue,Curitiba,basic
Caio Santos,27,--,Rio,medium
Rafael Gomes,62,red,Rio,medium
José Carvalho,46,blue,São Paulo,medium
BEATRIZ MOREIRA,18,blue,Curitiba,medium
Maria Fonseca,42 anos,red,RIO,medium
  Antônio Costa,58 Anos,red,Curitiba,Basic
Patrícia Melo,trinta e dois,green,Curitiba,basic
 Rafael  Costa ,58,black,sao paulo,medium
Larissa Brandão,26,red,São Paulo,medium
Leonardo Galvão,36,blue,Rio,premium
Camila Araújo,50,red,Rio,basic
GUSTAVO GALVÃO,43,blue,Rio,premium
Natália Lima,21,green,N/A,vip
Beatriz Marques,Desconhecido,green,NULL,premium
Patrícia Galvão,41,blue,Porto Alegre,medium
Ana Brandão,20,green,São Paulo,vip
Marcelo Simões,23,blue,São Paulo,premium
Juliana Silva,57,green,São Paulo, medium
Tatiane Barbosa,61,green,CURITIBA,--
Cecília Martins,53,green,sp,medium
João Oliveira,36.0,blue,São Paulo - SP,premium
  Henrique Rodrigues,29 ANOS, red ,CWB,basic
Marcelo Fonseca,27,red,São Paulo,free
Luíza Magalhães,22 Anos,blue,São Paulo,premium
JOSÉ ALVES,24,red,Rio,medium
Patrícia Conceição,19,azul,Rio,medium
Vanessa Mendes,47,green,curitiba,NULL
Mariana Brandão,37,red,Curitiba,premium
Marcelo Lima,42 anos,green,Curitiba,basic
Patrícia Nascimento,62,Vermelho,São Paulo,medium
VANESSA DIAS,39,red,Belo Horizonte,N/A
Ana Alves,23,blue,Rio,medium
Camila Nascimento,47,blue,Rio,Medium
MÁRCIA RIBEIRO,41,azul,Curitiba,medium
Felipe Magalhães,37 anos,n/a,Rio,premium
Antônio Silva,37,blue,Curitiba/PR,medium
Letícia Souza,52.0,red,Curitiba,BASIC
ANDRÉ OLIVEIRA,58,red,sao paulo,medium
isabela ribeiro,20,green,Curitiba,basic
Larissa Brandão,29,blu,São Paulo,premium
desconhecido,54,green,Rio,medium
Thiago Silva,-25,blue,Curitiba,basic
Beatriz Silva,37,red,Curitiba,medium
Conceição Andrade,42,green,Curitiba/PR,basic
Beatriz Magalhães,43,N/A,RJ,Médio
Aline Moreira,25,red,São Paulo, medium
Gustavo Rocha,54,red,São Paulo,medium
Mariana Galvão,27,rde,São Paulo,medium
Élida Silva,40,blue,Curitiba,medium
Maria Silva,31,--,Rio,medium
RENATA FERREIRA,64,yellow,São Paulo,medium
Fernanda Machado,55,RED,Não informado,medium
Juliana Freitas,50,Green,Curitiba,basic
Antônio Simões   ,62,blue,Rio,medium
Otávio Freitas,18,vermelho,Rio,medium
Fábio Andrade,47, blue,São Paulo,premium
Mônica Rodrigues,28,green,São Paulo,medium
Camila Machado,52,red,sao paulo,medium
Henrique Mendes,30,Green,Curitiba,BASIC
Otávio Nunes,21,green,São Paulo,medium
Fernanda Cardoso   ,21,green,Salvador,basic
Vanessa Marques,28,red,São Paulo,PREMIUM
Vinícius Pereira   ,19,red,São Paulo,premium
Fabio Assuncao,32,red,Rio,medium
Larissa Moreira,44,Azul,São Paulo,premium
thiago assunção,trinta,red,São Paulo,medium
Conceição Martins,36,blue,Rio,premium
Mônica Pereira,21anos,blue,Rio,medium
Débora Machado,21 anos,green,São Paulo,medium
Patrícia Brandão,36,green,Curitiba - PR,medium
João Melo, 42,blue,Rio de Janeiro,premium
Desconhecido,25,Verde,Rio,basic
Natália Brandão,31,blue,São Paulo,premium
Natalia Galvao,54,green,Curitiba,basic
Mônica Dias,59,red,Rio,medium
Thiago Alves,27 anos,green,São Paulo,basic
Luís Araújo,38,verde,curitiba pr,basic
Leonardo Fonseca,55 ANOS,green,Curitiba/PR,Basic
 Isabela  Silva ,NULL,green,Curitiba,basic
patrícia mendes,"39,0",Verde,SP,standard
Felipe Cardoso,50,vermelho,Rio de Janeiro,Médio
RENATA MELO,20,green,Rio,medium
 Bruna  Ribeiro ,47,red,Curitiba,medium
Mônica Andrade,44,green,Rio,MEDIUM
  Bruna Cardoso,,green,Rio,basic
Eduardo Gomes,20.7,blue,Curitiba,médio
Thiago Magalhães,34,blue,São Paulo,premium
Simão Assunção,24,RED,curitiba,basic
Gabriela Barbosa,29,amarelo,Rio ,premium
Carlos   Barbosa,2S,amarelo,Rio,n/a
Raíssa Simões,37,green,curitiba,basic
Beatriz Rodrigues,48,red,São Paulo,medium
Gustavo Dias,28 ,red,Curitiba,medium
Rafael   Moreira,20.0,green,sp,medium
Ígor Marques,"28,0",Vermelho,São Paulo,premium
None,50,blue,CURITIBA,medium
André Oliveira,36.5,red, São Paulo,premium
Natália Conceição,46,VERDE ,"Curitiba, PR",Basic
n/a,53,black,Curitiba/PR,basic
Maria Magalhães,59.7,red,São Paulo,medium
Thiago Cardoso,59,red,Curitiba,basic
Antônio Machado,62,red,Curitiba,basic
Conceição Fonseca,57.0,red,Curitiba,basic
Luís Ribeiro,36.0,red,São Paulo,premium
Raíssa Assunção,"38,0",blue,Rio,Premium
Cecília Ribeiro,56,blue,São Paulo,MEDIUM
José Melo,50,VERMELHO,curitiba pr,basic
Natália Mendes,idade,green,CWB,basic
Diego Melo,23,blue,São Paulo,premium
débora martins,25-30, green,Curitiba,vip
--,35,Red,são paulo,premium
Vanessa Nunes,62,blue,São Paulo,premium
Vanessa Costa,39,red,rio de janeiro,premium
Ana Simões,62,blue,Curitiba,basic
Lucas Rodrigues,39,blue,"Curitiba, PR", medium
Matheus Moreira,35,blue,CWB,Médio
André Pereira,52 anos,red,São Paulo,platinum
Sérgio Nascimento,31,green,Curitiba,
Otávio Freitas   ,22,Sem informação,Rio,medium
Aline Nunes,29 ,green,Rio,medium
Rafael Araújo,48,red,Curitiba,basic
Matheus Ferreira,27,red,São Paulo,free
Tatiane Conceicao,38,red,Curitiba,basic
Felipe Dias,58,red,São Paulo,premium
Gustavo Pereira,47,rde,Rio,standard
Thiago Nunes, 33,, Curitiba,Básico
Luís Magalhães,46,blue,Sem informação,premium
Júlia Magalhães,47,red,Rio,medium
Fernanda Rodrigues,"27,5",green,Curitiba,basic
Henrique Simões,30,red,None,
Cecília Rocha,60,blue,Curitiba,basic
Maria Fonseca,52,green,Curitiba - PR,basic
Larissa Machado,45,Vermelho,São Paulo,medium
Vanessa Galvão,46,green,Rio,medium
Fábio Freitas,  41  ,green,Rio,medium
Ígor Assunção,65,blue,CURITIBA,medium
Matheus Barbosa,3,RED,Curitiba,basic
Henrique Brandão,62,green,São Paulo,medium
Larissa Ferreira,20,red,Curitiba,medium
Eduardo Costa,24,blue,Rio,medium
Márcia Moreira,49,blue,Salvador,medium
andré marques,18,green,São Paulo,medium
José Souza,53,red,São Paulo,medium
Pedro Nascimento,52 ANOS,blue,Rio,premium
Márcia Machado,51,red,Rio,medium
Fernanda Alves,26anos,green,"Rio, RJ",medium
Caio Assunção,39,blue,Curitiba,medium
Gabriela Ribeiro,34,blue,Curitiba,medium
larissa santos,50, blue,Curitiba,medium
Gabriela Freitas,25,blue,São Paulo,premium
Júlia Machado,62,red,Curitiba,basic
Letícia Gomes,61,blue,São Paulo,premium
Juliana Souza,-1,verde,São Paulo,medium
Camila Santos,2S,red,São Paulo,premium
Gabriela Rocha,50,VERDE ,São Paulo,MEDIUM
Ígor Oliveira,-25,purple,São Paulo, premium
Thiago Marques,63,blue,Curitiba,basic
Fábio Souza,53,,São Paulo,premium
Fernanda Fonseca,37,vermelho,Manaus,medium
Bruna Pereira,53,green,São Paulo,medium
Júlia Costa,29,red,São Paulo,premium
fernanda gomes,20,Azul,São Paulo,premium
Gustavo Santos,51,green,"São Paulo, SP",medium
JÚLIA MELO,42,blue,São Paulo,premium
Vanessa Mendes,32,VERMELHO,null,medium
Simão   Lima,40,vermelho,Rio,medium
Ana Martins,53,blue,rio de janeiro,Médio
André Mendes,  54  ,green,desconhecido,free
Élida Assunção,61,red,Curitiba,basic
Não informado,53,green,Curitiba,basic
Conceicao Souza,24,green,Rio,basic
Matheus Marques,47.5,green,RJ,medium
null,48 anos,blue,Curitiba,medium
  Fernanda Galvão,56,green,São Paulo,medium
Júlia Moreira, 60,green,Curitiba,BASIC
Élida Nascimento,34,AZUL,São Paulo,premium
Gabriela Carvalho,55,blue,RIO,premium 
renata simões,60,blue,Rio,premium
ANTÔNIO SOUZA,46,green,curitiba,basic
natália santos,35,green,Curitiba,medium
João Machado,38,green,Rio,?
Mônica Rodrigues,19,RED,São Paulo,medium
Débora Santos,64.0,blue,São Paulo,premium
Marcelo Fonseca,36,AZUL,Curitiba,medium
Ana Galvão,27,green,Curitiba,basic
Carlos Lima,64,Green,Curitiba,basic
Conceição Carvalho,63,red,Salvador,basic
Vinícius Martins,57,black,Curitiba,basic
Marcelo Freitas,44,blue,Rio,medium
Tatiane Mendes,29,verde,Rio,premium
José Dias,--,red,Sao Paulo/SP,medium
Beatriz Gomes,51,VERMELHO,Florianópolis,Medium
MARIA MELO,,green,São Paulo,medium
João Alves,45,blue,São Paulo,premium 
Fernanda Oliveira,33,Red,n/a,medium
Fernanda   Melo,41,blue,Rio,medium
Luíza Melo,64,red,"São Paulo, SP",medio
Antônio Nascimento,22,RED,São Paulo,medium
Aline Pereira,61.0,green,Rio,None
Caio Oliveira,28,green,Curitiba,basic
Conceição Nunes,33,blue,Curitiba,medium
José Barbosa,20,verde,Curitiba,basic
Renata Nunes,21,green,Belo Horizonte,medium
Eduardo Rodrigues,60,green,Rio,basic
Isabela Dias, 64,Desconhecido,Rio,medium
Isabela Simões,50 anos,green,São Paulo,medium
CAMILA SOUZA,24,red,Rio,basic
Rodrigo Ribeiro,61,red,São Paulo,medium
Maria Alves,24,green,São Paulo,medium
Luís Santos,34,blue ,Curitiba,medium
Lucas Simões,,blue,Rio,medium
Márcia Nascimento   ,60,green,?,medium
Rafael   Gomes,18,green,CWB,basic
Letícia Ferreira,30,Red,Manaus,medium
Thiago Pereira,26,blue,Rio de Janeiro,premium
FERNANDA GALVÃO, 44,green,São Paulo,medium
José Assunção,35,verde,,basic
CECÍLIA GOMES,45,Red,são paulo,premium
Conceição Barbosa,30,red,Rio,medium
Luís Martins,50,red,Curitiba,basic
João Ribeiro,57,red,São Paulo,medium
Otávio Freitas,23,--,Rio,basic
Matheus Lima,29,green,Rio,basic
Bruna Barbosa   ,20,green,Rio,basic
vinícius rocha,37,red,rio de janeiro,medium
Vanessa Barbosa,27,blue,Belo Horizonte,medio
Patrícia Dias,21,blue,Curitiba,medium
Pedro Galvão,desconhecido,Azul,São Paulo,premium
Felipe Galvão,27,Blue,Rio,medium
Diego Carvalho,47,VERDE ,Rio,medium
RODRIGO RODRIGUES,46,red,Rio,medium
Rafael Magalhães,19 ,red,Curitiba/PR,basic
Élida Lima,26,red,Curitiba,basic
Erick Pereira,22,blue,Rio,medium
HENRIQUE SOUZA,,purple,Sao Paulo/SP,premium
Isabela Gomes,35.7,blue,Salvador,medium
Não informado,19,roxo,Curitiba,basic
Luíza Souza,59,blue,Rio,medium
Ana Galvão,47,blue,NULL,basic
NULL,38,blue,Curitiba,medium
Vinícius Barbosa,31,green,"São Paulo, SP",médio
felipe mendes,52,blue,Rio,medium
Otávio Nascimento,,VERMELHO,São Paulo,premium
MARCELO MACHADO,22,Verde,São Paulo,medium
antônio oliveira,NULL,green,Curitiba/PR,basic
Vinícius Magalhães,33,red,, premium
Eduardo Machado,7,blue,Rio de Janeiro,medium
Márcia Mendes,61,red,Rio,Medium
Felipe Santos,40,blue,Rio,free
Gabriela Nascimento,idade,blue,Rio,premium
Fábio Alves   ,,Red,Rio,MEDIUM
José Souza,62,green,Rio,medium
Lucas Marques,55,Verde,Curitiba,basic
Leonardo Costa,"54,0",green,Curitiba,basic
Henrique Gomes,31,green,Curitiba,basic
Fábio Costa   ,22,Green,São Paulo - SP,Basic
Luíza Nunes,40 anos,Azul,RIO,premium
Erick Dias,46,red,RJ,básico
André Alves,32,green, Curitiba,basic
Fernanda Rocha,55,blue,Curitiba,medium
Ana Moreira,60,green,Curitiba,basic
Eduardo Assunção,45,red,São Paulo,medium
 Élida  Fonseca ,32 anos,red,São Paulo,premium
PATRÍCIA SOUZA,31,blue,Curitiba,medium
JULIANA SILVA,"57,0",green,None,medium
Élida Barbosa,27,green,São Paulo,medium
Raíssa Santos,25,green,Desconhecido,basic
Pedro Nunes,57,green,Rio,basic
João Ferreira,31,blue,curitiba pr,premium
fernanda santos,46,red,Curitiba,basic
Ana Carvalho,47,blue,"Curitiba, PR",basic
Marcelo Brandão,  57  ,blue,São Paulo,premium
Carlos Pereira,40,green,SÃO PAULO,MEDIUM
Cecília Rocha,54,blue,São Paulo,premium
Gabriela Nascimento,24,red,Rio,medium
João Rodrigues,56,green,Curitiba,Basic
Felipe Lima,48,red,CWB,basic
Simão Alves,22,Vermelho,-,basic
Otávio Silva,36,green,Rio de Janeiro,medium
André Galvão,26,red,Curitiba,basic
TATIANE CARDOSO,45.0,blue,Rio,medium
Henrique Rodrigues,26,blue,Rio,premium
Débora Fonseca,28,red,São Paulo,premium
Erick Lima   ,25-30,green,CURITIBA,standard
Pedro Gomes,47,red,Curitiba,Medium
leonardo ribeiro,trinta,green,São Paulo,basic
Antônio Lima,55,green,Curitiba,basic
Vanessa Carvalho   ,54,green,Rio,Sem informação
Antônio Fonseca   ,21,red,São Paulo,MEDIUM
lucas barbosa,58,green,Curitiba,basic
  Eduardo Araújo,19,green,são paulo,medium
Camila Rodrigues,54,blue,Curitiba,medium
Luís Gomes,59,green,Rio de Janeiro,vip
Diego Barbosa,40,vermelho, Curitiba,medium
-,27,green, Curitiba,Basic
Sérgio Mendes,34,Azul,Rio,premium
DIEGO ANDRADE,44,red,Rio,standard
luíza rocha,60, red ,Curitiba,basico
Luís Dias,49,red,Não informado, medium
Eduardo Galvão,26, red ,São Paulo,--
ISABELA MACHADO,25-30,red,São Paulo,premium
Isabela Souza,50,blue,Rio,basic
Rafael Machado,33,red,São Paulo,premium
Matheus Rodrigues,65,green,Curitiba,basic
Aline Oliveira,34 ANOS,green,Curitiba,basic
Camila Magalhães,38,red,Curitiba,basic
Élida Melo,32,blue,Rio,medium
Carlos Freitas,25,blu,"Rio, RJ",medium
márcia rodrigues,37,blue,Rio,premium
Não informado,19, blue,Rio,premium
Camila Oliveira,30,azul,Rio de Janeiro,premium
Larissa Rodrigues,48,verde,Curitiba,basic
Conceição Brandão,54,Verde,Curitiba,
Letícia Cardoso,44,blue ,Rio,premium
Débora Cardoso,36,green,São Paulo,medium
Beatriz Melo,43,Red,CWB,medium
Otávio Silva   ,29,,São Paulo,premium
Renata Fonseca,39,red,Curitiba,medium
Thiago Araújo,50,Vermelho,Curitiba,basic
SIMÃO OLIVEIRA,37,red,Rio,medium
Fernanda Cardoso,52,green,"Rio, RJ",basic
Márcia Ferreira,150,blue,Curitiba,platinum
ana oliveira,24,red,"Curitiba, PR",medium
Cecília Dias,vinte e cinco,Green,São Paulo,medium
Beatriz Simões,53,green,São Paulo,medium
Élida Gomes,19.0,Verde,curitiba pr,basic
Renata Moreira,63,green,São Paulo,medium
Letícia Rocha,58 Anos,green,Curitiba,basic
Juliana Costa,40,Red,Rio,medium
  Fábio Santos,"56,0",red,"Curitiba, PR",medium
null,38,Green,Rio,premium
Mariana Marques,34,green,Rio,basic
joão gomes,-1,Verde,Rio,basic
Felipe Machado,54,blue,São Paulo,medium
Mariana Conceição,52,red,Curitiba,medium
Ígor Magalhães,26,red,sao paulo, premium
Élida Galvão,31,green,Rio, medium
André Ferreira,58,blue,São Paulo,premium
Vanessa Assunção,n/a,azul,Salvador, medium
CAMILA SIMÕES,27,red,Curitiba,medium
 Erick  Pereira ,60,Red,Rio,medium
Gustavo Machado,33,green,Recife,medium
Leonardo Nunes,22,green,Curitiba,basic
Thiago Rocha,40,blue,Rio,premium
,,,,
Renata Ribeiro,52,Red,rio,medium
ana marques,47,rde,Curitiba,basic
Matheus Ribeiro,39,blue ,Curitiba,medium
Fábio Dias, 30,green,São Paulo,medium
Lucas Rodrigues,45.0,GREEN,rio de janeiro/rj,medio
Rodrigo Oliveira,vinte e cinco,azul,CURITIBA,medium
Aline Assunção,23,azul,sao paulo,premium
Mariana Santos,48,rde,Curitiba,Médio
Felipe Barbosa,52,red,Curitiba,basic
Antônio Freitas,58.7,blue,Rio,Medium
Aline Barbosa,40,blue,Rio,premium
Isabela Cardoso,NaN,Red,Rio de Janeiro,medium
  Bruna Simões,45,green,NaN,
Patrícia Freitas,51,red,Rio,medium
Rafael Ferreira,35,blue,RIO,premium
Mônica Costa,45,green, São Paulo,premium
Henrique Araújo,57,blue,Curitiba,basic
João Martins,29,Não informado,São Paulo,premium
Fábio Araújo,25-30,green,rio de janeiro/rj,basic
Leonardo Ribeiro,29,roxo,Rio,basic
Isabela Araújo,Não informado,green,Rio ,medium
Rafael Dias,46,green,Rio,medium
Diego Pereira,55,blue,SP,premium
Vinícius Lima,36,blue,Rio,medium
Camila Dias,36 anos,red,Porto Alegre,premium
Júlia Martins,33,red,"Rio, RJ",premium
Luís Dias,52,Vermelho,Rio de Janeiro,medium
Conceição Carvalho,null,green,Curitiba - PR,basic
Cecília Cardoso,130,green,Rio de Janeiro,medium
Gustavo Moreira,38,purple,São Paulo,medium
Aline Fonseca,65,gren,Rio, medium
Sérgio Andrade,64.5,Azul,Rio,medium
Eduardo Pereira,999,blue,São Paulo,premium
Leonardo Lima,34,azul,rio,premium
Vinícius Galvão,41,green,São Paulo,premium
André Marques,34,RED,Curitiba,medium
Luís Simões,61,green,"Curitiba, PR",basic
eduardo ferreira,22,RED,Rio de Janeiro - RJ,basic
Bruna Dias,35 ANOS,blue,São Paulo,premium
Mariana Silva,59.0,VERMELHO,São Paulo,medium
Conceição Assunção,40anos,Verde,Rio,medium
Patrícia Rodrigues   ,None,blue,Rio,premium
,,,,
Élida Machado,40,BLUE,Curitiba,premium
Márcia Costa,23,VERMELHO,,premium
Sérgio Oliveira,53,green,Curitiba,basic
Marcelo Araújo,NA,Não informado,Rio,medium
Beatriz Machado,56,Blue,Rio,medium
  Otávio Barbosa,"64,0",green,São Paulo,medium
Thiago Melo,33,null,Rio,premium
Marcelo Cardoso,65,green,Curitiba,basic
Maria Alves,35,blue,Brasília,premium
Gabriela Machado,52,green,Curitiba,básico
Eduardo Ribeiro,43,red,Curitiba,medium
Luís Ferreira,50,Green,CWB,--
Maria Costa,52,green,sao paulo,medium
MARIANA SANTOS,23,Red,Curitiba,medium
Maria Dias,34,blue,NA,premium
thiago melo,27,blue,Rio,medium
Antônio Pereira,62,yellow,Rio,Médio
Luis Freitas,42,blue,Curitiba,medium
FELIPE COSTA,N/A,Vermelho,Curitiba,Médio
Rodrigo Martins,60,blue,Rio,medium
NaN,24,red,Rio,null
 Vanessa  Souza ,37,blue,Rio,premium
Maria Fonseca,27,red,Rio de Janeiro,medium
Aline Nascimento,24 ,blu,Curitiba - PR,vip
Raíssa Galvão,NA,NA,Curitiba,basic 
Bruna Melo,55,blue,Curitiba,medium
erick brandão,19,green,São Paulo,medium
Débora Silva,2S,red,São Paulo,premium
Thiago Marques,61.5,red,Curitiba,null
Isabela Andrade,52,desconhecido,Curitiba,medium
Ígor Galvão,22,BLUE,Rio de Janeiro - RJ,medium
Mônica Silva,55,red,São Paulo,medium
Leonardo Brandão,19,green,São Paulo,medium
 Cecília  Mendes ,não informado,Azul,"São Paulo, SP",premium
Erick Ribeiro,31,red,Rio,medium
MÔNICA LIMA,54,blue,Curitiba,basic
Gustavo Machado,34,green,Salvador,basic
Juliana Assunção,38.5,red,Curitiba,medium
Cecília Marques,"26,0",blue,Curitiba,Desconhecido
Thiago Assunção,55,red,São Paulo,medium
?,25,green,Florianópolis,basic
Luíza Magalhães,45,blue,Curitiba,medium
CARLOS NUNES,trinta e dois,Vermelho,Salvador,standard
 Mônica  Carvalho ,44,blue,SP,premium
Ígor Melo,37,blue,Rio,premium
Renata Brandão,36,blue,São Paulo,premium
tatiane magalhães,25,green,Curitiba,basic
Ana Alves,desconhecido,blue,São Paulo,premium
Luíza Gomes,"52,0",red,Curitiba,basic
Rodrigo Machado,22,Blue,rio de janeiro/rj,medium
Eduardo Nunes,43,red,São Paulo,medium
 João  Galvão ,47,blue,São Paulo,medium
José Melo,64,RED,sp,medium
Raíssa Simões,37,red,Curitiba,basic
Renata Rodrigues,30,red,sao paulo,premium
Leonardo Galvão,46,VERDE ,Rio,basic
N/A,50,red,Rio,medium
Patrícia Mendes,42,AZUL,Curitiba,medium
diego brandão,20 ANOS,blue ,Rio,premium
Rafael Brandão,31,green,São Paulo,medium
HENRIQUE CARDOSO,29,blue,Curitiba,premium
Pedro Souza,58,blue,Sem informação,medium
Aline Martins,31,green,Curitiba,basic
Bruna Costa,20,red,Curitiba,basic
Juliana Alves,45,green,Sao Paulo,medium
Fábio Oliveira,42.5,blue,São Paulo,vip
Ígor   Santos,47,red,Curitiba,basic
André Araújo,51,green,Manaus,basic
Antônio Moreira,20,red,Rio,medium
Patrícia Souza,23 Anos,gren,Curitiba,basic
Matheus Freitas,58,green,São Paulo,medium
Gustavo Dias,51,red,CWB,Médio
,56,AZUL,são paulo,premium
RAÍSSA RODRIGUES,52 ANOS,red,Rio,basic
Marcelo Oliveira,28,green,Curitiba,basic
Rafael Silva,36 ANOS,green,Curitiba,basic
Isabela Alves,45,green,São Paulo,medium
Aline Marques,43,blue,São Paulo,premium
 Élida  Rodrigues ,63,green,Curitiba,basic
Isabela Freitas,38,red,São Paulo,premium
Tatiane Santos, 45,red,desconhecido,medium
Leonardo Barbosa,60,blue,são paulo,premium
Vanessa Oliveira,32,Verde,Curitiba,basic
Lucas Andrade,32,RED,Rio,medium
Rodrigo Araújo,33,red,Rio,médio
Otávio Mendes,?,red,São Paulo,medium
Eduardo Souza,,green,curitiba pr,basic
Patrícia Freitas,23,GREEN,São Paulo,Basic
Aline Carvalho,63,blue,São Paulo,premium
Débora Carvalho,46.0,blue,Curitiba,basic
Juliana Carvalho,28,red,Rio,medium
Juliana Alves,25,desconhecido,Sao Paulo,medium
Felipe Conceição,57,blue,Belo Horizonte,basic
José Brandão,45,green,null,medium
Raíssa Ribeiro,2S,green,São Paulo,Básico
Caio Carvalho,28,red,Curitiba,medium
Cecília Alves,65,Vermelho,Rio, medium
André Mendes,56,green,Rio,medium
Luís Melo,,blue, Curitiba,medium
Marcelo Costa,xx,red,Curitiba,Medium
caio pereira,trinta,blue,SÃO PAULO,premium 
eduardo conceição,19,red,São Paulo,medium
Larissa Brandão,41, green,São Paulo,medium
Luís Dias,38,blue,São Paulo, premium
Pedro Rodrigues,22,VERDE ,Curitiba,basic
CECÍLIA MARTINS,--,blue,Curitiba,medium
Thiago   Fonseca,60,green,São Paulo,medium
Conceição Magalhães,33,green,Rio,medium
Fernanda Barbosa,57,GREEN,São Paulo,basic
Aline Nascimento,39,green,Curitiba,BASIC
Diego Mendes,44,red,"São Paulo, SP",PREMIUM
Natália Brandão,64,GREEN,Curitiba,NULL
Gabriela Andrade,26,green,Rio ,basic
  Renata Barbosa,xx,green,Curitiba,basic
Renata Barbosa,62,red,São Paulo,standard
Juliana Souza,41,red,Curitiba,medium
Patrícia Alves,44,red,CURITIBA,Médio
Mônica Cardoso,55,red,RIO,N/A
Rafael Silva,42,blue,Rio,premium
Débora Conceição   ,Desconhecido,red,"São Paulo, SP",medium
Luís Rodrigues   ,51,?,Curitiba,basic
 Carlos  Mendes ,20,Green,Sao Paulo/SP,premium
Ana Santos,52,green,rio de janeiro/rj,medium
Mônica Machado,48,Blue,curitiba pr,medium
Vinícius Nunes,56,green,sp,medium
Larissa Ferreira,37,green,CURITIBA,médio
Pedro Silva,33,,Rio,medium
Maria Conceicao,24,green,RJ,basic
Diego Dias,44,green, Curitiba,basic
Gabriela Pereira,23,BLUE,São Paulo,medium
  Gustavo Assunção,38 ANOS,green,Curitiba,basic
Lucas Mendes,33,red,RJ,medium
Erick   Silva,29,Azul,São Paulo,free
patrícia gomes,49,Verde,Salvador,basic
Mariana Rocha,34,blue,sao paulo,premium
Cecília Fonseca,37,red,São Paulo,free
Simão Barbosa,42 anos,blue,Rio,premium
LUCAS MARQUES,44,green,rio de janeiro,medio
Pedro Carvalho,65,red,São Paulo,medium
Caio   Barbosa,19,green,Curitiba,basic
José Gomes,26,red,São Paulo,premium
Ana Dias,58 ,red,Curitiba,basic
Conceição Rocha,22,green,São Paulo,medium
  Diego Araújo,40,yellow,Rio,premium
Matheus Araujo,63,red,sao paulo,medium
Caio Pereira,60,red,São Paulo,premium
Letícia   Alves,24,-,Rio,basic
Larissa Conceição,3O,green,Rio,basic
Aline Lima,38,blue,São Paulo,premium
Vanessa Ribeiro,53,red,rio de janeiro/rj,medium
Julia Ferreira,27,red,Salvador,basic
Ana Conceição,19,green,Rio,medium
Ígor Martins,54,blue,Curitiba,medium
André Lima,18,blue,Curitiba,medium
Conceição Oliveira,41 anos,red,Curitiba,medium
Otávio Melo,23.0,red,São Paulo,premium
Bruna Brandão,47,green,rio de janeiro/rj,basic
Antônio Rodrigues,19,red,Rio,medium
Otávio Carvalho,28,blue,São Paulo,premium
Aline Carvalho,20,red,CURITIBA,MEDIUM
ISABELA ARAÚJO,18,,SÃO PAULO,medium
Letícia Melo,55,blue,Curitiba,medium
NULL,30,red,São Paulo,premium
Ana Costa,52,verde,Curitiba,basic
CARLOS MACHADO,34,blue,Curitiba,premium
Rafael Galvão,23,Azul,São Paulo,medium
Otávio Galvão,62 Anos,green,Brasília,Basic
Mariana Costa,None,red,São Paulo,medium
Mônica Moreira,41,red,Curitiba,medium
Luís Araújo,58,red,São Paulo,medium
André Gomes,29,green,Curitiba,medium
Leonardo Souza,22,green,Curitiba,basic
Cecília Santos,19,green,Curitiba,básico
Vanessa Rocha,28,green,curitiba pr,basic
Henrique Moreira,37 Anos,red,São Paulo,premium
Fernanda Assunção,29,red,não informado,premium
Patrícia Carvalho,18,red,São Paulo,medium
Mônica Rocha,30,blue,sp,premium
Márcia Carvalho,54.0,red, Curitiba,basic
Cecília Costa,52,blue,"Curitiba, PR",medium
Juliana Ribeiro,26,blue ,São Paulo,premium
Rafael Lima,61.0, blue,Rio,medium
MÔNICA FONSECA,43,roxo,Rio,vip
Raíssa Magalhães,34,green,Curitiba,free
Raíssa Marques,18,AZUL,Rio,medium
Letícia Costa,50,blue,não informado,Medium
rodrigo costa,33,red,São Paulo,premium
Camila Carvalho,65,BLUE,São Paulo,medium
desconhecido,42.0,blue,Brasília, premium
Erick Andrade,58,green,Rio,basic
ÉLIDA CARDOSO,53,blue,Curitiba,medium
RODRIGO GOMES,38,blue,Salvador,medium
Mônica Nunes   ,xx,red,Curitiba,basic
  Juliana Brandão,25,blu,Curitiba,basic
Tatiane Moreira,32,Vermelho, São Paulo,premium
VANESSA DIAS,39,red,Belo Horizonte,N/A
Beatriz Gomes,28,blue,São Paulo,premium
Caio Pereira,56,red,Rio,medium
Élida Andrade,36,green,Curitiba,medium
Vanessa Barbosa,59,blue,Curitiba,basic
Pedro Santos,  53  ,red,São Paulo,medium
Leonardo Costa,44, red ,São Paulo,medium
Ana Carvalho,0,RED,Curitiba,basic
Débora Costa,41,green,Curitiba/PR,basic
Eduardo   Silva,31,Verde,Curitiba,medium
Juliana Lima,64,blue,Recife,standard
Sérgio Carvalho,"44,0",blue,Rio,premium
Leonardo Rocha,57,red,Rio,basic
Letícia Barbosa,19,VERMELHO,Rio de Janeiro,free
Diego Nascimento,65.7,green,São Paulo,premium
Leonardo Andrade,62.0,vermelho,CURITIBA,basic
,30, green,Florianópolis,medium
Élida Simões,-1,green,Curitiba,basic 
Luíza Marques,trinta e dois,red,São Paulo,premium
Conceição Ferreira,28,red,Recife,premium
conceição mendes,19,blue,São Paulo,premium
PATRÍCIA ASSUNÇÃO,45,green,CWB,medium
Gabriela Pereira,34,red,Curitiba,medium
Ígor Santos,  36  ,blue,Rio,premium
Mariana Carvalho,32,blue,Belo Horizonte,medium
júlia mendes,49,green,Manaus,medium
Fernanda Machado,38,blue,Curitiba,medium
Márcia Andrade,27,blue,São Paulo,premium
Leonardo Oliveira,25,red,Rio,basic
CECÍLIA ANDRADE,42,red,Rio,medio
Letícia Oliveira,,azul,Sao Paulo,platinum
Bruna Barbosa,41,green,Curitiba,basic
Élida Conceição,27,blue,Brasília,premium
Mariana Freitas,32,blue,CWB,premium
ÉLIDA RODRIGUES,23,blue,Rio de Janeiro,premium
Pedro Machado,60,Verde,Rio,basic
Otávio Mendes,38,red,Curitiba - PR,medium
thiago rocha,22,blue,Rio,PREMIUM
Patrícia Nunes,61,red,Rio,medium
Gustavo Machado,35,RED,Curitiba,medium
Felipe Andrade,Desconhecido,red, São Paulo,medium
Ana Galvão,130,azul,SP,medium
Felipe Mendes,45,azul,rio,premium
Gustavo Dias,"37,0",green,Curitiba,basic
Matheus Nascimento,34,blue,Rio,medium
Mariana Oliveira,60.7,green,São Paulo,medium
Fábio Andrade,39, blue,SP,premium
Otávio Galvão,29,blue,Rio,premium
Maria Carvalho,Não informado,green,Rio de Janeiro - RJ,free
Raíssa Moreira,63anos,GREEN,Curitiba,basic
Sérgio Machado,60,Vermelho,São Paulo,médio
Vinícius Melo,52, red ,"Curitiba, PR",básico
Larissa Rodrigues,30,GREEN,São Paulo,medium
Júlia Magalhães,43,green,,medium
Juliana Moreira,56,green,Curitiba,basic
GABRIELA MARQUES,35,green,Rio de Janeiro,basic
Débora Andrade,50,blue,SP,premium
Juliana Nunes,24,blue,Curitiba - PR,medium
Thiago Melo,30,roxo,NA,MEDIUM
NA,29 Anos,VERDE ,curitiba,basic
Pedro Conceição,,blue,Rio,medium
SIMÃO RODRIGUES,46,blue,São Paulo,premium
CONCEIÇÃO ASSUNÇÃO,25,green,Curitiba,basic
Vinícius Magalhães,33,red,, premium
Cecília Mendes,23, green, São Paulo,basic
Ígor Conceição,53,green,São Paulo,medium
Matheus Lima,65,red, Curitiba,basic
RODRIGO ARAÚJO,32,red,Curitiba,platinum
mônica galvão,21,blue,São Paulo,premium
Leonardo Alves,48 anos,preto,São Paulo,Desconhecido
Maria Fonseca,53,blue,Belo Horizonte,premium
Marcelo Nunes,55,VERMELHO,Curitiba/PR,Básico
ANDRÉ MENDES,64,red,Curitiba,basic
André Andrade,150,red,São Paulo,premium
Thiago Simões,21,blue,São Paulo,medium
Maria Ribeiro,41.0,blue,Porto Alegre,premium
Conceição Fonseca,47,blue,Curitiba,medium
Júlia Carvalho,53,blue,São Paulo,premium
Simão Alves,999,red,São Paulo,premium
OTÁVIO SOUZA,43,yellow,Manaus,medium
Aline Nascimento,21,green,São Paulo,medium
Élida Rocha,18,blue,Rio,premium
Larissa Fonseca,21.0,green,Curitiba,basico
LETÍCIA MACHADO,21,green,"Rio, RJ",medium
Felipe Gomes,41,vermelho,curitiba pr,basic
Mariana Fonseca,"24,0",blue,Curitiba,medium
BRUNA COSTA,57,GREEN,Rio,basic
Natália Carvalho,24,RED,Florianópolis,medium
CAIO SANTOS,53,green,Rio,basic
Gustavo Magalhães,29,blue,São Paulo,premium
Gustavo Pereira,N/A,blue,São Paulo,premium
Júlia Cardoso,46,blue,Salvador,premium
fernanda barbosa,43,black,Curitiba,basic
Isabela Assunção,23,-,são paulo,medium
ERICK NUNES,26,blue,Rio,medium
Beatriz Pereira,29,Azul, Curitiba,MEDIUM
Diego Ferreira,21.0,blue,São Paulo,medium
antônio gomes,30,red,Curitiba,medium
Juliana Fonseca,30,Blue,Rio,medium
Vanessa Carvalho,19,red,São Paulo,Medium
Vanessa Nunes,52,red,Rio,basic
Caio Alves,-,red,Belo Horizonte,premium
FERNANDA GOMES,34,green,São Paulo,medium
Luís Galvão   ,44,GREEN,Curitiba,basic
Desconhecido,38,blue,,premium
Maria Lima,63,green,Curitiba,basic
Letícia Rodrigues,45, blue,Curitiba,null
Mariana Oliveira,21,GREEN,São Paulo,medium
José Gomes,31,VERMELHO,Rio,premium
Juliana Araújo,n/a,blue ,sp,premium
Caio Carvalho,65,green,Curitiba,basic
Carlos Brandão,58,green,Sao Paulo,medium
BRUNA SOUZA,  40  ,green,Curitiba,basic
Felipe Fonseca,19,RED,São Paulo,premium
Élida Marques,43,green,Rio,medium
Conceição Martins,42 anos,Verde,São Paulo,premium 
Marcia Barbosa,58,preto,Curitiba,gold
Diego Melo,47,red,Rio,medium
Letícia Simões,44,blue,rio de janeiro/rj,premium
Eduardo Araújo,39,blue,São Paulo, premium
MATHEUS MACHADO,31,blu,Rio,medium
GABRIELA FONSECA,36,,Curitiba,MEDIUM
Ana Ferreira,65 ANOS,RED,Curitiba,basico
Maria Souza,36,blue,Rio,premium
OTÁVIO CARVALHO,2S,Verde,curitiba pr,basic
Ígor Araújo,45,green,Rio, medium
André Magalhães,40,green,Rio,medium
Eduardo Ferreira,24,red,Curitiba,basic
Matheus Fonseca,18 ANOS,green,Porto Alegre,basic
Diego Conceição,53,red,Rio ,medium
Vinícius Silva,31,green,Rio,medium
José Dias,20.0,Red,None,basic
antônio fonseca,"46,0",VERDE ,Curitiba,basic
tatiane freitas,22,red,são paulo,premium
Élida Cardoso,54,red,Curitiba,medium
Não informado,52.5,green,Rio,basic
Tatiane Mendes,-1,blue ,Rio,premium
Élida Nascimento,52,red,Curitiba,BASIC
Bruna Souza,26,blue,Rio,premium
Patrícia Mendes,31,null,São Paulo,premium
maria pereira,52,blue,Rio,medium
  Leonardo Andrade,34,blue,São Paulo,premium
Sérgio Freitas,28,VERDE ,Rio,medium
Aline Nunes,25,green,,basic
Ígor Freitas   ,,Red,"Rio, RJ",medium
OTÁVIO COSTA,62 ANOS,green,Rio,basic
Patrícia Alves,18.0,blue ,Rio,medium
André Ribeiro,51,blue,São Paulo,premium
Eduardo Rocha,42,green,Rio,medium
Luís Magalhães,47,green,Curitiba,basic
Tatiane Martins,23,green,Rio,basic
Mônica Cardoso,"59,5",green,Curitiba,vip
Caio Lima,42,blue,Recife,medium
Júlia Santos,57,RED,Rio,medium
null,23.0,green,Curitiba,básico
Raíssa Rodrigues   ,54,blue,Curitiba,standard
Thiago Freitas,50 Anos,Green,rio de janeiro/rj,basic
Márcia Galvão,57,blue,Curitiba,basic
Fabio Araujo,34,purple,Rio,premium
Júlia Lima   ,63,blue,São Paulo,medium
Felipe Ferreira,61,GREEN,Curitiba,basic
NaN,33.0,green,rio de janeiro/rj,medium
Ígor Magalhães,58,green,Rio,Médio
Cecília Pereira,40,green,São Paulo,medium
Monica Andrade,29,red,None,medium
Natália Marques,34,Blue,Rio,premium
Luís Nunes,-1,green,curitiba pr,Basic
Luíza Nunes,26,red,Rio,NULL
Bruna Assunção,31,GREEN,Curitiba,basico
patrícia assunção,52,blue,,Medium
Henrique Assunção,33,red,Curitiba,medium
Fernanda Santos   ,55,green,São Paulo,medio
Conceição Machado   ,30,green,São Paulo,premium
Erick Brandão,28,red,"Curitiba, PR", medium
Luís Ferreira,37,green,"Curitiba, PR",medium
José Oliveira,3O,blue,São Paulo,premium
NA,55,blue,Curitiba,n/a
,"47,0",green,Rio,basic
 Gabriela  Martins ,48.5,green,"Rio, RJ",basic
Bruna Rodrigues,21,green,São Paulo,medium
Leonardo Martins,vinte e cinco,red,curitiba pr,basic
Ana Mendes,42,green,Rio de Janeiro - RJ,medium
Rafael Nunes,7,green,Rio,basic
Fábio   Martins,65,blue,Rio,medio
 Gabriela  Carvalho ,33anos,?,São Paulo,medium
Simão Souza,23,blue,Rio, medium
,18,red,São Paulo,medium
Natália Mendes,19,blue,Curitiba,medium
,28,red,Curitiba,medium
Marcelo Rodrigues,65,red,São Paulo,premium
Bruna Brandão,21.0,green,São Paulo,medium
Mônica Cardoso,34,red,São Paulo,premium
Camila Pereira,55,red,"Rio, RJ",medium
Cecília Andrade,48 ANOS,green,Rio,medium
Renata Gomes,64,Green,São Paulo,medium
Matheus Assunção,62 Anos,vermelho,Rio,medium
Matheus Nascimento,?,blue,São Paulo,premium
Márcia Carvalho,52,yellow,Curitiba,basic
Raíssa Martins,56,Verde,São Paulo - SP,medium
  Marcelo Nunes,55,blue,São Paulo,premium
SÉRGIO SILVA,trinta,green,Curitiba,basic
Fábio Santos,60, blue,RIO,medium
Luíza Silva,35,red,São Paulo,premium
Patrícia Moreira,52,red,Curitiba,basic
ALINE ROCHA,47,GREEN,"Rio, RJ",basic
Caio Lima,26.0,blue,CWB,basic
Lucas   Marques,  60  ,amarelo,São Paulo,medium
Élida Gomes,  53  ,blue,Curitiba,MEDIUM
Larissa Ferreira,29,blue,São Paulo,premium
Leonardo Nunes,NaN,blue,NA,medium
Ana Brandão,25,preto,sao paulo,medium
Mônica Andrade,57,green,Rio,medium
Rodrigo Ribeiro,65,red,Rio,medium
Luís Machado,55,blue,"Curitiba, PR", medium
Luíza Fonseca,38.0,Green,rio de janeiro,basic
LUÍZA NASCIMENTO,52,Vermelho,Rio,platinum
Sérgio Nascimento,18,blue,Rio de Janeiro,medium
CARLOS LIMA,63,green,Rio,Médio
 Leonardo  Barbosa ,24,green,São Paulo,medium
Felipe Carvalho,47,red,Sao Paulo,basico
Thiago Ferreira,50,RED,Manaus,medium
Não informado,31,red,Rio,medium
Larissa Brandão,50,BLUE,Curitiba,basico
,,,,
 Otávio  Oliveira ,29 ,blue,Curitiba,PREMIUM
,,,,
None,27,green,Rio,medium
Leonardo Carvalho,44,red,Rio,medium
Erick Silva,24,red,Curitiba,basic
 Ígor  Melo ,34,red,Rio,medium
Luíza Melo,"61,0",RED,rio,basic
Joao Cardoso,64,green,Florianópolis,MEDIUM
  Luís Ferreira,NA,red,Curitiba,basic
Vanessa Costa,53,red,Rio ,Medium
Fernanda Carvalho,64,None,Rio,premium
Carlos Andrade,64, green,Curitiba,basic
Isabela Dias,"23,5",green,curitiba,basic
Caio Assunção,39,blue,Curitiba,medium
Eduardo Lima,0,green,Curitiba,basic
FELIPE NASCIMENTO,36,blue, São Paulo,premium
Lucas   Marques,38,green,São Paulo,medium
Lucas Alves,54,red,CWB,Médio
Camila Assunção,null,red,São Paulo,free
MÔNICA ARAÚJO,7,green,Rio,medio
Maria Galvao,44,black,Curitiba,medium
Ígor Santos,64 Anos,red,Curitiba,médio
Eduardo Nascimento,53,green,São Paulo,basic
Mônica Marques,48,red,-,medium
Antônio Conceição,51,blue,Curitiba,medium
Juliana Conceição,18, blue,Curitiba,medium
thiago machado,23,red,Rio,medium
não informado,65,roxo,Curitiba,basic
Leonardo Ribeiro,999,AZUL,Rio,medium
Rafael Moreira,25,green,São Paulo,medium
Aline Assunção,21,green,Curitiba,basic
Felipe Martins,38,green,Florianópolis,basic
Henrique Dias,30,blue,Curitiba,premium
Leonardo Ribeiro,52,red,Curitiba,free
Camila Pereira,30,blue,CWB,gold
Mônica Ribeiro,23 ANOS,blue ,sao paulo,premium
Fernanda Machado,40,green,Curitiba,basic
Mônica Dias,56,red,São Paulo,medium
Rafael Galvao,60,Blue,Rio, medium
  Carlos Alves,2S,red,"Curitiba, PR",basic
Juliana Brandão,42,blue,Rio,premium
Isabela Carvalho,31,red,Rio,medio
Débora Ribeiro,26,blue,rio de janeiro/rj,MEDIUM
João Nascimento,50,green,São Paulo,medium
Luís Magalhães,24,green,NA,medium
Débora Simões,24,blue,Rio de Janeiro, medium
Diego Mendes,46,red,Rio,basic
Fernanda Silva,20,RED,Curitiba,standard
Pedro Gomes,42,amarelo,Curitiba,medium
Patrícia Magalhães,39,blue,Rio, premium
Maria Simões,64,green,RIO,medium
Cecília Freitas,28,blue,Rio ,premium
Cecília Martins,53,green,sp,medium
Beatriz Ribeiro,2S,blue,Rio,premium
Rafael Pereira,53,blue,São Paulo,premium
Mônica Rodrigues,30 anos,blue,São Paulo,premium
Júlia Silva,Desconhecido,green,Rio,basic
José Silva,idade,green,São Paulo,medium
Aline Rocha,62,blue,?,medium
Cecilia Alves,26,BLUE,Curitiba,medium
Patrícia Cardoso,36,blue ,São Paulo,premium
VINÍCIUS PEREIRA,44,RED,Curitiba - PR,medium
Raíssa   Andrade,46 ,red,RJ,medio
Maria Rocha,40,yellow,Curitiba,basic
SIMÃO PEREIRA,31,Vermelho,São Paulo,premium
Raíssa Moreira,52.0,Red,Curitiba,medium
Vanessa Simões,29,vermelho,Rio,medium
Luíza Nunes,19,blue,São Paulo,premium
Natália Oliveira,50.7,green,Curitiba,basic
MARCELO SOUZA,33,green,São Paulo,médio
Sérgio Andrade,27,green,Brasília,basic
Ana Lima,39,rde,"Curitiba, PR",medium
Matheus Santos,45,blue,sp,premium
Ígor Silva,44,blue,"Curitiba, PR",medium
eduardo simões,44,red,Curitiba,medium
Patrícia Oliveira,22, red ,Curitiba,basic
Natália   Galvão,60,blue,Rio,premium
Caio Assunção,45,vermelho,São Paulo, medium
Luís Rodrigues,41,Verde,rio,medium
Júlia Brandão,43,GREEN,Curitiba,Basic
Luís Pereira,--,red,rio de janeiro/rj,basic
 Lucas  Souza ,58, blue,Curitiba,medium
Julia Assuncao,55.0,vermelho,curitiba,basic
Isabela Fonseca,Desconhecido,green,curitiba pr,basic 
Pedro   Costa,30,green,São Paulo,medium
Elida Nunes,28,green,Curitiba,medium
Larissa Souza,58.0, red ,Curitiba/PR,básico
Henrique Marques,18,red,São Paulo,medium
Raíssa Fonseca,51,red,São Paulo, premium
camila carvalho,21,blue,Desconhecido,premium
Gustavo Assunção,41,red,Curitiba,basic
Vanessa Andrade,26,Green,Curitiba,
Bruna Marques,35,None,Rio,medium
Camila Nascimento,26,red,curitiba pr,basic
Márcia Araújo,19.0,BLUE,Curitiba,Medium
,42,VERMELHO,Curitiba,medium
Pedro Rocha,21,red,Porto Alegre,premium
Lucas Melo,53,vermelho,São Paulo,médio
Rodrigo Magalhães,53,yellow,São Paulo,medium
Mônica Simões,"63,0",red,Sao Paulo/SP,premium
Cecilia Galvao,50,green,Rio,medium
NULL,999,red,Sao Paulo,premium
Luíza Machado,43,blu,Rio, premium
Eduardo Assunção,19,gren,São Paulo,premium
Bruna Alves,41,blue,são paulo,premium
Gustavo Silva,20,blue,Rio,medio
Ígor Silva,60.0,verde, São Paulo,Médio
José Simões,24,blue,Curitiba,basic
 Tatiane  Cardoso ,"21,0",blue,Curitiba - PR,medium
 Larissa  Martins ,32,blue,curitiba,Médio
Camila Melo,32,Red,Rio,medium
Henrique Souza,43,green,São Paulo,medium
Raíssa Alves,23,blue,Curitiba,basic
Camila Machado,34,green,Curitiba,basic
Camila Dias,65,red,"São Paulo, SP",medium
Fernanda Mendes,35,AZUL,Curitiba,MEDIUM
João Melo,53.5,red,Rio,medium
Maria Gomes,64,green,São Paulo,
,24,green,São Paulo - SP,medium
Beatriz Simões,idade,red,Rio,platinum
André Conceição,idade,red,Recife,vip
Matheus Assunção,27,red,CURITIBA,basic
Pedro Dias,56,red,"São Paulo, SP",medium
pedro dias,46,blue,São Paulo,medium
Débora Marques,60,Green,Curitiba,basic
Natália Galvão,Desconhecido,BLUE,São Paulo,premium
Diego Brandão,20,AZUL,Rio,medium
NaN,51.0,blue,"Rio, RJ",medium
Patrícia Ferreira,  61  ,green,são paulo,medium
Mônica Araújo,"49,0",BLUE,sao paulo,premium
Ígor Andrade, 23,blue,rio de janeiro,medio
Júlia Santos,45,blue,Rio ,premium
Ígor Machado,33,green,Rio,medium
Isabela Conceição,49,blue,rio de janeiro/rj,premium
Rafael Dias,19anos,red,Rio,medium
Fernanda Ferreira,41.0,blue,"São Paulo, SP",premium
Beatriz Rodrigues,22 ,red,Rio,medium
Gabriela Cardoso,38.0,red,Curitiba,PREMIUM
Pedro Assunção,trinta e dois,green,Curitiba,medium
Bruna Machado,63,red,Rio, medium
Erick Ferreira,64,red,Curitiba,basic
TATIANE COSTA,63anos,Blue,São Paulo,premium
Mônica Galvão,47.0,blue,Salvador,medium
Bruna Martins,19,green,Desconhecido,Básico
JULIANA RIBEIRO,54,red,Sao Paulo/SP,medium
-,29,blue,Curitiba,medium
N/A,35,Azul,São Paulo,premium
DIEGO CARVALHO,56,green,São Paulo,medium
Élida Carvalho,46,red,-,medium
 Henrique  Marques ,26,green,Curitiba,Basic
Mônica Nunes,23,green,São Paulo,medium
Ígor Araújo,53,blue,Rio,null
Isabela Cardoso,26,Verde,"Curitiba, PR",basic
Júlia Alves,18,blue,Curitiba,basic
André Costa,32,red,CURITIBA,medium
Cecília Mendes,51,green,Curitiba,basic
Marcelo Lima   ,48,blue,NULL,medium
Felipe Pereira,45anos,blue,CURITIBA,medium
Débora Cardoso,34,green,São Paulo,medium
ÍGOR COSTA,56,,rio de janeiro,medium
Letícia Conceição,52,red,Curitiba,Básico
Camila Moreira,22,blue,Curitiba,basic
não informado,42,red,Curitiba,medium
Mônica Barbosa,"39,5",blue,Curitiba,medium
Caio Carvalho,51.0,Vermelho,Curitiba,medium
SIMÃO SILVA,32,green,Curitiba,basic
Não informado,42,blue,Rio de Janeiro,premium
Gabriela Rocha,31,blue,N/A,premium
Júlia Costa,Não informado,red,Sao Paulo,premium
Otávio Mendes,45.0,blue,Recife,medium
Ana Rodrigues,29,red,Florianópolis,premium
henrique rodrigues,55,green,São Paulo,medium
Marcelo Simões,54anos,green,curitiba pr,Basic
Rodrigo Gomes,23,green,São Paulo,medium
joão pereira,25,red,Curitiba,basic
Carlos Souza,21,blue,Rio,Medium
FÁBIO MARQUES,62,BLUE,Curitiba,medium
Carlos Costa,NA,red,São Paulo,premium
Lucas Rocha,30,gren,Rio,medium
Leonardo Lima,35,VERMELHO, São Paulo,premium
Vinícius Galvão,26,green,CURITIBA,basic
Tatiane Oliveira,55,green,Rio,medium
Henrique Oliveira,"34,0",red,São Paulo,standard
Letícia Nunes,54,green,Curitiba,basic
Lucas Ferreira,24,blue,Curitiba/PR,medium
Conceição Galvão, 41,green,Rio,platinum
Júlia Marques,44,green,Rio, medium
Simao Magalhaes,56,blue,Rio,medium
Fábio Machado,62,AZUL,Rio,medium
Márcia Machado,59,roxo,São Paulo,premium
?,-1,blue,São Paulo,NULL
Fábio Marques,42,blue,São Paulo,premium
Conceição Costa,43,blue,SÃO PAULO,premium
Otávio Santos,46,red,"Rio, RJ",medium
,,,,
Eduardo Gomes,62,preto,Curitiba,medium
Natália Ribeiro,51,Red,Rio,medium
Vinícius Costa,25-30,green,Curitiba,basic
Vinícius Martins,33,red,São Paulo,premium 
Lucas Nascimento,58 anos,não informado,Recife,medium
Erick Rodrigues,55anos,blue,Curitiba,medium
Simão   Dias,43,green,Rio,medium
Erick Costa,?,red,São Paulo,medium
Patrícia Alves,33,green,Rio,medium
joão lima,41,red,Rio,gold
Gustavo Rodrigues,59,blue,Curitiba,medium
Márcia Silva,39,blu,RJ,premium
Sérgio Marques,41,green,São Paulo,médio
JOÃO MAGALHÃES,23,BLUE,São Paulo,medium
Sem informação,57,green,Rio,basic
Isabela Santos,23,-,Rio,medium
Beatriz Andrade,44,,"Curitiba, PR",platinum
Fábio Souza,34,green,Recife,MEDIUM
Matheus Lima,36,red,Rio,MEDIUM
Márcia Marques,27,blue,Rio,medium
josé simões,54,blue,Curitiba,BASIC
ANDRÉ MOREIRA,19,blue,São Paulo,premium
Matheus Machado   ,34,azul,Curitiba,medium
Júlia Cardoso,-,red,São Paulo,premium 
Fábio Magalhães,vinte e cinco,green,Curitiba,basic
 Márcia  Silva ,40,green,São Paulo,medium
Débora Galvão,33,roxo,Curitiba,premium
Eduardo Silva,50,green,Rio,basic
Vanessa Melo,62, red ,Rio,medium
Matheus Magalhães,43,blue,São Paulo,Premium
Camila Brandão,53,blue,Curitiba,medium
Diego Galvão,vinte e cinco,red,SP,medium
JÚLIA SIMÕES,26,red,Rio,basic
-,null,red,São Paulo,medium
Vinícius Fonseca,54,green,Curitiba,basic
FÁBIO MOREIRA,43,BLUE,São Paulo,PREMIUM
Jose Ferreira,64,red,Sao Paulo/SP,premium
sérgio rocha,62, red ,Curitiba,medium
Aline Ribeiro,54,blue,Sao Paulo,
Fábio Ribeiro,35anos,blue,Curitiba,medium
Vanessa Melo,59,blue,curitiba,medium
Erick Oliveira,37.7,red,Curitiba,basic
Bruna Magalhães,25-30,roxo,Rio,medium
Eduardo Cardoso,23,Verde,São Paulo,medium
Beatriz Araújo,56,red,RJ,basic
Larissa Nascimento,43,AZUL,Rio,medium
Thiago   Ribeiro,61,-,São Paulo,premium
 Pedro  Costa ,33,blue,Curitiba,MEDIUM
Eduardo Fonseca,36,green,"Rio, RJ",basic
 Fernanda  Santos ,,red,São Paulo,medium
Marcelo Lima,28,verde,Rio,basic
larissa santos,20,blue,São Paulo,premium
ígor mendes,40,red,?,premium
Henrique Nascimento,49,green,São Paulo,basic
ÉLIDA GALVÃO,,red,Rio,medium
Maria Nunes,55,red,Curitiba,basic
Marcelo Pereira,63 Anos,blue,sp,premium
Patrícia Oliveira,"56,0",red,Curitiba,Basic
 Carlos  Souza ,59,red,Rio, medium
débora fonseca,Não informado,red,Curitiba,medium
Luís Simões,53,green,Rio de Janeiro - RJ,basic
Mariana   Marques,42,GREEN,rio de janeiro,basic
 Maria  Freitas ,31,blue,Curitiba, medium
Felipe Gomes,64,RED, São Paulo,premium
Beatriz Mendes,24,blue,Curitiba,medium
Camila Gomes,21,Desconhecido,Curitiba,medium
Raissa Costa,57,blue,RIO,medium
Tatiane Ferreira,22,blue,Curitiba,free
André Machado,--,BLUE, Curitiba,medium
Rafael Magalhães,42,red,Curitiba,medium
Luís Oliveira,25,blue,Rio,medium
Vinícius Lima,50,blue,São Paulo,premium
Sérgio Pereira,"55,0",green,Curitiba,basic
Luíza Alves,35,red,CWB,médio
Otávio   Machado,58,RED,São Paulo,medium
Lucas Ferreira,22,blue,Curitiba,platinum
LUÍS ROCHA,42,?,?,premium
Julia Assuncao,25-30,blue,Rio,premium
Vanessa Machado,25-30,blue,NULL,medium
Erick Dias,62,blue,Não informado,premium
Luíza Ferreira,52,green, Curitiba,basic
Fernanda Ribeiro,59,red,Rio,basic
Júlia Dias,55,verde,Rio,basic
Gabriela Fonseca,36,red,Curitiba,medium
Cecília Simões,19,blue,Porto Alegre,premium
Erick Mendes,40,red,Rio,medium
Caio Lima,38 ,blue,Rio,premium
Rafael Gomes,46,green,Curitiba,basic
Marcelo Mendes,63,red, São Paulo,medium
Vanessa Oliveira,56,blue,Curitiba,medium
Caio Gomes,46,amarelo,Rio,Básico
Beatriz Martins,44 Anos,blue,CURITIBA,medium
matheus araújo,54,red,Curitiba,basic
Rafael Brandao,130,red,São Paulo,PREMIUM
Lucas Nascimento,47.0,red,Curitiba,basic
Thiago Nunes,59,green,Sao Paulo,basic
Ana Rodrigues,32,red,Curitiba - PR,medium
Ígor Cardoso,62, green,Curitiba,basic
Renata Mendes,57,VERDE ,Curitiba,basic
Leonardo Simões,41,blue,Curitiba - PR,medium
Júlia Fonseca,56,NA,Rio,?
Natália Costa,32,green,Curitiba,basic
Fábio Brandão,24,red,SÃO PAULO,Não informado
DÉBORA CARVALHO,22,blue,São Paulo,PREMIUM
Antônio Souza,29,Blue,Recife,premium
Carlos Araújo,43anos,green,São Paulo,premium
  Rodrigo Assunção,37.0,red,Curitiba,medium
Júlia Machado,  38  ,green,São Paulo,medium
Beatriz Andrade,50,NaN,Curitiba/PR,basic
Fernanda Costa,57,red,Rio,medium
Sérgio Lima,43,None,Curitiba,Médio
Leonardo Pereira,19,green,Rio,basic
Fábio Brandão,49,red,Curitiba,basic
Cecília Machado,  64  ,green,São Paulo,basic
Rafael Rodrigues,23,blue,Curitiba,medium
Bruna Araújo,23,green,Rio,basic
Mariana Assunção,56,blue,Curitiba,médio
Isabela Ribeiro,55,green,São Paulo,--
Lucas Alves,35,blue,são paulo,premium
Tatiane Melo,xx,blue,Rio,premium
fernanda moreira,65,red,Rio,medium
Carlos Cardoso,44,blue,Rio,medium
Larissa Silva,2S,red,São Paulo,medium
Beatriz Moreira,64,GREEN,Curitiba,basic
Raíssa Machado,25,blue,São Paulo,medium
Beatriz Ribeiro,58,green,Rio,medium
Vanessa Alves,27,blue,Curitiba,basic
Cecília Freitas,18, green,São Paulo,medium
Henrique Simões,50,red,Rio,medium
Mônica Cardoso,27,red,Curitiba,basic
Juliana Nascimento,65,green,CWB,basic
Sérgio Souza,53.0,black,n/a,basic
Conceição Pereira,42,red,Rio,medio
Élida Gomes,53 anos,Red,São Paulo,medium
Letícia Barbosa,63,Vermelho,Rio,basic
Rodrigo Ribeiro,59,VERMELHO,Curitiba,basic
pedro freitas,27,blue,Rio,medium
José Gomes,58,blue,Curitiba,medium
Antônio Carvalho,34,red,Curitiba,medium
Júlia Freitas,57,RED,Rio,basic
Débora Cardoso,30,blue,São Paulo,premium
Aline Rodrigues,39,,Rio,premium
Ígor Carvalho,?,blue,Rio,MEDIUM
Élida Conceição,36,green,São Paulo,medium
NA,26,Verde,São Paulo,medium
Gustavo Fonseca   ,idade,red,"São Paulo, SP",vip
NaN,20,blue,Curitiba,basic
Otávio Alves,xx,green,Curitiba,basic
Isabela Marques,19,blue,Recife,medio
Renata Conceição,20,,São Paulo,medium
Leonardo Rocha,25,não informado,São Paulo,premium
João Nunes,64,blue,Curitiba,basic 
Caio Marques,30,red, Curitiba,medium
Fábio Santos,idade,green, Curitiba,basic
Otávio Ribeiro,21,blue,rio de janeiro/rj,desconhecido
André Conceição,29,n/a,Rio,medium
Maria Santos,,green,"Curitiba, PR",basic
Rafael Pereira,61,red,Rio,medium
Rodrigo Rocha,vinte e cinco,red,Curitiba,básico
Otávio Ribeiro,25,red,Curitiba,BASIC
Isabela Souza,55,red,Rio,medium
Caio Magalhães,37,red,Curitiba,basic
André Nascimento,40,blue,Curitiba,medium
Letícia Barbosa,42.0,red,Curitiba,medium
Diego Machado,20.0,Verde,Rio,basic
Aline Assunção,null,RED,rio de janeiro,medium
Luís Carvalho,31, blue,"Curitiba, PR",medium
isabela fonseca,18,amarelo,Recife,basic
 Simão  Barbosa ,27,green,Rio,basic
Luís Oliveira,60,blue, São Paulo,PREMIUM
Mariana Marques,37,red,Curitiba,medium
Rodrigo Martins,64,blue,Rio,medium
Felipe Gomes,21,red, São Paulo,premium
Thiago Carvalho,47,blue,são paulo,medium
Beatriz Carvalho,58,blue,São Paulo,medium
otávio melo,51,BLUE,rio,medium
Maria Nascimento,62,vermelho,Rio,basic
Marcelo Pereira,65,red,São Paulo,medium
ÉLIDA MAGALHÃES,21,Verde,São Paulo,premium
Erick Oliveira,54,AZUL,Curitiba,medium
Júlia Cardoso,20.0,blue,Belo Horizonte,medium
Ana Martins,23,green,Curitiba,basic
Patrícia Galvão,49,Blue,Curitiba/PR,medium
Cecília Oliveira   ,56,red,Curitiba,basic
Carlos Assunção,38,RED,São Paulo,premium
Henrique Nunes,60,green,Rio,Basic
Mariana Magalhães,61 ,GREEN,São Paulo,medium
márcia ferreira,-25,green,Desconhecido,basic
Élida Cardoso,-1,red, São Paulo,premium
Rodrigo Ribeiro,36,red,Rio,PREMIUM
Eduardo Gomes,44,green,São Paulo,premium
Henrique Dias,48,red,Curitiba - PR,null
  Rafael Ferreira,63,green,Curitiba,basic
Juliana Magalhães,19,blue,Curitiba,N/A
Rafael Assunção,36,blue,Curitiba,medium
André Magalhães,27,red,São Paulo,medium
Isabela Oliveira,31,blue,Rio,medium
Luíza Alves,24,blue,Rio,medium
Sérgio Freitas,21,vermelho,São Paulo,premium
Matheus Simões,32.0,red,Curitiba,medium
Matheus Moreira,45,blue,,premium
Aline Oliveira,"46,0",green,"Curitiba, PR",básico
joão ferreira,50,vermelho,Rio,medium
  Rodrigo Freitas,20,blue ,Rio,medium
Letícia Ferreira,44,AZUL,São Paulo,premium
VANESSA MARQUES,39,green,Curitiba,medium
Letícia Rocha,60, red ,Rio,basic
THIAGO ROCHA,23,green,-,medium
simão araújo,20,Blue,CURITIBA,medium
Erick Magalhães,64.0,desconhecido,Desconhecido,basic
Mônica Conceição,35,verde,SÃO PAULO,medium
Débora Rodrigues,36,Azul,Curitiba,medium
Fábio Araújo,35,red,São Paulo,NULL
Rafael Dias,58 Anos,blue,Rio,premium
Larissa Oliveira,50, green,Curitiba,basic
Cecília Costa,  49  ,blue,São Paulo, medium
Rafael Marques,41,green,Rio,medium
Natália Simões,60,red,Rio,medium
JOÃO ARAÚJO,44,blue,Curitiba,medium
Ígor Conceição,63,AZUL,São Paulo,premium
Carlos Galvao,60,RED,Curitiba,basic
Luís Oliveira,25,blue,Rio,medium
Felipe Nascimento,59,Vermelho,Curitiba,basic
Eduardo Magalhães,vinte e cinco,blue,CURITIBA,basic
Luís Brandão,30,green,São Paulo,premium
Diego Alves,52,green,N/A,basic
Juliana Simões,25-30, green,Rio,medium
Camila Conceição,34,green,São Paulo,medium
Felipe Galvão,53,green,Curitiba,basic
LETÍCIA SIMÕES,"60,0",blue,Manaus,premium
Diego Lima,54anos,vermelho,Rio,basic
Renata Brandão,não informado, green,Rio,None
Natália Oliveira,25,blue,Rio,medium
Élida Pereira,36,gren,Rio,free
André Araújo,40,blue,São Paulo,premium
Raíssa Nascimento,44,red, São Paulo,PREMIUM
Matheus Martins,36,green,São Paulo,medium
Isabela Rocha,28,green, Curitiba,basico
carlos dias,51,BLUE,Curitiba,medium
Letícia Assunção,29,green,São Paulo,medium
camila freitas,18, green,Curitiba/PR,básico
CAMILA COSTA,27,red,Curitiba,basic
Vinícius Oliveira,18,,Curitiba,basico
Sérgio Martins,39,blue,São Paulo,premium
Luís Dias,29,RED,Curitiba,medium
Felipe   Santos,50,green,Rio,medium
Raíssa Nascimento,21,AZUL,São Paulo,medium
Natália Alves,42,Verde,Curitiba,basic
Renata Ferreira,46,blue,São Paulo,medium
Thiago Moreira,38,green,Rio,premium
Juliana Pereira,62,blue,Curitiba,medium
Conceição Carvalho,  38  ,green,São Paulo,medium
Raissa Freitas,36,green,São Paulo,premium
Mariana Martins,24, blue,rio de janeiro,medium
Júlia Cardoso,46,blue,Curitiba,medium
José Ferreira,18,red,São Paulo,premium
Patrícia Andrade,55,red,sao paulo,null
Débora Ribeiro,23.0,green,Sao Paulo/SP,Desconhecido
Leonardo Souza,21.0,red,Rio,MEDIUM
matheus pereira,60,BLUE,curitiba pr,basico
Márcia Magalhães,44,blue,Sem informação,premium
Larissa Alves,33,red,Curitiba - PR,medium
Larissa Ribeiro,35,VERDE ,rio,MEDIUM
Letícia Silva,60,blue,Rio,free
José Brandão,53,rde,Curitiba,basic
DIEGO PEREIRA,38,blue,São Paulo,premium
Antônio Melo,18,green,RJ,basic
Natália Martins,20,red,Porto Alegre,Desconhecido
Sérgio Rocha,,red,Florianópolis,basic
MÔNICA MELO,"60,0",red,São Paulo,premium 
Leonardo Melo,58,Azul,Curitiba,basic
Vanessa Moreira,26, green,Salvador,basic
Otávio Conceição,47,red, São Paulo,medium
Matheus Oliveira,28,blue,Curitiba/PR,premium
Conceicao Conceicao,28,red,Curitiba,medium
Fernanda Martins,47 anos,AZUL,rio de janeiro, medium
Renata Alves,19,green,São Paulo, medium
Maria Rodrigues,"19,5",green,Salvador,medium
Eduardo Barbosa,37,red,Curitiba,medium
Conceição Fonseca,57.0,red,Curitiba,basic
Antônio Gomes,29,red,Manaus,Basic
Thiago Galvão,46,amarelo,Rio,basic
Eduardo Souza,41,blue,Rio,medio
Mariana Galvão,56,green,Curitiba,basic
Pedro Andrade,28.7,Azul,São Paulo,premium
natália araújo,61,blue,Rio,medium
Patrícia   Souza,63,red,RIO,medium
Diego Oliveira,36,red,Curitiba,medium
Camila Galvão,21,blue,sp,premium
Igor Melo,21 anos,green,Rio,basic
Renata Rocha,23,blue, Curitiba,médio
Maria Cardoso,19,green,São Paulo,medium
Júlia Pereira,62,green,Rio, medium
 Thiago  Costa ,58,red,Florianópolis,basic
José Pereira,"23,0",red,Curitiba,basic
Débora Silva,20,green,Rio,basic
Marcelo Carvalho,45,red,CURITIBA,medium
Camila Araujo,42,--,Rio,premium
Cecília Conceição,58,Azul,São Paulo,premium
fernanda fonseca,65,red,CURITIBA,medium
Isabela Souza,20,blue,Curitiba,medium
mariana santos,62,blue,RIO,medium
Camila Souza,40,red,Rio,premium
Henrique Melo,41,green,Salvador,medium
Larissa Andrade,19,green,São Paulo,basic
José Galvão,36,green,São Paulo,médio
Fernanda Mendes,41,blue,Curitiba,medium
,22,red,Rio,medium
Simão Oliveira,62,roxo,São Paulo,premium
  Fábio Santos,48,blue,São Paulo - SP,premium
Natalia Galvao,63,red,Curitiba,medium
 Matheus  Andrade ,59,blue,Curitiba,basic
José Santos,44,blue,São Paulo,premium
SIMÃO MARTINS,18,green,rio de janeiro,basic
gabriela nunes,32.5,blue,São Paulo,premium
Mariana Simões,61,None,São Paulo,medium
Letícia Nunes,33,red,Rio ,basic
Mariana Moreira,60,green,Rio,basic
Élida Cardoso,32,green,Rio,basic
Leonardo Carvalho,60anos,red,Curitiba,medium
Marcia Freitas,20 ANOS,Vermelho,SP,medium
Felipe Freitas,7,red,SP,medium
PATRÍCIA FREITAS,59,Vermelho,Curitiba,medium
LUCAS DIAS,41,Azul,Rio,medium
Fábio Santos,35,Verde,Curitiba - PR,Basic
Mariana Mendes,"64,5",blue,São Paulo,medium
Maria Lima,,blue,Rio,medio
sérgio freitas,21 ANOS,green,Rio de Janeiro,basic
Márcia Silva,55,green,curitiba,basic
FERNANDA SANTOS,55,blue,Rio ,medium
Ígor Carvalho,42,red,SP,premium
Mariana Carvalho,63,red,Curitiba/PR,basic
Renata Martins,61,Green,Curitiba,basic
Isabela Machado,25,yellow,São Paulo,PREMIUM
josé cardoso,30,green,São Paulo,médio
Simão Conceição,19.7,red,Curitiba,basic 
Natália Conceição,49,blue,,medium
SÉRGIO DIAS,53,green,São Paulo,medium
Rodrigo Moreira,"33,5",green, Curitiba,medium
Rafael Barbosa,54,roxo,São Paulo,premium
aline ferreira,34 ANOS,amarelo,Curitiba,free
cecília rodrigues,37,green,Rio,basic
Luíza Santos   ,65, blue,Rio,premium
Rafael Dias,32,verde,sao paulo,medium
Patrícia Fonseca,"24,0",green,Sao Paulo,medium
João Barbosa,39,red,Curitiba,basic
Renata Moreira,28,green,rio,medium
Diego Dias,trinta,rde,São Paulo, premium
Tatiane Souza,"36,0",red,São Paulo,medium
Diego Alves,"27,0",red,São Paulo,medium
Vinícius Nunes,27,blue,Rio,medio
Marcelo Pereira,61,blue,Curitiba,medium
Luis Moreira,46, green,São Paulo,premium
Patricia Mendes,30,green,Curitiba,n/a
Rodrigo Marques,57,green, Curitiba,basic
Letícia Santos,27,red,Curitiba,basico
joão mendes,60.0,azul,Curitiba,basic
Larissa Silva,57,red,São Paulo,medium
Fernanda Freitas,46anos,red,Rio,medium
Élida Alves,51,green,Sao Paulo,medium
Beatriz Costa,43,green,Curitiba, medium
HENRIQUE GALVÃO,42,red,Curitiba,medium
PEDRO GALVÃO,60,blue,Belo Horizonte,premium
mônica ferreira,36,blue,Rio,premium
Sérgio Martins,54,red,São Paulo,medium
Vanessa Oliveira,41,blue,RIO,premium
Vanessa   Dias,51,blue,São Paulo,premium
Júlia Lima,33,blue,Curitiba,medium
Fernanda Nunes,63.5,red,Curitiba,basic
Júlia Cardoso,54,blue,São Paulo,premium
Eduardo Santos,55,Green,-,medium
Vinicius Pereira,45,red,Rio,premium
Antônio Martins,trinta e dois,red,São Paulo,medium
Juliana Carvalho,62,blue,Curitiba,medium
Débora Brandão,23 ,red,sp,medium
Beatriz Galvão,34,red,Rio,medium
Diego Brandão,33,red,RIO,medium
Erick Silva,38,blue,RIO,medium
Patrícia Simões,39,blue,São Paulo,premium
José Simões,64,blue,São Paulo,medium
  Matheus Barbosa,54,red,RIO,medium
Márcia   Alves,64,blue,Curitiba,medium
Tatiane Magalhães,55,green,SP,medium
 Isabela  Martins ,23,verde,Rio,medium
fernanda cardoso,27 ,blue,Rio,premium
Élida Galvão,24,blue,Rio,None
 Ígor  Dias ,28,Blue,Rio,premium
Leonardo Nunes,23,purple,Curitiba,basic
Márcia Simões,NaN,green,Curitiba,free
Natália Souza,28.0,red,São Paulo,MEDIUM
  Carlos Conceição,26,green,curitiba pr,basic
Leonardo Ribeiro,23,purple,Rio,basic
  Vinícius Souza,null,blue,São Paulo,PREMIUM
Cecília Oliveira,49,red,rio de janeiro/rj,basico
Larissa Oliveira,48,green,São Paulo,medium
Erick   Assunção,52,verde,Florianópolis,basic
Raíssa Cardoso,37,red,Curitiba/PR,medium
Renata Simoes,32,blue,São Paulo,premium
 Pedro  Carvalho ,36,purple,São Paulo,premium
Erick Alves,45.0,blue,RIO,medium
Luíza Moreira,65 Anos,green,?,basic
Erick Fonseca, 31,green,São Paulo,premium
Beatriz Marques,41,blue,Rio,premium
Desconhecido,58,green,São Paulo,basic
Natália Ribeiro,26,não informado,Rio,medium
Simão Lima,30anos,blue, São Paulo,premium
Tatiane Santos,62,blue,Rio,medium
Renata Conceição,37,red,São Paulo,premium
Rodrigo Moreira,42,BLUE,São Paulo,premium 
José Alves,55 Anos,red,Rio,basic
Natália Conceição,,green,São Paulo,Sem informação
Leonardo Souza,23,green,Rio,basic
Luíza Fonseca, 48,green,São Paulo,NA
DIEGO DIAS,26,blue,Curitiba,basic
Eduardo Silva,44,green,Curitiba,basic
--,"57,0", blue,"Curitiba, PR",medium
Vanessa Souza,51.0,blue,São Paulo - SP,premium
Camila Assunção,26,blue,São Paulo,PREMIUM
Letícia Conceição,32,red,RJ,basic
José Andrade,21,green,Rio,basic
cecília rodrigues,29,red,curitiba pr,basic
Ígor Souza,59,green,São Paulo,basic
fábio carvalho,60,red,Rio,medium
Henrique Santos,,blue ,São Paulo - SP,premium
Caio Magalhães,37,green,,medium
Débora Rocha,3,BLUE,Rio,medium
Beatriz   Nascimento,27,green,São Paulo,medium
Luíza Rocha,Sem informação,BLUE,Curitiba,premium
Erick Assunção,49,red,Curitiba,basic
andré galvão,44,green,Rio,medium
Fábio Alves,"23,5",blue,Rio,medium
Larissa Souza,33,Azul,SP,premium
Simão Fonseca,34,blue,"Rio, RJ",premium
Isabela Nunes,63,purple,Curitiba,basic
Ana Mendes,32,blue,Recife,premium
CECÍLIA COSTA,41,red,Florianópolis,medium
LARISSA ALVES,58,green,São Paulo,medium
Luís Freitas,44,green,Rio,n/a
Beatriz Nascimento,47, red ,Rio de Janeiro - RJ,basico
Bruna Ferreira,55,Azul,curitiba pr,medium
 Erick  Alves ,61,red,Rio,medium
Beatriz Rodrigues,trinta,blue,Não informado,medium
LARISSA FERREIRA,61 ANOS,green,Rio,Básico
Larissa Alves,42,red,Curitiba,medium
luíza pereira,54,blue,Curitiba,medium
Maria Melo,58,green,Rio,médio
isabela galvão,56,preto,"Rio, RJ",premium
Pedro Martins,Sem informação,red,Rio,medium
Larissa Galvão,"44,5",blue ,São Paulo,premium 
Tatiane Simões,43,black,Rio,medium
Otávio Martins,60,red,Curitiba,basic
Diego Conceição,55,red,Rio,medium
Ana Martins,52,green,Rio,basic
Marcelo Silva,53,green,Rio,medium
Pedro Dias,35,green,não informado,basic
Débora Ribeiro,57,rde,Curitiba,básico
Patrícia Oliveira,48anos,green,Curitiba,basic
henrique costa,53,blue,Curitiba,medium
Juliana Silva,28,blue ,Curitiba/PR,medium
Otavio Machado,42,red,Curitiba,medium
LUCAS FERREIRA,27,blue,"Rio, RJ",NULL
Carlos Marques,57,red,São Paulo,medium
Fernanda Rocha,62,green,SP,premium
Pedro Cardoso,34,green,Rio,medium
Larissa Martins,58,azul,Curitiba,medium
Tatiane Rodrigues,46,red,Curitiba,Básico
Letícia Silva,45,red,SP,premium
Larissa Melo,34anos,GREEN,Curitiba,Não informado
Fábio Alves,52,Azul,Curitiba,basic
Débora Freitas,44,vermelho,rio,Médio
Lucas Marques,53 ,red,Rio,básico
Gabriela Moreira,23,green,Rio,basic
Vinícius Santos,40.5,green,Rio,MEDIUM
  Raíssa Andrade,xx,green,,medium
TATIANE FERREIRA,65,blue,Sao Paulo/SP,premium
Renata Machado,58,Green,Rio,basic
Ana Andrade,34,Sem informação,São Paulo,Médio
Fernanda Rocha   ,28,red, São Paulo,premium
Sérgio Nunes,47,green,Rio,Básico
Andre Marques,24 ,red,Rio,--
Fernanda Simões, 47,red,São Paulo,premium
André Souza   ,31,red,Rio,premium
Caio Araújo,42,Red, Curitiba,NULL
Camila Mendes,28,red,São Paulo,premium
diego conceição,34,red,São Paulo,premium
Ana Ribeiro,27,green,Curitiba,basic
Diego Silva, 59,blue,Rio,medium
Letícia   Nunes,53,red,são paulo,Premium
Júlia Alves,54,Vermelho,sp,premium
Vinícius Conceição,44,red,Rio,medium
ÍGOR DIAS,49 ANOS,blue,São Paulo,premium
Camila Rodrigues,38,red,sp,medium
Erick Gomes,38,n/a,Curitiba,medium
Vinícius Brandão,48,blue,Curitiba,medium
Simão Freitas,35,blue,Rio,n/a
,34,blue , Curitiba,medium
Élida Magalhães,46,Green,Curitiba,basic
Maria Rocha,54,yellow,Rio,medium
Vanessa Machado,21,green,Curitiba,basic
Camila Rocha,53,green,São Paulo,medium
Matheus Nascimento,26 anos,red,Rio,medium
N/A,None,red,Curitiba, medium
  Mariana Moreira,52,blue,São Paulo,premium
Bruna Ferreira,18,red,São Paulo,premium
Luís Fonseca,57 anos,green,Curitiba,basic
 Élida  Rodrigues ,63,green,Curitiba,basic
Carlos Lima,56,green,Rio,MEDIUM
Simão Nunes,2S,green,RJ,basic
Luís Araújo,45,blue,--,premium
  Patrícia Fonseca,50,green,Rio,basic
  André Costa, 21,blue,Curitiba,medium
Júlia Conceição,150,azul,Rio,premium
ALINE ANDRADE,50,Verde,Rio,basic
  Eduardo Carvalho,36,green,Rio,medium
Thiago Souza,3,blue,São Paulo,premium
Luíza Souza,40,red,São Paulo,premium
CECÍLIA COSTA,59, red ,Rio ,free
Caio Oliveira,42,blue,São Paulo,N/A
Diego Marques,56,red,São Paulo,premium
Ana Andrade,"42,0",red,RIO,medium
 Maria  Ribeiro ,61 Anos,red,Rio,medium
Luís Oliveira,32,red,Curitiba,medium
CAMILA MARTINS,61,Azul,São Paulo,premium
Gabriela Silva,3,rde, Curitiba,basic
Leonardo Gomes,n/a,Vermelho,Florianópolis,free
patrícia marques,vinte e cinco,Vermelho,CWB,basic
Luíza   Brandão,21,green,Curitiba,basic
Fábio Freitas   ,"34,0",green,São Paulo,medium
Diego Lima,30,black,Rio,premium 
Sérgio Brandão,56,green,Rio,medium
Marcelo Machado,43,preto,Recife,basic
André Silva,47,None,RJ,basic
Marcelo Carvalho,33,blue,SP,premium
Juliana Nunes,xx,rde,sao paulo,premium
MATHEUS FONSECA,46,red,Rio,medium
Caio Freitas,40,blue,SÃO PAULO,premium
natália oliveira,,red,São Paulo,medium
Renata Barbosa,52,blue,SÃO PAULO,free
Beatriz Moreira,58,blue,Sao Paulo/SP, premium
Cecília Nunes   ,19,blue,Curitiba,basic
cecília assunção,25-30,red,Curitiba,basic
Lucas Melo,63,green,Rio,
Sérgio Oliveira,62,red,São Paulo,medium
Erick Gomes,"26,0",red,Rio,medium
Antônio Costa,41,blue,Rio,premium
Caio Santos,trinta e dois,green,Rio,medium
Cecília Machado,44,blue,Rio,premium
DIEGO SANTOS,61.7,red,Curitiba,basic
Larissa Mendes,NA,green,Curitiba,Basic
André Alves,3O,None,Manaus,medium
Débora Rocha,32,red,"Curitiba, PR",medium
 Juliana  Costa ,33,yellow,Rio,medium
Débora Alves,30,blue,Rio,premium
Leticia Fonseca,50,red,São Paulo,medium
Leonardo Marques,27,VERMELHO,Curitiba,basic
Leonardo Assunção,46,AZUL,São Paulo,premium 
Élida Dias   ,38,red,Rio,medium
Camila Martins,39.0,blue,Curitiba,medium
Isabela Brandão,38,blue,São Paulo, premium
Pedro Barbosa,19,green,Curitiba,basic
Caio Fonseca, 38,blue,São Paulo,premium
Erick Rodrigues,18,green,Rio,basic
Joao Moreira,53,green,Recife,basic
José Andrade,20,green,Curitiba,basic
vanessa silva,null,Red,São Paulo,NULL
Beatriz Ribeiro,n/a,green,Rio,basic
Júlia Ribeiro,47,green,Curitiba,basic
Juliana Carvalho,56,yellow,Rio,medium
Mônica Brandão,"24,0",AZUL,Rio,medium
Rafael Gomes,60,green,São Paulo,basic
Camila Cardoso   ,25 ANOS,green,Rio de Janeiro,platinum
ALINE ROCHA,59.0,blue,Curitiba,medium
Beatriz Carvalho,60,green, Curitiba,basic
 Élida  Brandão ,  30  ,red,n/a,medium
Caio Fonseca,45,red,Curitiba,medium
Vanessa Ferreira,32, red ,São Paulo,premium
Raíssa Araújo,34,amarelo,São Paulo,Medium
Antônio Magalhães,53,green,São Paulo,basic
Felipe Dias,49,green,Recife,basic
Vinícius Martins,30,Verde,Rio,medium
Ana Conceição,56,Green,Curitiba,basic
Débora Mendes,--,blue,Curitiba/PR,medium
Mariana Conceição,48.0,VERDE ,Rio,basic
Gabriela Rocha,42,green,Rio,Médio
Leonardo Lima,35,VERDE ,Curitiba,basic
Márcia Lima,57,red,São Paulo,medium
José Andrade,59,blue,rio,gold
Gabriela Mendes,51,green,desconhecido,platinum
Antônio Mendes,44.0,gren,Rio,médio
Élida Rodrigues,59,red,NaN,basic
Tatiane Mendes,46,red, São Paulo,premium
BRUNA MARTINS,61.0,blue,RJ,medium
Felipe Dias,26,green,RJ,Basic
Marcelo Ribeiro,47,vermelho,Rio,medium
Ígor Araújo,59.5,red,Rio,medium
Gustavo Mendes,39anos,red,São Paulo, premium
Conceição Martins,63,azul,Curitiba,gold
Mariana Rocha,50,blue,São Paulo,vip
Raissa Cardoso,NULL,green,n/a,medium
Ígor Melo,None,red,Rio,medium
Vinícius Santos,56.0,blue, São Paulo,premium
antônio cardoso,23,blue,São Paulo,premium 
Vanessa Rodrigues,53,green,São Paulo,medium
Maria Lima,46,Red,curitiba,basic
Élida Nunes,-,blue,Rio,premium
FELIPE SILVA,49,green,São Paulo,platinum
Juliana Santos,25,blue,Rio de Janeiro - RJ,medium
Camila Brandão,"35,0",blue,São Paulo,premium
Vinícius Araújo,31.0,green,Curitiba,vip
caio alves,31,,São Paulo,premium
Carlos Moreira,null,roxo,Curitiba,basic
Conceição Conceição,"57,0",blue,Rio,medio
Henrique Pereira,60,Vermelho,Rio de Janeiro,basic
Tatiane Oliveira,44,red,Rio,medium
Pedro Martins,65,green,Recife,basic
DÉBORA MOREIRA,"25,0",green,São Paulo,medium
pedro ribeiro,33,red,Curitiba,medium
Camila Oliveira,64,blue,Curitiba,medium
--,36,red,Salvador,platinum
RAFAEL SANTOS,25,blue,Rio de Janeiro - RJ,
Vanessa Barbosa,31,VERMELHO,CURITIBA,medium
João Nunes,NULL,green,Curitiba,BASIC
André Magalhães,27,red,São Paulo,medium
Júlia Martins,28,vermelho,Rio,medium
Juliana Carvalho,36,red,Rio,medium
Gabriela Freitas,46 Anos,red,Curitiba,basic
Juliana Fonseca,49,blue,Rio de Janeiro,medium
Diego Martins,"39,0",green,Curitiba,basic
OTÁVIO MACHADO,32.5,blue,rio de janeiro,premium
débora ribeiro,34,red,Rio,premium
Aline Barbosa,,blue,Rio,medium
Júlia Fonseca,39,green,Curitiba,Médio
NaN,62,red,São Paulo,medium
Raíssa Alves,21,green,Curitiba,basic
Cecília Barbosa,31,blue,Curitiba,medium
Simão Lima,18,blue,RJ,Medium
Thiago Pereira,48,green,N/A,basic
Mariana Ribeiro,28,blue,Rio,NaN
Juliana Ferreira,61,green,Curitiba,basic
Luis Assuncao,43,Green,Manaus,NaN
Diego Ferreira,39,green,RIO, medium
Vanessa Martins,36,red,São Paulo - SP,premium
GUSTAVO SIMÕES,"35,5",green,curitiba pr,medium
Cecília Souza,27,Red,Rio de Janeiro - RJ,medium
  Luíza Simões,  27  , red ,São Paulo,medium
Erick Pereira,19,red,Curitiba,basic
Juliana Moreira,43,blue,São Paulo, premium
caio machado,41,red,"Rio, RJ",premium
Ígor Machado,36,verde,São Paulo,medium
Gabriela Magalhães,  49  ,blue,Rio,medium
Rafael Nascimento,32 anos,Green,São Paulo,medium
não informado,65,verde,Rio,basic
Eduardo Araújo,21,red,Recife,basic
Juliana Silva,Não informado,red,RIO,medium
Caio Melo,55,green,rio de janeiro,medium
Natália Barbosa,24,RED,Curitiba,basic
marcelo simões,999,red,Rio,basic
FÁBIO SANTOS,48,blue,Rio,premium
fernanda nunes,  21  ,blue,Rio,Médio
Lucas Magalhães,43,blue,Curitiba,medium
Matheus Machado,45,blue,Rio,premium
João Araújo,48,yellow,Rio de Janeiro - RJ,basic
Vinícius Andrade,43,green,Rio,medium
Otavio Conceicao,42,blue,São Paulo,premium
Rafael Souza,25 ,green,São Paulo,medium
débora mendes,54,green,Rio,basic
Sem informação,30,green,Curitiba,Médio
Tatiane Rodrigues,53,green,Rio,medium
Leonardo Gomes,"56,0",red,Curitiba - PR,free
Rafael Simões,42,green,Rio de Janeiro - RJ,premium
Juliana   Araújo,40,blue,Rio,premium
Vanessa Costa,51,red,são paulo, premium
Rafael Rodrigues   ,46,Não informado,Curitiba,basic
Camila Assunção,39,null,Curitiba,medium
Rodrigo Cardoso,  49  ,blue,Rio,medium
Antônio Mendes,24,blue,São Paulo,medium
Rafael Martins,53,green,Curitiba,basic
Sérgio Brandão,38,blue,Curitiba,premium
Márcia Galvão,50,red,Curitiba,basic
Otávio Fonseca,53 ,blue,Curitiba,medium
Natália Dias,30,blue,Curitiba,medium
Raíssa Ferreira,23,green,Sao Paulo/SP,medium
 Erick  Pereira ,Desconhecido,blue,Florianópolis,premium
Carlos Gomes,0,roxo,Curitiba,basic
Maria Marques,36.0,blue,São Paulo,premium
gustavo freitas,25,red,São Paulo,medium
NATÁLIA CONCEIÇÃO,31,green,RJ,medium
Fábio Nunes,22,blue,Rio,premium
Julia Ferreira,44,red,Curitiba,MEDIUM
Henrique Carvalho,24,red,São Paulo,medium
LARISSA PEREIRA,49,blue,Rio,premium
Diego Machado,28,red,CURITIBA,medium
Gabriela Pereira,26,blue,Curitiba,medium
Ígor Araújo,"61,0",red,Rio,standard
aline barbosa,55 anos,VERMELHO,São Paulo,Desconhecido
Ígor Conceição,32,green,São Paulo,medium
Tatiane Silva,37,green,,basic
Erick Freitas,42,Green,Curitiba,basic
Otavio Barbosa,Desconhecido, green,Curitiba,basic
Carlos Simões,18,green,Brasília,medium
Raíssa Andrade,33,purple, São Paulo,medium
Maria Barbosa,None,red,Rio,basic
Márcia Cardoso,65,Vermelho,São Paulo - SP,premium
Cecília Gomes,,red,São Paulo,premium
Caio Ferreira,42,green,Rio,medium
Júlia Lima,37,red,Curitiba,medium
Vinícius Nascimento,51,red,São Paulo,medium
Ana Brandão,55,blue,Rio,medium
Débora Andrade,130,red,Rio, medium
Vanessa Brandão,44,gren,São Paulo,premium
Gustavo Rodrigues,33,purple,Rio,medium
Carlos Brandão,33,green,Rio, medium
Patrícia   Marques,57.0,green,Brasília,basic
Gabriela   Brandão,29,green,Rio,medium
Tatiane Fonseca,43,green,Curitiba,BASIC
André Rocha,130,blue,CURITIBA,medium
Fábio Fonseca,26,blue,Rio,medium
Mônica Marques,37,green,não informado,basic
Luís Andrade,65 anos,blue,,premium
DÉBORA RIBEIRO,46,blue ,curitiba,MEDIUM
Felipe Santos,57,red,Rio,basic
desconhecido,28,green,Rio,medium
Monica Costa,37,green,Rio,medium
Bruna Carvalho,22,VERMELHO,"São Paulo, SP",medium
Camila Dias,,green,Curitiba,basic
Leonardo Machado,45,green,Florianópolis,medium
Juliana Mendes,58,red,São Paulo,premium
Rodrigo Moreira,53,green,RJ,basic
Eduardo Barbosa,57,red,São Paulo,premium
Juliana Cardoso,40,blue,São Paulo,premium
Renata Araújo,19,red,Curitiba,medium
Não informado,55,green,São Paulo,vip
Débora Barbosa,33,red,"Curitiba, PR",MEDIUM
Natalia Freitas,40,red,Curitiba,medium
Lucas Silva,Sem informação,green,São Paulo,medium
Raíssa   Melo,25-30,blue,curitiba,basic
João Machado,29,red,São Paulo,premium
Rafael Pereira,44,verde,São Paulo,medium
Erick Conceição,51,red,Belo Horizonte,basic
 Maria  Simões ,36,red,São Paulo,premium
GUSTAVO MOREIRA,,red,São Paulo,premium 
Bruna Costa,54,Red,São Paulo,medium
Vanessa Magalhães,43,green,São Paulo,medium
Luís Freitas,7,green,RJ,basic
Ana Assunção,60,green,Rio,basic
Maria Brandão,25anos,red,Rio,medium
Vanessa Andrade,43.7,red,Curitiba,medium
João Andrade,64,blue,rio de janeiro/rj,premium
Eduardo Pereira,25,vermelho,São Paulo,premium
Conceição Assunção,44, blue,sp,premium
Márcia Ferreira,3,green,Curitiba - PR,basic
Carlos Fonseca,25-30,blue,Rio,premium
Mônica Marques,54,blue,Curitiba,medium
Márcia Silva,50,GREEN,Rio,basic
Eduardo Brandão,N/A,GREEN,São Paulo,medium
Letícia Martins,52,Vermelho,Sao Paulo,medium
Thiago Rodrigues,21,red,São Paulo - SP,não informado
Luíza Pereira,38,gren,Rio,medium
Eduardo Carvalho,29,blue,Curitiba,medium
Felipe Marques,Sem informação,blue,Curitiba,Premium
LUÍZA CARVALHO,41,Vermelho,Curitiba,medium
Luíza Moreira,60,blue,São Paulo,premium
Eduardo Simões,49,azul,Curitiba/PR,medium
  Maria Ferreira,51,green,São Paulo,basic
Lucas Dias,64,green,Rio,Médio
Júlia Carvalho,55,red,São Paulo,Medium
Rafael Conceição,61,verde,Rio,basic
Camila Simões,trinta e dois,green,Rio,basic
Vinícius Barbosa,51,green,Rio,medium
josé rodrigues,28,blue,Rio,medium
Rafael Rodrigues,18,preto,curitiba pr,basic
Matheus Cardoso,50,azul,Rio,medium
Isabela Assunção,--,green,Porto Alegre,basic
Mônica Marques,27, red ,Florianópolis,medium
Simão Santos,24,RED,Rio,basic
Renata Costa,42,blue,São Paulo,premium 
Élida Gomes,32 anos, blue,"Rio, RJ",premium
Débora Martins,36,green,--,basic
Conceição Santos,37,roxo,Curitiba/PR,medium
isabela barbosa,46,Verde,CURITIBA,Não informado
THIAGO ANDRADE,64,blue,São Paulo,premium
Isabela Ribeiro,57,red,RIO,medium
Raíssa Lima,64,green,Salvador,basic
Thiago Dias,35,RED,RJ,medium
Simão Martins,43,green,Curitiba,Basic
Fernanda Nunes,28,blue ,Curitiba,basic
Vanessa Silva,--,Vermelho,São Paulo,Premium
André Oliveira,18,rde,rio de janeiro/rj,?
 Diego  Costa ,41,green,Rio,medium
João Simões,31,green,Rio,medium
Patrícia Ferreira,26,green,Rio,basic
Natália Dias,57,green,São Paulo,medium
Júlia Marques,56,blue,Rio,medium
Monica Andrade,30,red,Rio,medium
letícia fonseca,32,red,sp,premium
Juliana Rocha,19,AZUL,Curitiba,basic
LETÍCIA CARVALHO,33,blue ,Rio ,PREMIUM
carlos andrade,42,green, Curitiba,basic
Antônio Mendes,37,green,Rio,medium
NULL,32,red,São Paulo,premium
Larissa Costa,45,red,Curitiba,medium
Letícia Pereira,200,blue,"Curitiba, PR",gold
  Erick Alves,55,blue,Curitiba,medium
Aline Galvão,42,rde,curitiba,basic
Júlia Silva,27,red,--,premium
Mônica Nascimento,38,green,Curitiba,basic
Élida Lima,61,green,São Paulo,medium
ISABELA MENDES,7,red,Rio de Janeiro,medium
Mariana Marques,44,RED,Rio,medium
José Rocha,44,green,Rio,medium
Thiago Dias,37, green,Curitiba,basic
Isabela Pereira,37,desconhecido,CURITIBA,medium
Cecília   Moreira, 38,vermelho,SP, premium
Simão Marques,56,red,Rio, medium
Carlos Nascimento,64,red,São Paulo,premium
Fábio Martins,47,vermelho,Rio,Medium
Otávio Conceição,?,blue,Curitiba,basic
  Leonardo Santos,45,green,Curitiba - PR,basic
Juliana Barbosa,57,blue,São Paulo,premium
André Brandão,20,red,Rio,basic
Ana Gomes,48,Green,São Paulo,MEDIUM
Diego Oliveira,63,green,São Paulo,N/A
Antônio Melo,63,green,Rio,basic
Rafael Gomes,34.0,green,Curitiba,basic
Beatriz Santos,38 anos,desconhecido,São Paulo, premium
Natália Souza,47,green,Curitiba - PR,basic
André Melo,62,green,curitiba pr,medium
Aline Gomes,25,Azul,Curitiba,medium
Fernanda Rodrigues,45,green,Rio,medium
Conceição Costa,desconhecido,blue,Rio ,medium
Larissa Cardoso,47,red,Salvador,basic
Júlia Moreira,43,red,Rio,premium
Letícia Marques,Sem informação,blue,Brasília,premium
Fábio Ferreira,65,blue,Curitiba - PR,basic
Bruna Barbosa,28.0,blue,Curitiba/PR,medium
Aline Nascimento,20,red,Rio,basic
Débora Alves,41,verde,Curitiba - PR,Basic
Conceição Andrade,33,green,"Curitiba, PR",básico
Erick Marques,21,red,Curitiba,--
Leonardo Galvao,49,blue ,Rio,medium
Gustavo Dias,18,green,Rio,basic
Luís Oliveira,38 Anos,red,Rio,PREMIUM
None,52,Verde,Rio de Janeiro,basic
Lucas Magalhães,39,Azul,Curitiba/PR,premium
Sérgio Ferreira,64 ANOS,blu, São Paulo,premium
Vanessa Oliveira,"51,0",red,Curitiba,Basic
Antônio Fonseca,None,red,curitiba,basic
Otávio Costa,42,blue,Rio de Janeiro,premium 
Carlos Melo,22,green,Curitiba,Basic
,?,blue,curitiba pr,medium
Letícia Cardoso,24,blue,São Paulo,medium
  Matheus Silva,41,green,São Paulo,medium
Erick Fonseca,65,blue,rio de janeiro,medium
Natália Freitas,35,blu,São Paulo - SP,premium
conceição carvalho,43,blue,Rio,premium
Mariana Gomes,57.0,green,Curitiba,basic
Erick Silva,61,blue,Rio,medium
Mônica Ferreira,27.0, red ,--,medium
Henrique Oliveira,não informado,Blue,Rio,premium
  Natália Silva,58,blue,Rio,premium
Élida Alves,"64,0",green,Curitiba,platinum
Matheus Martins,33,Verde,Manaus,medium
João Cardoso,49,green,São Paulo,medium
Rafael Dias,50,red,Curitiba,basic
Otávio Martins,59.0,green,Curitiba,basic
Juliana Dias,65,red,São Paulo,standard
Matheus Pereira,51,green,Curitiba,basic
Fábio Lima,60,blue,SÃO PAULO,premium
Gabriela Conceição,31,red,Rio,medium
Matheus Ribeiro,53,blue,Rio,medium
Renata Gomes,25,red,São Paulo,médio
  Pedro Freitas,19,blue,sao paulo,premium
Caio Marques,33 anos,red,Curitiba,basic
Leonardo Fonseca,29.0,red,São Paulo,premium 
Ana Silva,42,red,Rio,medio
Carlos Simões,Sem informação,blue,São Paulo,premium
Letícia Martins,65.0,green,Sao Paulo,medium
renata araújo,None,Vermelho,NA,medium
Aline Alves,?,blue,Rio,medio
isabela simões,55anos,red,curitiba pr,vip
João Souza,44,azul,São Paulo,premium
 Leonardo  Assunção ,23,green,Rio,medium
Raíssa Pereira,51,green,Curitiba,basic
Mônica Santos,61,VERMELHO,Curitiba,basic
Aline Barbosa,31,blue, São Paulo,premium
Carlos Gomes,33,blue,São Paulo,premium
Vanessa Freitas,36.0,azul,curitiba,medium
Leonardo Fonseca,49,blue,CURITIBA,Basic
Vanessa Conceição,18,blue,Rio,medium
Fábio Barbosa,49,blue,"São Paulo, SP",premium
Luis Dias,28,blue,Curitiba,medium
Erick Melo,54,green,Rio,basic
leonardo nunes,2S,red,Curitiba,basic
André Souza,63,blue,Curitiba,medium
Henrique Andrade,45,red,Rio,PREMIUM
Márcia Conceição,50, green,São Paulo,basic
Thiago Ribeiro,48,green,Curitiba,basic
Vinícius Moreira,49,Green,Curitiba/PR,basic
Thiago Alves,20,azul,Rio ,desconhecido
Renata Carvalho,54,rde,São Paulo,vip
Márcia Conceição,35,blue ,Curitiba,medium
Erick Araújo,46,green,Rio,basic
Larissa Barbosa,49,blue,"São Paulo, SP",premium
MATHEUS ARAÚJO,44,red,Curitiba,medium
Rafael Barbosa,44, red ,sao paulo,premium
Lucas Brandão,31,green,Rio,medium
vinícius magalhães,49,Red,rio de janeiro,Básico
Débora   Alves,21,red,Rio ,Médio
FELIPE ROCHA,62,blue,Curitiba,medium
Débora Rodrigues,56,green,Curitiba,basico
Raíssa Carvalho,48,blue,Rio de Janeiro - RJ,Médio
Simão Ribeiro,36,red,Curitiba,basic
Patrícia Gomes,29,green,Curitiba - PR,platinum
Simão Silva,19,red,Brasília,medium
Henrique Gomes,47,red,Rio,medium
Diego Dias,44,blue,Sao Paulo/SP,premium
Isabela Ribeiro   ,61,roxo,Curitiba,basic
Raíssa   Barbosa,45,red,Rio,médio
Mônica   Oliveira,50,red,Rio,medium
  Luíza Rocha,18,red,Curitiba,medium
Leonardo Ferreira,43,green,n/a,platinum
EDUARDO BARBOSA,61.0, red ,São Paulo,premium
-,47,red,Curitiba,basic
Fábio Alves,54,green,"Rio, RJ",basic
Raissa Moreira,32,green,São Paulo - SP,medium
Camila Araújo,56,vermelho,Rio,medium
Eduardo Mendes   ,41,Sem informação,Rio,medium
Rodrigo Ferreira,54,red,São Paulo,medium
Simao Machado,55,AZUL, São Paulo,medium
Mônica Simões,130,blue,Curitiba,BASIC
Rafael Conceição,43,red,São Paulo,premium
Luíza Oliveira,19,green,Curitiba,basic
Lucas   Assunção,23,green,Rio,basic
Maria Conceicao,54 Anos,Verde,Rio,basic
Cecília Silva,7,VERMELHO,Sem informação,premium
Luís Melo,49,red,São Paulo,Medium
Aline Alves,38,blue,Rio,premium
Gustavo Brandão,54,blue,Florianópolis,medium
Fernanda Dias   ,30.0,blue,Curitiba,premium
isabela assunção,31,green,"São Paulo, SP",premium
Letícia Rodrigues,48.0,red,Rio,Medium
Rafael Barbosa,41,blue,Curitiba,medium
desconhecido,21,red,Curitiba,basic
Fernanda Simões,3O,blue,São Paulo,premium 
Natália Pereira,60,green,São Paulo,medium
NATÁLIA SANTOS,19.7,Red,Rio,Basic
Letícia   Pereira,  62  ,blue,São Paulo,premium
Renata Gomes,36,,Rio,premium
-,38,red,Curitiba - PR,basic
Otávio   Pereira,29,AZUL,Curitiba,medium
Letícia Mendes,56,red,rio de janeiro/rj,basic
sérgio araújo,31,red,São Paulo,premium
LETÍCIA FERREIRA,28,red,São Paulo,médio
Carlos Rocha,41,green,Rio,standard
Élida Silva,52,red,São Paulo,PREMIUM
Thiago   Costa,29,red,São Paulo,premium
Maria Alves,34,Verde,São Paulo,basic
Juliana Freitas,18,Azul,Rio,premium
Camila Silva,45,blue,São Paulo,premium
Felipe Cardoso,21.7,--,rio de janeiro,basic
Leonardo Rodrigues,32,Red,Curitiba,Medium
Eduardo Mendes,18,verde,Rio,basico
Cecília Nascimento,24,?,Rio,medium
Gabriela Souza,45,green,Rio,medium
Maria Souza,46,green,Rio de Janeiro - RJ,basic
andré carvalho,45,red,Curitiba,basic
Fernanda Gomes,20,blue,sp,medium
RENATA NASCIMENTO,45,red,Curitiba,medium
Vinícius Mendes,?,azul,Curitiba,medium
luís silva,46,azul,rio de janeiro/rj,medium
Gabriela Freitas,58,n/a,desconhecido,medium
marcelo nascimento,55.7,red,sp,medium
Márcia Brandão,61,blue,São Paulo,premium
Mariana Pereira,48,red,curitiba pr,basic
Erick Machado,39,verde,Rio,medium
Élida Moreira,60 ANOS, blue,São Paulo,não informado
Mariana Souza,48anos,red,curitiba pr,basic
Patrícia Ferreira,Desconhecido,blue,São Paulo,premium
Natália Lima, 32,VERDE ,São Paulo,medium
Fernanda Pereira,65,Green,São Paulo,medium
Beatriz Silva,25,red,Rio,medium
Mariana Ferreira,58.0,Verde,Curitiba,basic
Rodrigo Ferreira,47,blue,São Paulo,Premium
Patrícia Fonseca,23,green,São Paulo,basic
 Fernanda  Gomes ,20.0,blue,São Paulo,premium
José Dias,56,?,Rio,medium
Gustavo Nascimento,28,green,São Paulo,medium
DÉBORA CONCEIÇÃO,22,red,Curitiba,basic
josé alves,56,GREEN,São Paulo,basic 
Fernanda   Martins,60,blue ,curitiba,basic
RAÍSSA ROCHA,40,blue,Curitiba - PR,premium
caio andrade,37,green,São Paulo,medium
Luís Araújo,21,red,Curitiba,BASIC
Natália Alves,23.0,green,não informado,basic
Ígor Souza,61,blue,Rio,medium
Diego Silva,NaN,blue,rio de janeiro,medium
Rodrigo Santos,None,blue,RIO,medium
Eduardo   Brandão,200,green,Rio,MEDIUM
Otávio Dias   ,55,Vermelho,"Curitiba, PR",medium
Otávio Conceição,"43,0",green,Curitiba,básico
Gabriela Lima,32,Red,São Paulo,premium
Eduardo Marques,29, green,Recife,basic
Cecília Cardoso   ,29,red,sp,medium
Renata Alves,22,green,"Curitiba, PR",basic
Isabela Araújo,vinte e cinco,Green,curitiba pr,basic
Élida Costa,37.0,blue,CURITIBA,medium
João Marques,48,blue,RJ,basic
Diego Alves,45.0,blue,N/A,Medium
Patrícia Oliveira,51,VERDE ,São Paulo,medium
Isabela Alves,Desconhecido,green,São Paulo,basic
Mônica Santos,47 ANOS,blue,Rio,medium
Vinícius Araújo,,green,curitiba,standard
Júlia Alves,60,green,Rio,basic
Patrícia Conceição,36,blue,Curitiba,medium
Renata Moreira,19,VERDE ,Curitiba,basic
Patrícia Gomes,32,green,Rio,medium
Beatriz Barbosa,21,red,Rio,medium
Mônica Mendes,43,red,Florianópolis,Médio
Aline Rocha,64,green,Curitiba,basic
Larissa Melo,22,blue,rio de janeiro,medium
Lucas Carvalho,24, green,Rio,basic
Caio Lima,24,,Curitiba,basic
Caio Simões,27,blue,Rio,medium
Vinícius Machado,19,azul,São Paulo,PREMIUM
Vanessa Nunes,47,blue,Rio,medium
Larissa Assunção,56,blue,Rio,medium
Luíza Machado,37,green,RJ,basic
Diego Simões,43.5,red,Curitiba,medium
Patrícia Assunção,24,blue,rio,medium
LUÍZA GALVÃO,26,red,Curitiba,basic
Diego Brandão,37,BLUE,São Paulo,NaN
Gabriela Nunes,"40,0",NA, Curitiba,MEDIUM
Andre Conceicao,"58,0",red,Rio,basic
Júlia Dias,24,vermelho,RJ,medium
Diego Brandão,36,green,Recife,basic
Simão Alves,28,green,Rio,basic
Simão Rocha,  34  ,red,curitiba pr, medium
Pedro Souza,39,red,Rio,medium
Renata Barbosa,60,green,null,medium
Vinícius Mendes,22.0,red,CURITIBA,NA
Leonardo Galvão,51,red,Rio,medium
Antônio Rodrigues,38,green,Curitiba,basic
Mariana Dias,32,green,Não informado,basic
DÉBORA DIAS,20.0,AZUL,São Paulo,premium
Aline Oliveira,60,red,Rio,medium
Carlos Dias, 49,blue,São Paulo,premium
André Magalhães,21,blue,"Curitiba, PR",platinum
Pedro Fonseca,52,blue,Curitiba,medium
Rafael Ferreira,48,VERMELHO,rio de janeiro/rj,medium
Vanessa Lima,24,green,Curitiba - PR,medium
Gustavo Gomes,200,green,curitiba pr,medium
ÍGOR ASSUNÇÃO,62,green,Curitiba,basic
Simão Souza,32 ,green,"Rio, RJ",medium
José Pereira,64,blue,Rio de Janeiro - RJ,medium
matheus assunção,47,blue,não informado,basic
Cecília Moreira,null,preto,Curitiba,basic
 Natália  Pereira ,NA,blue,Rio,premium
Andre Moreira,44,red,Rio,medium
Leonardo Melo,38,green,Rio,medium
juliana conceição,idade,Desconhecido,Rio,medium
Vinícius Assunção,57,green,Rio,basic
Débora Alves,35,blue,Rio,premium
Juliana Rodrigues,vinte e cinco,red,Curitiba,básico
 Letícia  Fonseca ,61,red,curitiba pr,básico
RAÍSSA ALVES,26,red,Salvador,medium
Fernanda Nascimento,33anos, red ,Curitiba,medium
Luís Cardoso,26,green,Curitiba,básico
Raíssa Costa,64.0,blue,São Paulo,premium
Letícia Barbosa,29,green,São Paulo,premium
  Sérgio Galvão,25,green,Curitiba,basic
Rafael   Machado,24.0,azul,"São Paulo, SP",medium
Gabriela Conceição,n/a,Red,CURITIBA,basic
Letícia Ferreira,32.7,VERMELHO, Curitiba,basic
Diego Carvalho   ,22,red,Curitiba,basic
mônica oliveira,46,green,Curitiba,basic
Gustavo Silva,37,Verde,Curitiba,basic
Mariana Mendes,60,green,São Paulo - SP,medium
Carlos Galvão,51,blue,Curitiba,medium
Pedro Fonseca,21,red,Rio,medium
BEATRIZ RIBEIRO,27,blue,Curitiba,basic
Mariana Souza,37,green,--,basic
Élida Nascimento,55,blue,Manaus,medium
Caio Conceição,29,green,Rio,medium
Pedro Simões,22 Anos,red,São Paulo,medium
Larissa Nascimento,46,green,Belo Horizonte,Básico
Gustavo Araújo,64,green,Rio de Janeiro - RJ,basic
Márcia Magalhães,150,azul,Rio,medium
Diego Santos,26,green,Rio,basic
cecília marques,53,Green,Rio,basic
Ana Andrade,20,verde,CURITIBA,basic
Pedro Andrade,"47,5",red,Rio,medium
Marcelo Conceição,20,roxo,São Paulo - SP,premium
Márcia Machado   ,25,green,Salvador,basic
Eduardo Nunes,"56,0",red,Rio,medium
Beatriz Oliveira,38,Green,rio de janeiro,basic
Luíza Nunes,63.7, green,São Paulo,basic
Luíza Lima,trinta,blue,curitiba pr,premium
Vinícius Pereira,32,GREEN,Curitiba,basic
Leonardo Conceição,,green,Porto Alegre,medium
Sérgio Nascimento,48,BLUE,São Paulo,medium
Gustavo Nascimento,54,red,São Paulo,medium
Marcelo Oliveira,43,red,Rio,Desconhecido
Henrique Melo,Sem informação,Desconhecido,sao paulo,medium
LETÍCIA FREITAS,xx,red, Curitiba,medium
Raíssa Simões,49,green,Rio,basico
Débora Araújo,47,red,São Paulo,medium
Beatriz Conceição,22,blue,Sao Paulo/SP,medium
Henrique Machado,"59,0",RED,Rio,medium
Élida Rocha   ,63,blue,Curitiba,basic
marcelo gomes,49,green,CURITIBA,basic
,,,,
Aline Costa,34,red,Curitiba,medium
Luíza Nunes,19,green,São Paulo,Médio
Lucas Alves,38 Anos,red,Curitiba,basic 
Henrique Brandão,25,green,Curitiba,basic
Luís Araújo,49,Verde,São Paulo,medium
Maria Andrade,58.0,blue,Rio,premium
Vanessa Oliveira,3,red,Rio,basic
Rodrigo Silva,59,vermelho,Curitiba,medium
Juliana Dias,52,Verde,Rio,basic
Simão Brandão,"28,0",red,Porto Alegre,premium
Bruna Alves,55,green,Curitiba,basic
Larissa Conceição,41,Red,Curitiba,medium
Vinícius Fonseca,62,green,SÃO PAULO,basic
Tatiane Assunção,36,blue,CWB,medium
Larissa Lima,36.0,red,Rio,premium
  Ígor Galvão,42 ,red,Rio,premium
Mariana Carvalho,45,Red,Rio,medium
Tatiane Oliveira,60,green,Belo Horizonte,basic
Diego Freitas,33,NaN,Brasília,medium
Bruna Conceição,"61,0",green,curitiba,basic
Fábio Costa,38,GREEN,Sao Paulo,medium
Vanessa Ferreira,30anos,green,Curitiba,basic
Larissa Melo,3,blue , Curitiba,medium
José Magalhães,59,green,Rio,medium
Élida Moreira,29,red,Rio,medium
Luís Mendes,18,blue,Curitiba,medium
Gabriela Santos,19,red,Rio,basic
Vinícius Melo,23,red,Sem informação,médio
Bruna Araújo,19,Blue,São Paulo,free
Ana Silva,52,green,Curitiba,basic
Mônica Oliveira,31,green,Rio,medium
Carlos Melo,24,red,São Paulo,premium
júlia santos,26,green,São Paulo,null
Fernanda Santos,20,blue,São Paulo,n/a
N/A,25-30,red,São Paulo,medium
Ígor Mendes,26,blue,Rio ,Desconhecido
 Conceição  Carvalho ,43, green,Rio,medium
Rafael   Brandão,31,red,Curitiba,Básico
Lucas Gomes,desconhecido,green,Curitiba,basic
Márcia Oliveira,50,blue,São Paulo,premium
Vinícius Freitas,999, red ,"Curitiba, PR",basic
Thiago Ferreira,31,green,,medium
Matheus Simões,não informado,red,Rio,medium
Natália Martins,57,green,"Curitiba, PR",basic
Camila Gomes,55,green,são paulo,medium
Natália Fonseca,62,red,Curitiba,basic
André Fonseca,55, blue,,premium
Carlos Ferreira,65,red, Curitiba,basic
Gabriela Oliveira,60,green,São Paulo,medium
 Henrique  Conceição ,37anos,green,"Rio, RJ",basic
Mariana Santos,NaN,red,desconhecido,medium
Raíssa Martins,30,green,Rio,premium
Débora Machado,não informado,blue,curitiba pr,medium
  Débora Assunção,45,red,Rio,medium
Matheus Conceição,63 ,green,Rio,basic
Patrícia Marques,52,blue,Curitiba,BASIC
Gabriela Costa,54,blue,Curitiba,medium
Carlos Santos,28,red,São Paulo,premium
Juliana Oliveira,32,blue,Curitiba,medium
 Letícia  Alves ,"34,5",red,Rio,medium
Cecília Rocha,60,green, Curitiba,basic
Márcia Lima,30,green,São Paulo,medium
Ígor Melo,,gren,Curitiba,medium
Natalia Martins,43,blue,São Paulo,medium
Diego Lima,51.0,red,rio de janeiro/rj,medium
Gustavo Brandão,21,blue,Rio,NULL
Pedro Gomes,42,amarelo,Curitiba,medium
Natália Mendes,33,red,Curitiba,basic
Luíza Mendes,32,red,São Paulo,premium
Thiago Magalhães   ,45 Anos,red,Rio,medium
Henrique Melo,41 ,red,Curitiba,Desconhecido
LUCAS PEREIRA,53,VERMELHO,Brasília,basic
Maria Pereira,32,green,São Paulo - SP,médio
Erick Freitas,46,Red,Curitiba,Basic
Júlia Fonseca,26,green,Curitiba,basic
simão moreira,42.0,blue,Rio de Janeiro - RJ,premium
,200,red,Rio,gold
André Machado,56,red,null,N/A
  Antônio Andrade,24,blue,Rio,medium
Caio Magalhães,33,green,Rio,medium
Raíssa Freitas,22,Red,Curitiba,basic
,31,red,Rio,premium
NATÁLIA DIAS,"62,0",purple,CURITIBA,medium
Ígor Nunes,46,,São Paulo,medium
Júlia Mendes,37 ANOS,green,Rio,MEDIUM
Conceição Fonseca,-25,red,Curitiba,basic
Marcelo Nunes,20,blue,Curitiba,medium
Luíza Andrade,-,red,Curitiba,medium
Bruna Barbosa,30,--,Rio,premium
Pedro Rodrigues   ,51,red,São Paulo,medium
Natália Nunes,vinte e cinco,green,São Paulo,medium
Élida Andrade,63,roxo,Rio,premium
Fernanda Melo,27,red,null,premium
Diego Oliveira,58,blue,Rio,medium
não informado,59,green,Rio,basic
Bruna Simões,56,green,Curitiba,basic
Thiago   Nunes,35,blue,São Paulo - SP,premium
Larissa Nascimento,41,green,São Paulo,medium
Henrique Simões, 37,red,Curitiba,basic
Tatiane Rodrigues,29,VERDE ,Brasília,Medium
Raíssa Ribeiro,31,blue,São Paulo,PREMIUM
Mariana Dias,47,,Curitiba,basic
Simao Lima,52,BLUE,Rio,medium
Aline Carvalho,30.0,blue,Curitiba - PR,medium
Conceição Rodrigues,49,green,São Paulo,medium
aline machado,44.0,blue,Curitiba,medium
Letícia Rocha,20anos,blue,"Rio, RJ",medium
Gustavo Nunes,trinta e dois,green,Curitiba,basic
Lucas Martins,62, blue,São Paulo,premium
Carlos Marques,61,Blue,CWB,medium
Luís Dias,-1,green,São Paulo,basic
Bruna Araújo,59.0,azul,São Paulo,premium
Otávio   Pereira,55,green,Rio,basic
Carlos Melo,24,red,São Paulo,premium
Maria Melo,24,desconhecido,Rio,medium
Mariana Melo,999,blue,Rio,premium
Natália Rocha,60,red,São Paulo,premium
 Matheus  Costa ,55,blue,Curitiba,médio
Natália Marques,0,green,Rio,medium
Juliana Simões,20,blue ,Rio,medium
--,65,green,São Paulo,medium
Rafael Araújo,50,blue,Rio,medium
Diego Alves,18,NULL,Rio,basic
Leonardo Silva,49,green, Curitiba,basic
Matheus Barbosa,48,green,Curitiba,basic
Marcelo Galvão,27 Anos,GREEN,Rio ,basic
Maria Nascimento,"36,0",blue,Rio,premium
Simão Araújo,3O,blue,São Paulo,premium
Eduardo Freitas,50,red,São Paulo,não informado
márcia barbosa,45,red,Curitiba,basic
Simão Mendes,60anos, red ,Curitiba,basic
Eduardo Andrade,55,blue,São Paulo,medium
Mariana Nunes,50,green,Curitiba,basic
FELIPE GALVÃO,3,red,Rio,medium
Diego Araújo,65,blue,São Paulo,premium
Lucas Santos,54,green,CWB,medium
Debora Gomes,60 ANOS,red,Rio,medium
Eduardo Costa,60,Green,"São Paulo, SP",medium
camila marques,57, blue,São Paulo - SP,medium
José Mendes,19,red,Curitiba,basic
Letícia Costa,xx,green,São Paulo,medium
Gabriela Costa,19,Red,São Paulo,medium
Aline Simoes,49,null,São Paulo,medium
Mariana Simões   ,51,red,São Paulo,medium
ana barbosa,"23,0",green,"Curitiba, PR",basic
Gustavo Freitas,52,green,CURITIBA,basic
Rafael Melo,61,red,Rio,medium
Gustavo Oliveira,32,red,São Paulo,premium
Ana Conceição,43,red,Curitiba,medium
tatiane gomes,46,green,São Paulo,medium
Élida Carvalho,n/a,azul,Rio ,medium
Márcia   Oliveira,31,green,São Paulo,premium
Camila Cardoso,23anos,green,Curitiba,basic
Júlia Ribeiro,57,Verde,são paulo,basic
NULL,"65,0",blue,curitiba pr,basic
LUÍS COSTA,-1,blue,Curitiba,medium
Aline Melo,2S,red,São Paulo, medium
Gabriela Rocha,null,blue , Curitiba,basic
Márcia Simões,57,blue, São Paulo,premium
Raíssa Nascimento,59,green,Rio,basic
José Ferreira,37,GREEN,São Paulo,medium
MARIA MACHADO,35,blue,São Paulo,premium
Aline Mendes,50,VERMELHO,São Paulo,medium
Ígor Machado,45.7,,Rio,basic
desconhecido,55,red,Curitiba,basic
André Alves,46,Verde,Curitiba,basic
Fernanda Marques,22,green,RJ,basic
Larissa Oliveira,19, red ,Rio,basic
Aline Ribeiro,42,blue,Rio,premium
Fábio Barbosa,61,blue,Belo Horizonte,medium
caio melo,-1,blue ,Rio,medium
Márcia Santos,19.0,green,Curitiba,basic
Caio Silva,44,green,rio de janeiro,medium
Renata Brandão,48.0,yellow,SÃO PAULO,medium
Beatriz Melo,26,blue,São Paulo,premium
Cecília Barbosa,57,red,Curitiba,basic
Mariana Rodrigues,55,blue,?,não informado
Henrique Dias,38,blue,rio de janeiro, premium
Élida Melo,,red,Curitiba,médio
Thiago Ribeiro,"50,0",blue,rio,medium
Rodrigo Lima,35,blue,"São Paulo, SP",premium
Aline Moreira,26,blue,Curitiba,Médio
Thiago Simões   ,57,green,Rio de Janeiro - RJ,BASIC
Natália Barbosa,30,green,Curitiba,basic
ÍGOR FONSECA,58,blue,São Paulo - SP,premium
Simão Rocha,54,red,?,basic
BEATRIZ RIBEIRO,18,green,Rio de Janeiro - RJ,basic
Pedro Alves,47,green, Curitiba,basic
Rafael Pereira,19,green,Rio,basic
Renata Araújo,65,green,Curitiba,basic
Lucas Freitas,34,Red,SP,premium
Carlos Ferreira,21,blue,curitiba pr,medium
rodrigo oliveira,29,red,Sao Paulo/SP,medium
Simão Ferreira,None,red,Rio, medium
Élida Conceição   ,32 anos,green,Curitiba,Básico
vanessa marques,60,não informado,Curitiba,basic
Aline Gomes,45,azul,sp,premium
Mariana Assunção,35 ,blue,sp,premium
Beatriz Gomes,24,Blue,São Paulo,premium
vinícius galvão,59,green,Rio,basic
GUSTAVO MACHADO,null,blue,curitiba pr,medium
Thiago Lima,21.0, green,São Paulo - SP,medium
Rafael Gomes,21,blue,São Paulo,Premium
ISABELA MOREIRA,59,red,Rio,medium
rafael moreira,50,blue,São Paulo,premium
Patrícia Rocha,34,blue,São Paulo,premium
--,65,green, São Paulo,basic
Lucas Nunes,48,blue,Rio,medium
Henrique Carvalho,58, green,Curitiba,basic
João Oliveira,55,Sem informação,Curitiba,medium
Raíssa Carvalho,30,green,,medium
Sergio Oliveira,46,red,Rio,medium
Cecília Barbosa,62,red,Rio,medium
DÉBORA SIMÕES,41,blue,Rio,premium
Márcia Rocha,56.0,blue,Curitiba/PR,medium
Juliana Araújo,38,null,Curitiba,basic
Larissa Magalhães,-1,blue,São Paulo,medium
Debora Silva,48.5,RED,São Paulo,medium
Ígor Moreira,65 Anos,green,Rio,BASIC
 Rodrigo  Silva ,"61,0",Vermelho,curitiba pr,basic
Maria Brandão,24,red,CURITIBA,Basic
Rodrigo Freitas,64,green,Curitiba,basic
Márcia Nascimento,7,red,Rio,medium
Ana Andrade,"41,5",azul,Rio,premium
  Vinícius Mendes,48,red,Rio,medium
Otávio Nunes,42,green,sp,basic
Juliana Ferreira,60,red,São Paulo,medium
Simão Magalhães,33,green,Rio,medium
LUÍS SANTOS,30,blue,São Paulo,premium
NA,54,green,São Paulo,medium
Thiago Rodrigues,38,blue,Curitiba,medium
Renata Nascimento,60 Anos,BLUE,Curitiba,médio
Vanessa Santos,36,green,são paulo,medium
 Fernanda  Pereira ,45,green,"São Paulo, SP",medium
Matheus Alves,54,blue,Curitiba,medium
Isabela Nascimento,44,red,Rio,medium
Élida Simões,43,red,São Paulo,medium
Maria Dias,47,red,São Paulo,medium
Vinícius Pereira,32,green,Curitiba,basic
--,63, red ,Curitiba,basic
Mônica Souza,42,Sem informação,Curitiba,basic
Henrique Andrade,44.0,red,São Paulo,medium
Thiago Marques,34,blue,Rio,medium
Lucas Nascimento,19 ,red,Curitiba/PR,basic
marcelo ferreira,51.0,VERDE ,Sao Paulo/SP,medium
  Vinícius Melo,"59,0",blue,-,basic
Patrícia   Santos,41,preto,Rio,premium
Mônica Martins,39,blue,São Paulo,premium
Rafael Martins,55,green,São Paulo,medium
Beatriz Marques,18,green,São Paulo,medium
  Gabriela Marques,39anos,NaN,curitiba pr,medium
Fernanda Araújo,44,red,Curitiba,medium
Larissa Souza,54,green,Florianópolis,medio
Gustavo Silva,21,Red,SÃO PAULO,
João Barbosa,22,green,Curitiba - PR,basico
  Raíssa Nunes,61,purple,SP,medium
 Rafael  Costa ,23,red,Curitiba,médio
Aline Andrade,39,Blue,Rio,premium
Thiago Barbosa,NULL,red,Curitiba,basic
Antônio Silva,36,green,Curitiba,basic
Erick Dias,38,red,São Paulo,premium
Matheus Santos,42,red,--,premium
Natália Nunes,29,red,Rio,medium
Leonardo Conceição,44,red,Rio,medium
ÉLIDA COSTA,63,green,Curitiba,basic
Felipe Souza,59,red,São Paulo,medium
Gustavo Magalhães,57,blue,São Paulo, premium
Cecília Mendes   ,29,red,NA,medium
Élida Galvão,56,blue,Curitiba,basic
Márcia Magalhães,30,blue,Curitiba,não informado
tatiane moreira,46,RED,Curitiba,basic
Luíza Assunção,28,blue,São Paulo,premium
Mariana Carvalho,NA,verde,Curitiba,basic
Marcelo Alves,55,green,São Paulo,medium
Henrique Dias,40,green,RIO,medium
Ígor Melo,3,red,São Paulo,premium
Larissa Marques,51,red,rio,medium
Márcia Gomes,47,green,Rio,basic
Débora Rocha,48,vermelho,?,premium
Débora Marques,61,red,curitiba,basic
Isabela Ribeiro,57,red,Rio,medium
felipe costa,63.0,red,Salvador,medium
Luís Andrade,42,green,não informado,premium
Luíza   Melo,30,red,Curitiba, medium
Fábio Fonseca,200,red,rio de janeiro,medium
Larissa Conceição,26,blue,Rio,medium
fábio magalhães,vinte e cinco,blue,Curitiba,médio
 Renata  Lima ,44,blue,Curitiba,medio
Henrique Ferreira,41,green,Rio,medium
Matheus Carvalho,-1,red,Curitiba,medium
Ana Dias,n/a,green,Rio,basic
Rafael Magalhães,40,blue,São Paulo,premium
Andre Moreira,60,green,Curitiba,basic
Thiago Marques,39,blue,Rio,premium
Mônica Ribeiro,55,vermelho,São Paulo,premium
Raíssa Carvalho,46,blue,rio de janeiro,Não informado
diego rocha,24.0, red ,Curitiba,basic
ALINE SANTOS,61,blue,Rio,medium
Leonardo Carvalho,40,blue,Rio,medium
simão gomes,46 ANOS,black,"São Paulo, SP",premium
Leonardo Martins,30,Red,Rio,medium
Matheus Dias,57,red,RIO,medium
Patrícia Dias,0,red,São Paulo,medium
Ígor Oliveira,25.0,green,Rio,basic
Thiago Dias,26, red ,Rio,medium
henrique santos,42,VERDE ,NA,basic
Júlia Assunção,43,red,Rio,premium
Raíssa Ribeiro,33,red,sao paulo,gold
Antônio Carvalho,37,red,São Paulo,premium
CECÍLIA ALVES,24,green,Belo Horizonte,basic
Vinicius Souza,31 anos,não informado,Rio,medium
Juliana Cardoso,65,red,Curitiba,medium
Élida Moreira,"23,0",red,Curitiba,basic
Lucas Souza,36,RED,Rio,medium
  Otávio Lima,44,green,Curitiba,basic
Mariana Moreira,39,VERMELHO,Belo Horizonte,premium
Aline Gomes,45,azul,sp,premium
Aline Martins,20,blue,Rio,medium
Conceição Alves,41,blue,Curitiba - PR,medium
Rafael Simões,23,BLUE,São Paulo,premium
  Fábio Silva,29,blue,"Curitiba, PR",premium
Raíssa Carvalho,27 ANOS,red,Rio,medium
 Vinícius  Costa ,53,green,rio de janeiro,basic
OTÁVIO FONSECA,36,red,Rio,Medium
RAFAEL FERREIRA,55,blue,Curitiba,basic
Beatriz Souza,48,blue,São Paulo,premium
Erick Nunes,Desconhecido,--,Rio,gold
Isabela Marques,20, green,São Paulo,medium
Beatriz Alves,47,red,Curitiba - PR,basic
Caio Marques,44,green,Curitiba,basic
Thiago Rocha,25.0,None,São Paulo,medium
Antônio Barbosa,31,blue,Rio,premium
Fábio Rodrigues,60,roxo,Curitiba - PR,Básico
Desconhecido,18,Verde,Curitiba,basic
Isabela Andrade,50,blue,Rio,premium
Luíza Melo,18,red,Rio,medium
Beatriz Gomes,63,blue,São Paulo,premium
Mariana Dias,60,blue,São Paulo,N/A
luís araújo,51,green,Curitiba,basic
Bruna Ribeiro,56,blue,São Paulo,premium
Júlia Assunção,44,green,Rio,premium
Otávio Marques,24.7,GREEN,Rio,medium
Renata Andrade,50,Verde,São Paulo,medium
Rafael Machado,57,green,Curitiba,basic
Gabriela Nunes,28,-,-,medium
Ígor Ferreira,31,Verde,Rio,medium
Gabriela Brandão,34, green,São Paulo,medium
Juliana Nunes,19,--,São Paulo,medium
Lucas Nunes,desconhecido,red,São Paulo,premium
 Rafael  Assunção ,27, green,curitiba,basic
conceição oliveira,33,green,Rio,Médio
André Dias,54anos,red,RIO,medium
Juliana Gomes,48 ANOS,VERMELHO,Curitiba,basic
Ana Carvalho,Não informado,VERMELHO,Rio,medium
Patrícia Melo,trinta e dois,blue,São Paulo,premium
Pedro Simões,59anos,Blue,Curitiba,medium
CAMILA NUNES,50,green,Curitiba,basic
Beatriz Magalhães,23,BLUE,São Paulo,medium
Jose Rocha,3,green,Rio,basic
FÁBIO MARTINS,34,roxo,Sao Paulo,premium
  Mônica Silva,47,blue,SP, premium
Tatiane Assunção,36,blue,CWB,medium
Ana Gomes,58 ANOS,GREEN,n/a,medium
,41,Vermelho,São Paulo,premium
Maria Nascimento,46,blue,CURITIBA,medium
Henrique Galvão,62,blue,Rio,MEDIUM
José Rodrigues,24,red,Rio,medium
João Ferreira   ,58,green,São Paulo,medium
Renata Marques,64,green,Curitiba,basic
Fábio Mendes,20,green,Curitiba,BASIC
Débora Dias,40,green,Sem informação,basic
Natália Araújo,trinta,blu,RIO,basic
ANTÔNIO MENDES,"18,0",red,São Paulo,medium
ANA MAGALHÃES,35 ,red,Rio,premium
Gabriela Rodrigues, 48,red,Rio,medium
FELIPE FREITAS,59,AZUL,são paulo,PREMIUM
Diego Martins,55,BLUE,Rio,medium
Isabela Nunes,"23,5",red,"Curitiba, PR",basico
Fernanda Nascimento,49,vermelho,Curitiba,basic
Felipe Galvão,53,amarelo,Rio,medium
Débora Lima,2S,blue,Curitiba/PR,medium
Sérgio Conceição,31,Azul,Rio de Janeiro,premium
Rafael Nascimento,25,azul,Curitiba,basic
Matheus Araújo,39,blue ,CWB,medium
Tatiane Andrade,None,blue,Curitiba,premium
André Costa,40,green,São Paulo,medium
Andre Costa,25anos,red,São Paulo,medium
Caio Melo, 65,vermelho,Curitiba,basic
cecília magalhães,41 ANOS,null,,medium
Rafael Andrade,27,NULL,São Paulo,premium
Patrícia Martins,24,blue,curitiba pr,medium
Rodrigo Pereira,42,blue,Curitiba,medium
Marcelo Andrade,52,red,Recife,medium
José Rocha,31, blue,Curitiba,medium
Marcelo Conceição,64,red, São Paulo,medium
CAIO CONCEIÇÃO,"45,0",red,Rio,basic
André Mendes,--,blue,Curitiba - PR,medium
Marcelo Moreira,52,red,Rio,medium
Simão Silva,27,blue,Rio,medium
Sergio Freitas,43, red ,São Paulo,premium
Antonio Costa,25,red, Curitiba,basic
Marcelo Galvão,43,red,CURITIBA,Desconhecido
Matheus Carvalho,62,blue,São Paulo,Medium
rafael nunes,20,blue,São Paulo,medium
Márcia Moreira,36,azul,Não informado,PREMIUM
Conceição Oliveira,Não informado,green,São Paulo,medium
Leonardo   Nascimento,42,amarelo,São Paulo,PREMIUM
aline barbosa,52,verde,Rio,basic
Otávio Mendes,43,blue,Rio,premium
Felipe Andrade,44,,Rio de Janeiro,MEDIUM
Otávio Santos,48,green,,medium
Matheus Marques,30,AZUL,Curitiba,premium
NaN,59,red,Rio,medium
Débora Alves,65,green,Rio,basic
PEDRO CARVALHO,33,red,Curitiba,medium
Mônica Carvalho,47,red,Curitiba,standard
Lucas Alves,44,VERDE ,Rio,medium
João Ribeiro,Desconhecido,blue,"Curitiba, PR",médio
Tatiane Melo,22,amarelo,sp,medium
André Melo,32.7,green,São Paulo,premium
Vanessa Nascimento,"24,0",blue, Curitiba,medium
Sérgio Moreira,55,Vermelho,Rio,medium
Débora Pereira,51,blue,São Paulo - SP,premium
Sérgio Araújo,30, red ,Curitiba,basic 
Lucas Marques,23.0,yellow,"Curitiba, PR",basico
diego assunção,62,red,Curitiba,basic
Débora Machado,61,green,sao paulo,medium
Tatiane Melo,20,red,N/A,medium
Luíza Galvão,19,blue ,Curitiba,medium
Antônio Gomes,63 anos,, São Paulo, medium
Raíssa Costa,18,purple,Curitiba,basic
Ígor Melo,41, red ,Rio,premium
Vanessa Dias,33,green,"Curitiba, PR",basic
Bruna Marques,28,Blue,Curitiba,medium
henrique ferreira,60,red,São Paulo,medium
Erick Galvão,trinta,green,Curitiba,medium
Erick Ferreira,38,GREEN,rio,médio
Marcelo Andrade,não informado,RED,Rio,medium
Letícia Nunes,18.7,red,Curitiba,BASIC
Renata Araújo,36,VERDE ,São Paulo,medium
Fernanda Nunes,38,blue,curitiba,medium
,,,,
Antônio Araújo,59,red,Manaus,
Marcelo Cardoso,39,blue,São Paulo,premium
gabriela ferreira,38,blue,"São Paulo, SP",Premium
  Débora Moreira,50,red,São Paulo,medium
,,,,
Thiago Carvalho,34,green,São Paulo,medium
Thiago Magalhães,30,Blue,São Paulo,premium
Sem informação,21,blue,Belo Horizonte,premium
Erick Mendes,44,VERMELHO,Rio,medium
José Galvão,18,red,São Paulo,médio
André Magalhães,35,green,Curitiba,medium
Patrícia Melo,58,green, Curitiba,basic
Mariana Araújo,25-30,green,Rio,basic
Felipe Barbosa,40,red,rio,premium 
Maria Costa,35,green,São Paulo,?
Antônio Alves,"31,0",blue,Rio,medium
Felipe Silva,25,green,Curitiba,basic
OTÁVIO RODRIGUES,21,red,São Paulo, medium
Vanessa Marques,42.7,blue ,Rio,premium
Larissa Martins,42,green,São Paulo,medium
rafael conceição,19 Anos,blue,Rio,medium
Felipe Melo,31,blue,Rio,medium
Tatiane Mendes,32,blue,curitiba,medium
Gustavo Santos,, red ,rio de janeiro/rj,medium
Vinícius Oliveira,0,red,Rio,médio
Bruna Ribeiro,35,blue,Belo Horizonte,medium
RODRIGO SANTOS,não informado,red,Curitiba,Médio
Élida Lima,56,green,Rio,medium
Vanessa Ribeiro,48,red,Curitiba,medium
José Mendes,59,blue,São Paulo,premium
Ana Nascimento,35, red ,Curitiba/PR,medium
Luís Galvão,"36,0",blue,Rio,medium
Joao Lima,3O,green,São Paulo,medium
Rafael Gomes,18,green,São Paulo,medium
andré souza,42,red,Porto Alegre,free
gustavo santos,54,VERDE ,Não informado,basic
Vanessa Cardoso   ,62,green,"São Paulo, SP",medium
Caio Galvão,130,blue,Rio,medium
  Vanessa Magalhães,39,blue,Brasília,medium
antônio mendes,59,green,sao paulo,medium
Luíza Carvalho,49,green,Rio,medium
Conceição Martins,49,red,Curitiba/PR,MEDIUM
 Luíza  Silva ,39,blue,São Paulo,premium
Aline Machado,48,red,Curitiba,MEDIUM
Antônio Rocha,49,RED,Rio, medium
Maria Araújo,42,desconhecido,Curitiba,platinum
Larissa Silva,42,green,"Curitiba, PR",free
Mariana Costa,65,vermelho,São Paulo,medium
,,,,
Luíza Assunção,32,blue,Florianópolis,medium
Raíssa Lima,39,verde,São Paulo,premium
André Nascimento,32,roxo,Curitiba,?
Caio Andrade,NaN,red,Rio,medium
Henrique Lima,45,green,Rio,medium
Raíssa Carvalho,64,red,Rio,medium
,33,RED,Salvador,medium
débora marques,32,Vermelho,,medium
Pedro Martins,30,red,São Paulo,premium
mônica assunção,53,verde,Curitiba,BASIC
Maria Pereira,32,green,São Paulo - SP,médio
Ígor Conceição,57,blu,Rio,medium
eduardo ferreira,41,red,sao paulo,premium
Maria   Silva,"61,0",VERDE ,Rio,basic
diego simões,45,blue,São Paulo,premium
José Andrade,39 Anos,green,São Paulo,medium
Diego Rocha,18,vermelho,São Paulo,premium
Isabela Araújo,18,red,São Paulo,medium
Erick Ferreira,64 Anos,Vermelho,Rio,desconhecido
júlia cardoso,18,blue,São Paulo,premium
Ana Rocha,63,red,rio,medium
Thiago Nascimento,não informado,red,rio,medium
  José Melo,52, red ,Desconhecido,basic
Aline Barbosa,61,green,São Paulo,medium
Débora Barbosa,39,green,Rio ,medium
Juliana Simões,51,green,sao paulo,medium
 Tatiane  Rocha ,25,red,Manaus,medium
Élida Ribeiro,44,green,NaN,platinum
Caio Andrade,3,red,São Paulo,premium
Diego Pereira,3O,green,"Rio, RJ",medium
 Otávio  Carvalho ,43,green,São Paulo,medium
Monica Costa,37,green,Rio,medium
Rodrigo Melo,47,red,São Paulo,medium
ISABELA FONSECA,57,red,curitiba,medium
ANDRÉ GALVÃO,60,blue,São Paulo,premium
Fábio Melo,54,VERDE , São Paulo,medium
Carlos Nunes,150,--,São Paulo,PREMIUM
MARIANA RIBEIRO,130,red,CURITIBA,medium
marcelo alves,63, blue,Rio,Medium
Natália Assunção,52,blue,Curitiba,medio
José Costa,54,--,Sao Paulo/SP,premium
Antônio Lima,39,green,Curitiba,None
Mônica Fonseca,Desconhecido,red,São Paulo,medium
ISABELA FERREIRA,"18,0",red,Rio,basic
Antônio Machado,37,verde,Recife,Medium
Leonardo Magalhaes,21,green,Rio,basic
Aline Fonseca,61,red,Curitiba,basic
Patrícia Assunção,54,red,São Paulo,medium
 Ígor  Oliveira ,59.0,red,Rio,basic
Fernanda Galvão,26,Red,Curitiba,medium
 Otávio  Fonseca ,18,azul,,Médio
Sérgio Conceição,41,blue,São Paulo,premium
Mônica Souza,23,green,Rio,basic
Júlia Ribeiro,"42,0",VERDE ,São Paulo,medium
Fábio Dias,18,green,Rio,basic
Vinícius Gomes,N/A,azul, São Paulo,premium
Antônio Ribeiro,46,red,São Paulo,premium
Marcelo Araújo,64,preto, Curitiba,MEDIUM
LUCAS PEREIRA,65,green,Sem informação,basic
PATRÍCIA SIMÕES,52,red, São Paulo,premium
Débora Souza,33,green,null,BASIC
Bruna Assunção,28,blue,São Paulo,não informado
Luís Marques,22,red,Manaus,medium
ANTÔNIO COSTA,33,green,Curitiba,Sem informação
juliana silva,27,blue,"Rio, RJ",medium
Gabriela Freitas,25,blue,São Paulo,premium
Júlia Martins,37,red,Rio,medium
Thiago Freitas,39,blue,Rio,premium
Letícia Santos,52 ,green,"Curitiba, PR",basic
Desconhecido,53.5,red,rio,?
Tatiane Marques,31.0,blue,Rio, premium
larissa conceição,61,green,Rio,medium
Camila Martins,20,blue,curitiba,medium
Carlos Alves,35 ,red,São Paulo,medium
Bruna Oliveira,56,blue,"Rio, RJ",medium
Vanessa Ferreira,41,green,Rio ,medium
Conceição Martins, 27,blue,Curitiba,medium
Simão Fonseca,55,red,Curitiba,basic
Mônica Galvão,35,blue,Rio,premium
Gabriela Assunção,65,green,"Curitiba, PR",basic
matheus melo, 57,blue,Rio,medium
Diego Moreira,63,Green,São Paulo,basic
CONCEIÇÃO RODRIGUES,25,,Rio,medium
Ígor Santos,51,blue,Rio,medium
fernanda alves,44,roxo,Curitiba,medium
Larissa Galvão,37,blue,Curitiba,medium
,"19,0",red,None,basic
Felipe Mendes,27anos,VERMELHO,São Paulo,medio
Gabriela Martins,54,blue, São Paulo,MEDIUM
Lucas Magalhães,n/a,Green,Curitiba,
Patrícia Rocha,47,Red,Recife,medium
Débora Simões,20,rde,Curitiba,medium
null,25 anos,red,Curitiba,Básico
Lucas Lima,62,green,sao paulo,basic
Fábio Pereira,59,verde,São Paulo,medium
Felipe Conceição,41,red,Curitiba,medium
Rafael Rodrigues,idade,red,São Paulo,medium
Élida Mendes,55,blue,Rio,premium
Fábio Marques,59.7,green,São Paulo - SP,basic
Élida Costa,39,Blue,Curitiba,premium
Matheus Souza,23,red,Curitiba,basic 
patrícia gomes,  27  ,blue,Rio,premium
mônica nascimento,19,azul,NA,médio
Bruna Galvão   ,41,blue,Rio,premium
Otavio Martins,39,red,Curitiba,Premium
HENRIQUE FREITAS,43,red,São Paulo,medium
Thiago Santos,64anos,green,Curitiba,basic
Natália Ferreira,62,red,Curitiba,basic
Gustavo Machado,40,blue,Curitiba,medium
Simão Rodrigues   ,48 Anos,red,"Rio, RJ",medium
Matheus Costa,45,Vermelho,"São Paulo, SP",premium 
Fernanda Rocha,44,red,Curitiba,medium
Antônio Simões,33,red,Rio de Janeiro,medium
Aline Oliveira,51,blue,São Paulo,premium
Otávio Santos,20,green,Curitiba,basic
 Carlos  Gomes ,44, red ,Curitiba,Medium
Maria Conceição,31,blu,Rio,medium
Henrique Pereira,44,red,São Paulo,premium
Natália   Simões,61,-,São Paulo, medium
Gabriela Oliveira,?,red,São Paulo,premium
Júlia Gomes,3,blue,Florianópolis,premium
Vanessa Costa,38,blue,Manaus,MEDIUM
simão cardoso,52,blue,São Paulo, premium
LUCAS CONCEIÇÃO,56,blue,Rio,medium
Erick Melo,26,green,Rio,basic
Mônica Souza,"42,0",green,Rio,medium
Erick Alves,60,red,Curitiba,medium
Camila Marques,45,Azul,Sao Paulo/SP,premium
Patricia Cardoso,42,Azul,Curitiba - PR,premium 
Fábio Rodrigues,-25,blue,SP,premium
Sérgio Barbosa,23,NA,Rio,medium
João   Fonseca,45,Red,Curitiba,medium
Thiago Costa,37,red,RJ,premium
Júlia Marques,vinte e cinco,blue,Rio,premium
Tatiane Melo,51,blue,Curitiba,medium
Raíssa Silva,49,GREEN,São Paulo,medium
Marcelo Dias,40,blue,"Curitiba, PR",medium
isabela carvalho,22,blue,RIO,medium
Raíssa Dias,43,vermelho,rio,premium
Beatriz Alves,58,AZUL,Rio de Janeiro,medium
HENRIQUE RODRIGUES,30.0,red,São Paulo,premium
Natália Pereira,26,blue,Curitiba,medium
Sérgio Machado,58,green,,basic
fábio carvalho,--,green,São Paulo,medium
Eduardo Silva,55.5,red,curitiba,basico
Simão Magalhães,24,blue,São Paulo,premium
Camila Rodrigues,51,blue,rio de janeiro,medium
josé silva,33,green,Rio,medium
n/a,61,green,Rio,basic
mariana martins,NaN,green,sao paulo,medium
Leonardo Souza,27,blue,Rio,vip
Não informado,28,Verde,São Paulo,medium
Juliana Ferreira,30,red,São Paulo,premium
beatriz alves,"27,0",red, Curitiba,basic 
Sérgio Marques,42,red,Curitiba,medium
Luís Andrade,62,BLUE,São Paulo,premium
Letícia Santos,52,azul,"Curitiba, PR",basico
João Marques,64,yellow,São Paulo,medium
Renata Santos,33,blue,São Paulo - SP,premium
Rodrigo Costa,45 ANOS,green,São Paulo,medium
Mônica Carvalho,47,red,São Paulo,premium
Sérgio Mendes,39anos,green,Rio,basic
Fernanda Alves,29,blue,São Paulo,premium
Luís Nascimento,32,green,"São Paulo, SP", premium
MATHEUS MELO,57,green,"São Paulo, SP",medium
Jose Oliveira,45,green,Rio,medium
Júlia Nunes,61,verde,Curitiba,basic
Raíssa Marques,36,blue,curitiba pr,medium
Fábio Oliveira,38,vermelho,Rio,premium
Conceição Nunes,44, blue,Rio ,premium
Lucas Rocha,40,red,São Paulo,premium
Mônica Nunes,31,blu,Curitiba,medium
Gabriela Gomes,32,blue,São Paulo,premium
Débora Araújo,52,red,São Paulo,premium
Henrique Brandao,63,red,Rio,medium
Renata Gomes,38, green,Curitiba,basic
Camila   Freitas,22,blue,Rio ,medium
Ana Ribeiro,24,Vermelho,RIO,premium
Thiago Ferreira,49,red,Rio,medium
Gabriela Dias,50,Red,Curitiba,basic
Isabela Rocha,57,green,CURITIBA,basic
Eduardo Machado,2S,green,São Paulo,premium
n/a,150,blue,Recife,medium
Maria Andrade,58.0,blue,Rio,premium
  Mariana Souza,28,red,São Paulo, premium
Letícia Rodrigues,,green,curitiba pr,basic 
Natália Ribeiro,36anos,green,curitiba,MEDIUM
Simão Fonseca,44,green,Curitiba,medium
Patrícia Oliveira,35,red,São Paulo,premium
Otávio Ribeiro,23,,curitiba pr,medium
FÁBIO DIAS,30,blue,Rio,medium
Élida Galvão,27,RED,Rio,medium
Lucas Martins,53,verde,Curitiba,basic
Mônica Nunes,50,red,rio de janeiro,medium
Beatriz Machado,47,azul,SÃO PAULO,medium
Débora Barbosa,32,green,Curitiba,BASIC
André Santos,45,green, São Paulo,medium
Ana Fonseca,38.0,red,Rio,premium 
Vinicius Gomes,29,green,sp,medium
Patrícia Marques,65,Desconhecido,São Paulo,medium
otávio fonseca,52,red,São Paulo,PREMIUM
Júlia Nascimento,51,red,Rio,standard
Marcelo Magalhães,50,red,São Paulo,medium
Luis Martins,27,-,Rio ,basic
rodrigo pereira,42,Azul,Curitiba,medium
 Rafael  Brandão ,31,green,NA,basic
Juliana Gomes,33,blue,São Paulo,premium
Antonio Costa,--,blue,Curitiba,medium
Natália Rodrigues,18,Azul,Curitiba,basic
antônio martins,54 Anos,red,Rio,medium
Ígor Freitas,200, blue,Rio,premium
Erick Melo,22,red,sao paulo,premium
Eduardo Martins,44,preto,Rio de Janeiro,premium
matheus simões,49,green,CWB,BASIC
Mônica Rocha   ,"41,0",blue,Rio,medium
Mônica Martins,30,green,São Paulo,medium
Ana Magalhães,25.0,blue,Curitiba,medium
NaN,36,blue ,Rio,Premium
Cecilia Barbosa,50,verde,Curitiba,basic
Élida Oliveira,18,green,Curitiba,basic
Henrique Ribeiro,53,blue,Rio,medium
Antônio Nascimento,62,blue,rio de janeiro,medium
Sérgio Assunção,31,green,São Paulo,medium
Carlos Assunção,44 anos,blue,Florianópolis,medium
LEONARDO BARBOSA,58,blue,São Paulo,MEDIUM
João Melo,43,green,rio de janeiro,medium
Juliana Oliveira,39,green,"São Paulo, SP", medium
Cecília Conceição,25,red,Rio,medium
Carlos Cardoso,NaN,Red,sp,Médio
Mariana Nascimento,23,blue ,Curitiba,medium
Gabriela Andrade,39,green,Salvador,premium
Felipe Freitas,20,Desconhecido,Curitiba,basic
Henrique Dias,30,blue,Curitiba,premium
Caio Marques,trinta,red,São Paulo,medium
Mariana Nunes,150,red,Rio,medium
Carlos Ribeiro,trinta,BLUE,São Paulo,premium
Conceição Andrade,Sem informação,green,Rio,médio
Ígor Cardoso,47,green,São Paulo,medium
Fábio Lima,44,Verde,São Paulo,premium
Pedro Rocha,"61,0",blue,Rio de Janeiro,premium
Lucas Ferreira,,green,Curitiba - PR,basic 
,63,VERDE ,CURITIBA,basic
Felipe Mendes,27,green,São Paulo,médio
Débora Rocha,18,red,Rio,medium
Leonardo Simões,50,blue,Curitiba,platinum
luíza martins,26,blue,Rio , premium
Débora Rocha,999,azul,São Paulo,premium
Lucas Assunção,43,blue,, premium
Erick Ferreira,29,blue,Rio,premium
Gustavo Barbosa,45,green,Curitiba,basic
Eduardo Freitas,56,Sem informação,Rio de Janeiro,medium
  Sérgio Marques,57,black,São Paulo,premium
Camila Conceição,56,Red,Rio,medium
desconhecido,150,red,Curitiba,basic
Élida Freitas,32,vermelho,Curitiba,basic
Sergio Souza,64anos,green,Florianópolis,basic
Pedro Simões,54,red,São Paulo,premium
Rafael Barbosa,53,green,São Paulo,vip
Patrícia Mendes,47,red,São Paulo,medium
Pedro Pereira,33,blue,rio,medium
Antônio Carvalho,18,blue,São Paulo,premium
 Leonardo  Gomes ,56,red,Sem informação,medium
Caio Rodrigues,58,green,Rio,medium
Raíssa Rodrigues,46,red,Curitiba,
Isabela Silva,48,blue,curitiba pr,basic
Eduardo Freitas,  42  ,red,Rio,medium
Cecília Barbosa,44,green,Rio,basic
patrícia souza,43,red,Curitiba,médio
Diego Gomes,"24,0",blue,Rio,medium
Élida Ferreira,57,red,Curitiba,medium
Rodrigo Gomes,26,green,NaN,basic
Leonardo Santos,21,green,Rio,básico
Vinícius Pereira,20,blue,Rio,medium
Mariana Dias,40,blue,Curitiba,medium
Eduardo Pereira,28,blue,São Paulo,premium
Simão Freitas,150,green,Rio,basic
Pedro Costa   ,n/a,blue,São Paulo,premium
Márcia Galvão,18,green,Rio,básico
Sérgio Santos,32 anos,blue,Rio ,premium
Patrícia Marques,38,blue,rio de janeiro,premium
Caio Ferreira,3,blue,São Paulo,premium
Beatriz Marques,53,green,Curitiba,basic
João Santos,34,green,Sao Paulo,medium
Leonardo Oliveira,130,blue,Rio,premium
Juliana Andrade,"33,0", blue,Curitiba,medium
Rodrigo   Moreira,30,blue,Curitiba,médio
joão gomes,46,red,Curitiba,Básico
Débora Souza,41,Azul,Rio,medium
desconhecido,42,green,Curitiba,NaN
Tatiane Oliveira,61,red,rio de janeiro,medium
Tatiane Dias,62,green,São Paulo, medium
Conceição Conceição,61,blue,Curitiba,medium
 Diego  Carvalho ,29, blue,?,premium
Mônica Magalhães,51,red,Curitiba,basico
Henrique Souza,43,green,São Paulo,medium
Fábio Martins,2S,blue,São Paulo,premium
Rafael Marques,46,red,São Paulo,premium
Erick Pereira,44,green,Curitiba,medium
henrique assunção,30,desconhecido,SP,medium
Diego Marques,36,green, Curitiba,Básico
Beatriz Barbosa,43.0,green,Rio,standard
letícia brandão,65,green,Curitiba,free
Simão Santos,33,red,RIO,medium
Rafael Costa,3O,blue,None,medium
não informado,33,green,São Paulo,basic
Leonardo Gomes,45.0,green,São Paulo,premium
Raíssa Rodrigues,39,RED,Sao Paulo,Premium
Tatiane Freitas,42,blue,Rio,premium
desconhecido,20.7,RED,São Paulo,premium
Matheus   Magalhães,44,Blue,Curitiba,medium
Raíssa Gomes,63,blue,Curitiba,Básico
Fábio Araújo,7,red,Curitiba,medium
Lucas Machado,?,blue,Sao Paulo/SP,premium
Juliana Freitas,null,vermelho,São Paulo,medium
MARCELO SOUZA,58.0,green,CWB,basic
Antônio Assunção,33,red,Rio,premium
Erick Galvão,36,blue ,Rio,premium
Rafael Alves,34,blue, Curitiba,premium
Bruna Gomes,20,blue,Rio,medium
Élida Conceição,20,green,curitiba,básico
Débora Lima,30,blue,Curitiba,medium
Thiago Silva,31,green,Rio,medium
Gabriela Pereira,46,VERMELHO,Rio,medium
  Luíza Melo,44,green,Rio,medium
Renata Silva,23,blue,Rio,vip
Vanessa Rodrigues,65,red,Curitiba,basic
André Marques,45 Anos,Desconhecido,curitiba,basic
Diego Mendes,62,blue,Curitiba/PR,Basic
Patrícia Souza,27,blue,São Paulo,premium
Eduardo Carvalho,53,blue, Curitiba,medium
Aline Mendes,3,green,Curitiba,basic
Fábio Silva,29,blue,RJ,medium
Larissa Nascimento,63,red,São Paulo,medium
Thiago Nascimento,54,Vermelho,São Paulo,premium
luís barbosa,55,green,Curitiba,basic
Rodrigo Souza,62, red ,São Paulo,Medium
Renata Santos,54,vermelho,Rio,basic
Maria Cardoso,63,red,Curitiba - PR,basic
Juliana Rocha,  64  ,green,Curitiba,basic
Tatiane   Nascimento,-25,Verde,rio de janeiro/rj,basic
Patrícia Moreira,51,green,Curitiba,basic
Márcia Rocha,21,green,São Paulo,medium
 Lucas  Machado ,60,blue ,São Paulo,medium
Matheus Machado,26.0,green,Curitiba,basic
otávio freitas,43,green,Rio,medium
Vinícius Araújo,63,blue,CURITIBA,medium
Ígor Nascimento,desconhecido,green,curitiba pr,basic
Gustavo   Gomes,29,blue,?,premium
Carlos Gomes   ,?,red,Curitiba,basic
João Rocha,33,blue,Sao Paulo,premium
Marcelo Marques,46,blue,Rio ,Médio
Élida Marques,50,green,Rio,basic
Matheus Barbosa,37,red,Curitiba,medium
Caio Silva,25-30,blue,Curitiba,premium
Leonardo Alves, 31,blue,São Paulo,premium
Júlia Freitas,26,green,São Paulo,MEDIUM
Gustavo Souza,45,red,Rio,medium
Mônica Magalhães,28,green,NULL,premium
Larissa Assunção,-25,green,Rio,medium
Patrícia Dias,0,red,São Paulo,medium
Ana Mendes,não informado,blue,SÃO PAULO,medium
Lucas Fonseca,21,green,Curitiba,basic
conceição silva,0,red,Curitiba,Básico
Gustavo Costa,43,verde,Curitiba - PR,basic
Erick Cardoso,44,blue,Curitiba,medium
Fernanda Moreira,26,green, Curitiba,basic
João Brandão,60,green,Curitiba,basic
ERICK COSTA,45,green,São Paulo,medium
Rodrigo Ferreira,24 Anos, red ,São Paulo,premium
Rafael Galvão,32.0,red,Rio,platinum
Juliana Freitas,trinta e dois, green,São Paulo, premium
 Cecília  Barbosa ,31,blue,Curitiba,medium
Tatiane Dias,45,red,SP,premium
Marcelo Barbosa,28,green,Curitiba,basic
Matheus Machado,22,blue,"Curitiba, PR",medium
Vanessa Assunção,24,blue,Curitiba,medium
Mariana Mendes,63,red,Rio,medium
Márcia Mendes,39,green,Rio,medium
Cecília Mendes   ,60,red,São Paulo,medium
Vanessa   Costa,34,green,Curitiba,basic
Felipe Moreira   ,27 ANOS,blue,Rio,medium
Fábio   Gomes,150,blue,São Paulo,premium
Otávio Santos,23,blue,Rio, premium
Aline Barbosa,60,blue,RIO,medium
Júlia Mendes,37,Green,Rio,medium
José Freitas,65,blue,SP,premium
  Mônica Rodrigues,trinta e dois,blue,São Paulo,premium
n/a,vinte e cinco, green,São Paulo,medium
Isabela Barbosa,43,green,São Paulo,medium
Leonardo Moreira,19,red,Rio,medium
Letícia Galvão,48,green,Curitiba,basic 
LEONARDO MENDES,42,red,sp,premium
Camila Machado,55,blue,Rio,medium
élida machado,55,green,Curitiba,basic
Luís Moreira,58anos,blue,Rio,medium
Luís Santos,"18,0",?,Curitiba,basic
João Nunes,50,red,Curitiba,basic
Caio Martins,39,green,Curitiba,basic
Caio Freitas,36,blue,São Paulo,premium
Eduardo Nascimento,40,Red,São Paulo,premium
Cecilia Cardoso,47, blue,Rio,premium
Sérgio Silva,34,NA,Curitiba,medium
Erick Melo,52,green,Curitiba,Basic
Felipe Assunção,32,GREEN, São Paulo,medium
Beatriz Souza,47,blue,sao paulo,premium
  Camila Nunes,38,red,Curitiba,medium
Isabela Andrade,63,green,sao paulo,básico
Ígor Conceição,33.0,green,Rio,medium
Cecília Gomes,34.0,blue,Rio,premium
Rodrigo   Rocha,28,red,curitiba pr,medium
Lucas Fonseca,30,green,Florianópolis,basic
None,41,,São Paulo,medium
Luís Pereira,56,blue,Curitiba,BASIC
João Galvão,64,green,São Paulo,medium
Márcia Souza,48,blue,Rio ,premium
otávio andrade,54,verde,Curitiba,free
Natália Barbosa,idade,red,São Paulo,premium
Camila Andrade,Desconhecido,Sem informação,São Paulo,None
Larissa Brandão,46,red,Rio,basic
LETÍCIA ASSUNÇÃO,25,green,Rio ,basic
Mariana Rocha,49,red,rio de janeiro/rj,medium
Letícia Ferreira,64,verde,São Paulo,basic
renata nunes,23,green,Rio ,basic
Leonardo Silva,46,green,rio de janeiro/rj,basic
Larissa Lima,31,red,Curitiba,medium
Ígor Rocha,48,green,Rio,basico
Juliana Carvalho,28,?,Rio,medium
N/A,63anos,gren,Curitiba,basic
Fábio Andrade,35,green,curitiba,basic
Mônica Magalhães,38,blue,Curitiba,Médio
Élida Ribeiro,44,green,"Rio, RJ",free
desconhecido,47,blue ,Curitiba,basic
Fernanda Melo,21,green,Rio,Básico
Otávio Alves,53,VERMELHO,Curitiba,basic
Letícia Ribeiro,22,green,São Paulo,medium
Luís Simões,56,VERMELHO,São Paulo,premium
Natália Araújo,50,green,Curitiba,basic
Rafael   Simões,54,red,Curitiba,basic
Luís   Assunção,52,red,Rio,medium
thiago rocha,32,blue,"Curitiba, PR",premium
Aline Souza,46,blue,Recife,medium
  Natália Mendes,46,red,Curitiba,basic
André Araújo,24,vermelho,Curitiba,basic
Letícia Araújo,21,green,Rio,basic
Patrícia Oliveira,53,blue,Rio,MEDIUM
Renata Pereira,7,green,Curitiba,basic
Leonardo Gomes,27,red,Rio,medium
Lucas Ribeiro,56.5,blue,Rio,medium
Diego Magalhães,25,red,São Paulo, premium
Renata Souza,32,blue,Curitiba,medium
Eduardo Barbosa,33,NA,São Paulo,premium
Renata Rodrigues,65,green,Curitiba,basic
Mariana Araújo,21,blue ,São Paulo - SP,premium 
Letícia Marques,18,red,Rio,medium
Henrique Assunção,24 anos, red , São Paulo,medium
Débora Moreira,53,green,Curitiba,basic
Leonardo Santos,21,red,curitiba,medium
André Lima,26,blue,SÃO PAULO,medium
Mônica Marques,59,blue,Rio de Janeiro - RJ,basic
Mariana Santos,"49,0",red,São Paulo,premium
LETÍCIA FERREIRA,46,blue,Rio,basic
Aline Araújo,40,NaN,São Paulo,premium
Conceição Assunção   ,62,green,Rio,medium
Pedro Freitas,44,red,Rio,medium
Letícia Nascimento,43,red,"São Paulo, SP",free
Débora Pereira,19,green,São Paulo,basic
Marcelo Carvalho,20,red,Rio,medium
Gabriela Marques,40,RED,Rio,medium
Camila Alves,19,red,Curitiba,basic
Beatriz Magalhães,56,blue,Rio,medium
Fábio Andrade,27, green,São Paulo,basic
João Fonseca,31,Vermelho,Curitiba,medium
Maria Lima,vinte e cinco,GREEN,Rio,basic
Gabriela Ribeiro,64,black,Sao Paulo/SP,medium
Renata Barbosa,43,red,rio,medium
Márcia Dias,19,blue,Rio,medium
Aline Lima,30,blue,São Paulo,premium
Leonardo Galvão,52,blue,Rio,premium
Vanessa   Dias,51,blue,São Paulo,premium
Vinícius Martins,52,red,rio de janeiro,medium
Mariana Andrade,62,blue,São Paulo,NaN
Isabela Rocha,64, green,Curitiba,basic
Larissa Mendes,63,blue,São Paulo - SP,premium
Renata Magalhães,43,blue,Rio,premium
Sem informação,25,red,N/A,platinum
FÁBIO ALVES,20,blue,São Paulo,medium
Carlos Melo,63,red,Rio,basic 
Sem informação,53,NaN,São Paulo,premium
Sergio Conceicao,33,vermelho,Curitiba,None
Eduardo   Freitas,28,blue,Rio,free
Caio Souza,"33,0",red,Curitiba,medium
Luíza Pereira,56,green,Rio,medium
Cecília Martins,20,blue,São Paulo,medium
André Nunes,32,blue,rio,premium
Márcia Rodrigues,48,green,São Paulo,medium
Erick Nascimento,36,red,Curitiba,gold
Vinícius Mendes,51, green,SP,
Camila Martins,21,VERMELHO,Rio,basic
Larissa Dias,54,green,São Paulo,medium
Raíssa Andrade,27,green,São Paulo,medium
Júlia Souza,51,red,Manaus,medium
Gustavo Rocha,50.0,green,Curitiba,basic
Leonardo Melo,56,red,Rio,medium
Luís Silva,24,VERDE ,curitiba,basic
Mariana Araújo,43,red,Rio de Janeiro,medium
Ígor Oliveira,60,yellow,São Paulo,medium
Eduardo Souza,24,green,Rio,basic
Rodrigo Santos,58,green,Curitiba,basic
HENRIQUE NUNES,24anos,GREEN,curitiba,basic
Gustavo Carvalho,18,green,São Paulo,medium
André Freitas,"42,0",,Curitiba,médio
Simão Conceição,43,vermelho,Rio,premium
Isabela Mendes,22,green,São Paulo,medium
Raíssa Alves,49,Sem informação,São Paulo,premium
José Magalhães,29.0, red ,Salvador,Medium
Vanessa Nunes,54,green,SP,medium
Sérgio Nunes   ,40,blue,São Paulo,free
Carlos Nascimento,52,--, São Paulo,basic
Eduardo Alves,39,green,Desconhecido,medium
 Conceição  Carvalho ,24 Anos,red,Rio,basic
Patrícia Rodrigues,45,green,São Paulo,medium
Mariana Oliveira,21,green,Curitiba,basic
Camila Machado,-,vermelho,São Paulo,premium
Marcelo Galvão,51,red,Curitiba,medium
MÁRCIA LIMA,20,red,São Paulo,--
Henrique Moreira,62,green,Rio,Basic
Raíssa Andrade,35,blue,Curitiba,medium
Erick Alves,54,blue,São Paulo,premium
Rodrigo Galvão,51,red,São Paulo,medium
Márcia Silva,29,red,Curitiba,basic
Fábio Ferreira,46,red,Curitiba,basic
Raíssa Souza,31,verde,São Paulo,Médio
Eduardo Oliveira,59 ANOS,blue,São Paulo,premium
fábio rocha,63,red,Curitiba,gold
rodrigo alves,44.0,red,São Paulo, premium
luíza freitas,40,green,Rio,medium
Larissa Ferreira,48,red,São Paulo,premium 
Isabela Nunes,62anos,blue,Rio,premium
João Fonseca,36,blue,são paulo,premium
Carlos Gomes,44, green,Sao Paulo,medium
Fernanda Souza,33,red,"São Paulo, SP",premium
Fábio Santos,51,yellow,São Paulo,medium
Antônio Freitas,24,green,Curitiba,basic
Leonardo Costa,56, red ,Curitiba,basic
Letícia Costa,"63,5",blue,São Paulo,premium
Patrícia Oliveira,26,preto,Curitiba,basic
Luís Simões,61,green,"Curitiba, PR",basic
Thiago Magalhães,40,rde,Curitiba,médio
Henrique Martins,25,green,Curitiba,basic
Bruna Galvão,19,green,Curitiba,basic
Fernanda Ribeiro,58,green,Rio,medium
Ígor Conceição,40,blue,São Paulo,premium
NULL,26,azul,Rio,NA
Antônio Machado,33,green,Rio,standard
Bruna Lima,trinta e dois,red,Rio,basic
VANESSA SILVA,130,red,Belo Horizonte, medium
Juliana Assunção,"30,0",green,São Paulo, medium
Renata Pereira,26,AZUL,Rio,medium
Natália Conceição,49,AZUL,Curitiba,medium
Raíssa Moreira,22,red,curitiba,basic
Juliana Cardoso,43,blue,Curitiba,médio
Natália Freitas,39,blue,Rio,premium
Vinícius   Brandão,"55,0",green,São Paulo,basic
Cecília Nunes,54,blue,Curitiba,
Leonardo Marques,55,red,Curitiba,basic
Mônica Santos,33,red,Curitiba,medium
Luíza Pereira,idade,VERDE ,Rio,medium
Antônio Brandão,"42,0",green,rio de janeiro/rj,basic
Leonardo   Cardoso,27.0,blue,São Paulo,premium
Gabriela Dias,20,green,SÃO PAULO,basic
THIAGO ALVES,39,red,Rio,medium
Letícia Galvão,23,red,Rio,basic
Ana Carvalho,51,green,Florianópolis,basico
Maria Andrade,49,blue,São Paulo,medio
Tatiane Fonseca,62,green,rio de janeiro,basic
Gustavo Galvão,None,green,Curitiba,basic
N/A,51,green,Curitiba,basic
Letícia   Silva,63, green,São Paulo,basic
RODRIGO CARVALHO,53.0,green,Rio,basic
Larissa Alves,51,VERDE ,Rio,basic
Henrique Simões,25,green,n/a,basic
Henrique Gomes,Desconhecido,Desconhecido,Rio,basico
LARISSA ALVES,62,red,são paulo,premium
Luíza Alves,43,blue,SP,premium
Patrícia Mendes,61,red,Rio de Janeiro,MEDIUM
raíssa magalhães,41,red,Rio de Janeiro,básico
Caio Fonseca,30,green,São Paulo,medium
Ana Fonseca,60,green,Curitiba,Basic
Gustavo Rocha   ,27,Verde,Rio,-
Antônio Santos,43anos,,Curitiba,medium
Lucas Mendes,"37,5",red,São Paulo,premium
Márcia Magalhães,38,Red,Rio de Janeiro,medium
 Isabela  Rodrigues ,26,Green,Sem informação,básico
Élida Machado,43,red,Salvador,medium
Otávio Carvalho,63,blue,Curitiba,medium
Débora Oliveira,60anos,green,Curitiba,vip
Pedro Assunção,vinte e cinco,AZUL,Curitiba,medium
,,,,
fábio machado,29,green,curitiba,basic
Beatriz Magalhães,64,green,Sem informação,basic
henrique carvalho,60,green,Curitiba,basic
João Pereira,51,blue,Rio,medium
camila araújo,53 Anos,green,Curitiba,standard
Henrique Freitas,28,red,Rio,premium
erick simões,20,?,Rio,medium
Gustavo Alves,22,RED,Curitiba,basic
Leonardo Rodrigues,26,red,CURITIBA,basic
LUCAS BARBOSA,  54  ,blue,Curitiba,medium
Larissa Mendes,43,Azul,São Paulo,PREMIUM
 Eduardo  Carvalho ,NaN,red,Curitiba,medium
Renata Magalhães, 27,blue,São Paulo,premium
Gabriela Souza,57,red,Curitiba,medio
André Nunes,54,red,São Paulo,medium
Beatriz Andrade,45,black,"Rio, RJ",premium
Conceição Carvalho,26,blue,N/A,basic
Mariana Marques,57,blue,Rio,gold
Otávio Conceição,30,purple,Curitiba,medium
Bruna Freitas,48,blue,Florianópolis,medium
Élida Araújo,"32,0",red,Curitiba,medium
Vanessa Oliveira,2S,blue,SÃO PAULO,medium
Henrique Araújo,54, green,Rio,medium
Aline Simoes,idade,red,Sao Paulo,medium
Fernanda Pereira, 63,green,Rio,basic
letícia rocha,29,blue,Rio de Janeiro,premium
André Ribeiro,61,blue,Sao Paulo,premium
Júlia Brandão,"65,0",red,Curitiba,basico
larissa lima,43,blue,N/A,medium
Rafael Cardoso,46,green,Rio,medium
Camila Dias,41,red,Rio,medium
VANESSA SILVA,49,green,CURITIBA,basic
Raissa Alves,34,green,Curitiba,basic
Henrique Rocha,2S,Verde,Rio,medium
Júlia Martins,-25,verde,São Paulo,medium
carlos carvalho,45,green,São Paulo,medium
Luíza Dias,62,red,Curitiba,medium
Renata Dias,3,blue,Curitiba,medio
Ígor Ferreira,50,blue,?,medium
Cecília Brandão,53 Anos,Vermelho,Rio, medium
Felipe Simões,38,red,Curitiba,medium
Luíza Simões,33,red,Manaus, premium
Luís Dias,24,red,São Paulo,medium
Aline Lima,30,red,CURITIBA,medium
MÔNICA MAGALHÃES,39,red,São Paulo,premium
Mônica Barbosa,37,green,Curitiba,basic
Otávio Conceição,65,red,"Curitiba, PR",não informado
Marcelo Lima,47,blue,Curitiba,Sem informação
 Diego  Nunes ,55,red,Rio,medium
Tatiane Souza,43,green,São Paulo,medium
Letícia Marques,32,blue,RIO,premium
rodrigo costa,22,red,"São Paulo, SP",medium
LUCAS RODRIGUES,46,green,Rio,medium
Juliana Brandão,39,VERMELHO,Rio,Medium
Sérgio Barbosa,29,GREEN,Rio,basic
Erick Alves,27, red ,Curitiba,basic
Letícia   Silva,63, green,São Paulo,basic
RAÍSSA GALVÃO,50,Azul,Curitiba,medium
Rafael Freitas,23,red,Curitiba,medium
Simão Barbosa,29,red,SÃO PAULO,vip
 Marcelo  Barbosa ,36,red,Rio,medium
Eduardo Marques,26,blue,,premium
Cecília Araújo,51,green,São Paulo - SP,medium
Carlos Pereira,19,red, Curitiba,medium
Fábio Melo,0,red,São Paulo,premium
Mônica Conceição   ,33,BLUE,São Paulo,premium
DÉBORA FREITAS,,green,São Paulo,Médio
Letícia Oliveira,40,blue,Rio,premium
Gabriela Araújo,62,blue,Rio de Janeiro - RJ,medium
Erick Lima,51,AZUL,Sao Paulo/SP,premium
Isabela Silva,20,red,rio,Desconhecido
Rodrigo Barbosa,23 Anos,green,São Paulo,medium
Sérgio Alves,63,red,Curitiba,basic
João Melo,58,blue,São Paulo,medium
desconhecido,48,red,São Paulo,premium
carlos martins,37anos,VERDE ,São Paulo,medium
André Melo   ,23,RED,São Paulo,premium
Carlos Nascimento,43,red,Rio,premium
Aline Magalhães,59,blue,São Paulo,premium
Sérgio Melo,47,red,Sao Paulo,medium
Vanessa Brandão,29,blue,Rio,?
Mônica Pereira,56,blue,Curitiba,Medium
Fernanda Nascimento,40.0, red ,são paulo,premium
--,27 ANOS,blue,Curitiba,medium
luíza gomes,39,red,Curitiba,medium
Felipe Andrade,35,green,São Paulo,platinum
Raissa Alves,40 Anos,verde,São Paulo,premium
Raíssa Andrade,63,blue,Curitiba,medium
Rodrigo Rodrigues,43,blue,Curitiba,medium
Otávio Souza,28 Anos,blue,Rio,premium
Maria Ribeiro,56,green,São Paulo,basic
ANA NUNES,trinta e dois,blue,Recife,premium
Luís Ferreira,49 ANOS,red,São Paulo,standard
ígor mendes,18anos,red,São Paulo,Premium
?,50,NA, São Paulo,basic
Fábio Nascimento,57.0,GREEN,Rio,medium
Maria Pereira,52,blue ,Curitiba,medium
Júlia Assunção,42,blue,Curitiba - PR,medium
N/A,25,red,São Paulo,medio
Mariana Costa,22.5,green,São Paulo,medium
Cecília Andrade,45,blue,Salvador,medium
Maria Brandão,56,NaN,Curitiba,Básico
Vanessa Santos,27,green,São Paulo,medium
Erick Galvão,62,Red,Curitiba,basic 
 Maria  Alves ,61, green,Rio,medium
Luís Pereira,31,red,CURITIBA,medium
Eduardo Barbosa,51,green,Rio,medium
Erick Mendes,36,roxo,Curitiba,standard
SÉRGIO PEREIRA,-25,blue,Curitiba,basic
Júlia Galvão,n/a,green,null,medium
Renata Dias,58,Red,Rio,medium
Antônio Melo,46,red, Curitiba,basic
Leonardo Barbosa,N/A,black,São Paulo,premium
 Henrique  Simões ,2S,blue,Curitiba,medium
maria galvão,36,red,Rio,medium
Conceição Silva,39anos,blue,curitiba pr,medium
Gustavo Silva,59.0,green,São Paulo,basic
Natália Araújo,37,green,São Paulo,Premium
Luís Simões,30 anos,blue,Rio,vip
Sérgio Ferreira,NULL, green,Curitiba,gold
Otávio Assunção, 45,blue,São Paulo,premium
Jose Assuncao,28,Vermelho,Belo Horizonte,médio
Otávio Silva,65,green,São Paulo,medium
André Machado,43,blue,São Paulo,premium
Mariana Martins,39,blue,Curitiba,medium
Mariana Oliveira,33anos,blue,Rio,premium
Thiago Simões,64,Verde,Rio,basic
Matheus Nascimento,44,Red,Rio,premium
Vinicius Dias,vinte e cinco,blue,São Paulo,premium
Caio Santos,130,green,São Paulo,Médio
Igor Conceicao,48,green,São Paulo,medium
Mariana Cardoso,  40  ,blue,curitiba pr,MEDIUM
Fábio Mendes,54,red,Rio,medium
Gabriela Santos   ,58.0,red,Rio,medium
Andre Machado,53,green,Rio,básico
Henrique Machado,54,blue,São Paulo,free
Aline Barbosa,  20  ,blue,Manaus,medium
Gabriela Melo,58,red,Rio,medium
Natália Simões,64 Anos,red,-,medium
Maria Costa,29,yellow,Rio,premium
Thiago Rocha,25,RED,SÃO PAULO,medium
Luiza Gomes,33,green,"Rio, RJ",medium
Sérgio Fonseca,3,blue,Belo Horizonte,premium
Gustavo Alves,24,blue,São Paulo,premium
Vinícius Lima,33,blue,São Paulo,premium
Rodrigo Pereira,63,green,Curitiba,básico
Thiago Magalhães,41,red,Curitiba/PR,basic
Élida Martins,46anos,green,curitiba,basic
Sérgio Barbosa,999,blue, Curitiba,medium
Maria Nascimento,29,blue,rio,premium
Luís Freitas,null,blue,Curitiba,basic
Fabio Simoes,39,green,CURITIBA,medium
Sérgio Silva,37,blue,"São Paulo, SP",premium
Antônio Moreira,34,red,Rio,premium
Matheus Pereira,40,blue,Curitiba,medium
Simão Gomes,58 ANOS, blue,São Paulo,premium
Cecília Rocha,62, red ,São Paulo,medium
Rafael Costa,59 ANOS,AZUL,São Paulo,premium
  Erick Melo,32.0,blue,Curitiba,premium
Rodrigo Ribeiro,30,N/A,Curitiba,medium
Lucas Martins,56 ANOS,Green,Curitiba,basic
Mônica Alves,58,blue,São Paulo,medium
Luís Rocha,31.0, red ,Curitiba,medio
Camila Assunção,36,Blue,São Paulo,premium
Ígor Magalhães,3O,green,curitiba pr,basico
Rafael Martins,55,green,Curitiba,basic
henrique mendes,64,RED,Curitiba,basic
Mônica Pereira,42,green,Rio,medium
José Andrade,40,green,Curitiba,basic
leonardo fonseca,48,blue,Rio,medium
Ígor Nascimento,53,blue,RJ,NULL
Eduardo Gomes,26,red,Rio,medium
 Sérgio  Silva ,51,blue,Manaus,medium
Juliana Araújo,26,blu,Curitiba - PR,Médio
Antônio Andrade,49,green,Rio,basic
Luíza Alves,34,Red,Rio,medium
Carlos Marques,43,green,Curitiba,basic
Élida Gomes,19,green,Rio,básico
aline moreira,58anos,blue,Rio,premium
Natália Cardoso,42,blue,Rio, premium
Gustavo Alves,47,,Curitiba,basic
conceição pereira,48,green,Curitiba,basic
Beatriz Oliveira,35 Anos,red,São Paulo,medium
Júlia Silva,34,red,São Paulo,premium
não informado,29,blue,Curitiba,premium
Cecília Fonseca,22,red,São Paulo,medium
Lucas Conceição,53,green,CURITIBA,basic
Bruna Andrade,não informado,red,Rio,medium
Júlia Dias,65,green,rio de janeiro,basic
thiago magalhães,62,green,Sao Paulo/SP,basic 
Henrique Carvalho,44, green,Curitiba,Basic
Matheus Carvalho   ,30,VERMELHO,NA,premium
ÍGOR FERREIRA,65,blue,Curitiba,medium
Vinícius Marques,51,red,São Paulo,premium
Antônio Santos,-1,red,Curitiba,médio
Débora Freitas,53,red,Rio,medium
Leonardo Moreira,58,green,Rio,BASIC
aline rocha,53,green,sp,basic
Bruna Souza,,green,São Paulo,medium
RAFAEL RODRIGUES,n/a,green,Rio,Médio
Ana Ribeiro,52,blue,RJ,medium
ÍGOR PEREIRA,26,red,Curitiba, medium
Bruna Rodrigues,25.0,red,Curitiba,Medium
Simão Santos,25,blue,Curitiba,medium
Fernanda Andrade,62,amarelo,Curitiba,medium
ÉLIDA LIMA,20,GREEN,São Paulo,medium
OTÁVIO NUNES,60,blue,Curitiba,medium
Pedro Costa,44, red ,Rio,medium
Vinícius Fonseca,28,GREEN,CURITIBA,basic
Otávio Cardoso,35.5,blue,São Paulo,PREMIUM
Raíssa Moreira,25,red,Rio,medium
Gustavo Araújo,60,green,São Paulo,basic
 Conceição  Araújo , 33,blue,Rio,PREMIUM
Juliana Machado,43,green,Rio,medium
Luíza Rocha,21,green,rio de janeiro/rj,basic
Tatiane Dias,46,azul,Recife,medium
luíza ribeiro,46,blue,Curitiba,medium
Débora Araújo,22.0,blue,Curitiba,medium
Tatiane Santos,46,azul,São Paulo,premium
Fábio Simões,-1, blue,Rio,medium
Beatriz Barbosa   ,64anos,green,Curitiba,basic
Larissa   Gomes,31,green,Rio de Janeiro,medium
Beatriz Ferreira,26,green,CWB,Basic
Luíza Rodrigues,44 Anos,red,Porto Alegre,médio
João Simões,NA,Green,São Paulo,medium
Thiago Nascimento,42,green,Curitiba,basic
Ígor Fonseca,48,green, Curitiba,basic
Camila Cardoso,48,blue,Rio,premium
Conceição Carvalho,--,blue,Rio,premium
Tatiane Costa,41,red,São Paulo,premium 
Felipe Melo,45,Red,Rio, premium
ISABELA ANDRADE,NaN,green,Curitiba,medium
Rodrigo Alves,21,green,Curitiba,Basic
Natália Araújo,21,green,rio de janeiro,basic
Gabriela Assunção,22,red,Curitiba,medium
Eduardo Silva,57 ,green,Rio,basic
João Mendes,39,blue,São Paulo,premium
Tatiane Freitas,59,blue,Curitiba,medium
Antônio Melo,40,Azul,Rio,Premium
Mônica Assunção,36,blue,Curitiba, premium
Vinícius Ribeiro,45,red,Rio,medium
Luís Machado,23,red,Brasília,basic
Camila Andrade,18,blue,Rio,medium
MARCELO MARQUES,21 ,red,Rio,medium
Henrique Araújo,62,blue,São Paulo,premium
Vinícius Santos,38,GREEN,CWB,Básico
Isabela Fonseca,56,BLUE,Rio,Médio
Larissa Ribeiro,34,red,Rio,premium
Aline Dias   ,41,green,Curitiba,basic
Bruna   Moreira,57,vermelho,Rio,BASIC
LARISSA FREITAS,49,red,São Paulo,Médio
Élida Martins,39,green,SÃO PAULO,medium
Sem informação,30,?, São Paulo,premium
Conceição Dias,50,blue,Curitiba,basic
Não informado,50 ANOS,NaN,São Paulo,medium
Carlos Brandão,33,green,Rio, medium
Raíssa Nunes,59,red,Rio, medium
Matheus Dias,45.0,green,Curitiba,basic 
Larissa Simões,52,red,São Paulo,medium
Natália Silva,19,Blue,CURITIBA,medium
Otávio Souza,18,BLUE,São Paulo,premium
Letícia   Silva,,red,Curitiba,BASIC
Débora Costa,34,green,"Curitiba, PR",medium
Bruna Marques,45,blue,Curitiba/PR,medium
Élida Araújo,60,rde,São Paulo,básico
José Nascimento,60 Anos,red,Curitiba,basic
Caio Fonseca,26 Anos,red,São Paulo,médio
José Fonseca,18,blue,Curitiba,medium
MARCELO FREITAS,28,green,RIO,basic
Patricia Ribeiro,65,red,"São Paulo, SP",medium
Thiago   Gomes,18,red,Curitiba - PR,basic
CONCEIÇÃO MENDES,27,blue,"Rio, RJ", medium
Juliana Nunes,50,green,rio de janeiro,basic
ANDRÉ SOUZA,19,red,Curitiba - PR,Básico
Gustavo Ferreira,36,blue,São Paulo,premium
Mariana Marques,18,green,Curitiba,basic
Gustavo Gomes,52,red,Curitiba,basic
José Mendes,38,blue ,Curitiba,medium
Fernanda   Dias,NULL,red,SÃO PAULO,medium
Rodrigo Oliveira,63,blue,sp,premium
Juliana Carvalho,59,red,São Paulo,medium
pedro nunes,21,GREEN,São Paulo,medium
Letícia Nunes,,green,São Paulo,medium
Otávio Assunção,38,green,Curitiba,basico
Otávio Moreira,64,RED,Curitiba,basic
Matheus Fonseca,37,green,Curitiba,basic
Maria Dias,37,green,Curitiba,basic
Luíza Alves,45,red,Curitiba,medium
Diego Mendes,?,azul,Rio,premium
Luíza Martins,3,blue,rio de janeiro/rj,medium
Sem informação,59,green,Curitiba,basic
Henrique Mendes,31,blue,Porto Alegre,premium
Débora Andrade,65.0,red, São Paulo,premium
Fábio Barbosa,59,blue ,rio de janeiro/rj,medium
Diego Conceição,40, green,"São Paulo, SP",não informado
Henrique Fonseca,23,red,Rio,
Júlia Nascimento,24,blue,CWB,medium
Leonardo Galvão,49.0,Sem informação,curitiba,basic
Aline Santos,40,Red,São Paulo,premium
Erick Machado,36,green,Curitiba,basic
Vinícius Silva,38,blue,São Paulo,medium
Ana Machado,-1,green,Rio,medium
Rafael Simões,24,green,Curitiba,basic
Fábio Barbosa,"31,0", green,São Paulo,medium
tatiane souza,NaN,Vermelho,Curitiba,basic
Mariana Oliveira,62,green,Rio,basic
gustavo machado,23,green,Recife,medium
CECÍLIA MAGALHÃES,44,NaN,Curitiba,medium
Mônica Marques,48,,Não informado,medium
Rafael Rocha,59,blue,rio,medium
Tatiane Brandao,25,green,Curitiba,medium
Fábio Marques,61anos,preto,rio,basic
Joao Dias,57, green,rio,medium
Rodrigo Araújo,50,red,Rio,medium
Leonardo Dias,33,amarelo,Curitiba,medium
Erick Santos,40,red,Rio,medium
Thiago Carvalho,51,red,Rio,medium
MARIANA SANTOS,56,azul,Rio,medium
Débora Ribeiro,trinta e dois,green,Curitiba,basic
SIMÃO ANDRADE,31,red,Curitiba/PR,medium
None,48,red,NaN,medium
Débora Ferreira,38,Azul,Curitiba,basico
Gustavo Ribeiro,trinta e dois,green,Rio,basic
Fábio Oliveira,null,red,Curitiba,basic
Lucas Brandão   ,24,blue,Rio,medium
Sérgio Souza,35,NaN,São Paulo,premium
Aline Magalhaes,65,red,Curitiba/PR,basic
Tatiane Gomes,59,vermelho,"Curitiba, PR",basic
Gustavo Alves,61,blue,Curitiba,medium
João Pereira   ,N/A,green,Rio,basic
Tatiane Mendes,47anos,green,Florianópolis,basic
Diego Magalhães,57,red,Salvador,medium
  Renata Gomes,40,amarelo,"Curitiba, PR",medium
Isabela Santos,48,blue ,São Paulo,Premium
Carlos Mendes,46,blue,são paulo, premium
lucas rocha,24,red,Rio,medium
débora oliveira,51,Vermelho, Curitiba,medium
Renata Magalhães,32,green,São Paulo,medium
Marcelo Pereira,38,red,Curitiba,medium
  Ígor Marques,N/A,RED,Rio,premium
João Andrade,35,green,--,platinum
Ígor Magalhães,49,green,São Paulo,basic
Aline Pereira,65,red,São Paulo,MEDIUM
Luís Souza,"63,0",red,Rio,basic 
Simão Silva,49,vermelho,curitiba,basic
Leonardo Alves,54,red,São Paulo,NaN
raíssa rodrigues,46,blue,São Paulo,medium
MÁRCIA CARDOSO,idade,green,Rio,medio
Maria Magalhães,"30,0",green,None,premium
 Matheus  Nunes ,não informado,VERDE ,Rio,medium
André Ribeiro,39,red,São Paulo,premium
Márcia Assunção,61, red ,Rio,medium
Henrique Martins,65,blue,Curitiba,medium
Renata Andrade,26,green,Curitiba,Básico
Vanessa Pereira,38,red,São Paulo,premium
Otávio Magalhães,47,AZUL,São Paulo,premium
Élida Mendes,54,blue,São Paulo,Medium
Henrique Alves,N/A,red,CWB,basic
Vinícius Assunção,26,green,Curitiba,basic
júlia freitas,25,blue,Curitiba,medio
Maria   Marques,trinta e dois,green,Curitiba,N/A
vanessa marques,trinta,blue,Rio,medium
-,Não informado,blue,São Paulo,premium
Márcia Machado,30,red,?,Premium
Aline Ferreira,23,green,Porto Alegre,basic
Tatiane Machado,63,blue,Rio,medium
 Lucas  Martins ,44,blue,Rio,medium
Henrique Rodrigues,52,blue,São Paulo, premium
Henrique Santos,60,gren,Curitiba,basic
Júlia Oliveira,  30  ,blue,Rio,gold
Cecília Cardoso,19,green,Rio,desconhecido
Thiago Alves,22,GREEN,Curitiba,basic
null, 64,blu,Curitiba,medium
Pedro Brandão,48, green,curitiba pr,basic
Diego Ferreira,41,gren,Curitiba,gold
Gustavo Conceição,18,red,n/a,básico
Diego Cardoso,33,Azul,São Paulo,premium
fernanda ribeiro,44.0,blue,Rio,premium
Beatriz Moreira,58,blue,Sao Paulo/SP, premium
Bruna Brandão,64,red,Rio,medium
Rafael Magalhaes,25,blue,SÃO PAULO,premium
Carlos Mendes,58,Green,São Paulo,basic
Marcelo Freitas   ,58,blue,São Paulo,premium
João Brandão,60,red,Recife,premium
Mônica Brandão,42,green,Belo Horizonte,MEDIUM
Raíssa Barbosa,3O,blue,São Paulo,premium
Carlos Nascimento,19,red,Curitiba,BASIC
Caio Rodrigues,64,red,CWB,basic
  Márcia Galvão,24.7,blue,Manaus,premium
Eduardo Souza,34,black,São Paulo,medium
fábio araújo,50,red,São Paulo,medium
Cecília Silva,52,green,Rio,basic
Mariana Fonseca,26,green, Curitiba,basic
Ana Machado,48,black,rio,medium
Rafael Rocha, 44,red,rio de janeiro/rj,premium
André Silva,29,red,RIO,medio
André Carvalho   ,55, blue,Curitiba,medium
JOSÉ RODRIGUES,44,green,sao paulo,medium
ana ferreira,19,red,Curitiba,basic
mônica simões,None,red,CURITIBA,medium
Pedro Lima,"60,5",green,Rio,basic
Gabriela Dias   ,"56,0",red,Sao Paulo,medium
Gustavo Melo,50,green,São Paulo,MEDIUM
Erick Cardoso,41,green,Curitiba,
Débora Cardoso,27,NaN,São Paulo,premium
Mariana Conceição,56,blue,Curitiba,basic
André Andrade,18,red,RIO,medium
Diego Melo,33.0,blue,São Paulo,premium
Marcelo Mendes,64,red,São Paulo,premium
ÉLIDA RODRIGUES,48,green,Salvador,medium
Eduardo Ribeiro,54.0,green,São Paulo,basic
Caio Rocha,,blue,Recife,premium
  Conceição Cardoso,51,red,Curitiba,basic
Fábio Magalhães,26 anos,vermelho,Rio,medium
HENRIQUE ROCHA,19,green,Rio,basic
Camila   Andrade,62,red,Curitiba,basic
PATRÍCIA SANTOS,53,blue,Curitiba,medium
Lucas Assunção,60,red,Rio,n/a
DÉBORA BARBOSA,33,green,Curitiba,medium
Otávio Freitas,18,vermelho,Rio,medium
Élida Pereira,51,preto,,medium
Eduardo Ribeiro,19,green,Rio de Janeiro - RJ,basic
Élida Ribeiro,29,red,Curitiba,basico
Erick Oliveira,19,green,São Paulo, medium
sérgio araújo,54,blue,São Paulo,premium
Felipe Rocha,55,green,n/a,medium
Bruna Freitas,18,blue,São Paulo,medium
Gabriela Araújo,18,blue,Curitiba,Medium
Gustavo Ferreira,3,roxo,Rio,medium
Carlos Brandão,38,red,Curitiba,medium
Júlia Carvalho,32,green, São Paulo,premium
Gustavo Barbosa,36anos,verde,Curitiba,BASIC
Élida Santos,25,red,Curitiba,basic
Isabela Oliveira,33,green,Recife,null
Márcia Oliveira,25-30,green,RJ,Médio
Raíssa Ribeiro,31, green,Rio,medium
Sérgio Moreira,60,green,Curitiba,basic
Antônio Magalhães,"20,5",red,sao paulo,medium
Camila Andrade,  50  ,green,sao paulo,basic
Rafael Rocha,60,red,"Rio, RJ",medium
SÉRGIO RODRIGUES,7,blue,Rio,medium
Raissa Moreira,63,NaN,Curitiba,basic
Isabela Mendes,-1,blue,São Paulo,premium
Erick Assunção,30,,Não informado,premium
Leonardo Andrade,37,VERDE ,Rio,medio
 Otávio  Santos ,24,Verde,São Paulo, medium
Juliana Freitas,61,red,são paulo,medium
,49,blue,Rio,premium
Matheus Mendes,49,blue,curitiba pr,medium
MARIA MOREIRA,62,blue,CWB,medium
RODRIGO MACHADO,65,AZUL,Curitiba,Básico
Thiago Oliveira,27,rde,Rio,basic
Raíssa Oliveira,62anos,green,Rio,basic
Simão Rodrigues,150,green,São Paulo,medium
Diego Magalhães,42,green,Rio,medium
Patricia Martins,47,green,-,basic
júlia magalhães,46,blue,São Paulo,premium
Otávio Silva,36,desconhecido,Rio,medium
JOÃO SOUZA,20 ANOS,green,Curitiba,basic
Renata Simões,"50,5",RED,-,Basic
Marcelo Machado,NULL,Vermelho,Curitiba,medium
Larissa Gomes,40,red,Curitiba,basic
Isabela Simões,31,red,Porto Alegre,medium
Vinícius Nascimento,50,blu,Rio,basic
CAIO MACHADO,Sem informação,green,Curitiba,basic
Élida Andrade, 25,red,Rio de Janeiro - RJ,medium
Gustavo Nunes,49,preto,rio de janeiro,medium
Isabela Fonseca,35,green,"Curitiba, PR",basic
LUÍS CARVALHO,null,green,Curitiba,basic
 Vinícius  Rodrigues ,53,blue,rio de janeiro,medium
Leonardo Fonseca,25-30,red,Rio, medium
Monica Santos,40,blue,Florianópolis,medio
ÍGOR CONCEIÇÃO,45,Vermelho,Curitiba,medium
-,52,,rio,medium
Matheus Rodrigues,58,red,Rio,medium
Natália Ferreira,Sem informação,green,sp,medium
Bruna Costa,63,red,Rio,
Felipe Assunção,32,GREEN, São Paulo,medium
Eduardo Araújo,42,red,Rio,medium
Larissa Assunção,40,blue,Não informado,medium
Henrique Ribeiro,47,Verde,Curitiba,platinum
André Dias,?,blue,São Paulo,premium
Patrícia Nascimento,56,green,Curitiba,basic
Carlos Magalhães,21,verde,curitiba pr,Básico
Lucas Simões,28,green,CWB,basic
Cecília Silva, 37,Blue,Curitiba,medium
mariana machado,36 ANOS,green,Curitiba,medium
Gustavo Andrade,25,green,são paulo,basic
Eduardo Cardoso,27,blue,rio,medium
Mariana Conceição,19,red,Rio,medium
 Rafael  Lima ,18,blue,CWB,basic
Márcia Dias,65,--,Rio de Janeiro,basic
Simão Pereira,64,AZUL,Rio de Janeiro,n/a
Júlia Araújo,40,azul,Rio,premium
Tatiane Magalhães,39,blue,Rio, medium
Rafael Cardoso,48,azul,Rio,medium
Márcia Martins,18,green,Sao Paulo/SP,BASIC
RENATA FREITAS,63,blue,sao paulo,medium
camila dias,30,green,Belo Horizonte,médio
Beatriz Andrade,não informado,red,Rio,premium
Ana Rodrigues,54.0,red,Curitiba,basic
Thiago Magalhães,48.0,green,Rio,basic
Patrícia Galvão,25-30,red,Belo Horizonte,medium
Letícia Nascimento,26,vermelho,São Paulo,premium
Tatiane Andrade,25,red,São Paulo,Premium
sérgio ribeiro,?,green,São Paulo,standard
Tatiane Nunes,44,red,Rio,medium
Maria Mendes,64,GREEN,Curitiba,basic
  Natália Rodrigues,54,green,Rio,medium
Patrícia Magalhães,55,red,"São Paulo, SP",medium
lucas pereira,35,blue,Rio de Janeiro - RJ,premium
Isabela Fonseca,57,red,Rio,medium
Bruna Souza,25-30, green,Curitiba,basic
  Isabela Andrade,44,green,Sem informação,medium
Rafael Mendes,43,Azul,São Paulo,premium
Maria Pereira,42, blue,,MEDIUM
Pedro Dias,49,blue ,Rio,medium
João Costa,54 ANOS,blue,São Paulo - SP,medium
Mônica Nascimento,38,green,Curitiba,basic
Carlos Martins,3O,green,Curitiba,Não informado
Pedro Brandão,xx,red,Curitiba,medium
Sérgio Moreira,40,Azul,-,premium
--,42,amarelo,Rio,medium
Caio Galvão,59 Anos,blue,São Paulo,premium
Diego Brandão,26,green,Sao Paulo/SP,basic
thiago mendes,  52  ,red,Curitiba,basic
Raíssa Freitas,65,red,Curitiba,basic
Rodrigo   Ribeiro,61.7,green,São Paulo,medium
Márcia Pereira,28,yellow,Rio,medium
Matheus Alves,64,red,Rio,basic
Lucas   Assunção,26,blue,sao paulo,premium
Patrícia Carvalho,64,blue,Rio,medium
Fabio Carvalho,NaN,red,rio de janeiro,medium
Rodrigo Souza,64,blue,Não informado,médio
João Brandão,58,green,São Paulo,medium
Maria Assunção,36anos,red,Rio,gold
Larissa Cardoso,22,green,sp,Medium
Fernanda Martins,desconhecido,red,São Paulo,medium
Cecília Souza,50,Red,Recife,basic
  Gabriela Santos,-25,blue,Curitiba,medio
Gabriela Nunes,54,RED,Curitiba,basic
Élida Nascimento,37,blue,Curitiba - PR,medium
Gabriela Conceição, 57,red,Rio,medium
Diego Mendes,46,BLUE,Curitiba,
LARISSA FONSECA,39,blue,São Paulo,premium
Élida Rocha,23,blue ,São Paulo,premium
Rodrigo Melo,57,green,Curitiba,basic
larissa martins,62,blue,Belo Horizonte,medium
Camila Conceição,65 ANOS,blue,São Paulo,medium
Natália Rocha,61,roxo,"Curitiba, PR",MEDIUM
élida marques,21,azul,Curitiba,medium
Débora Lima,61,blue,Curitiba,medium
Lucas Pereira,20,azul,Curitiba,medium
Júlia Oliveira,64,blue,Curitiba,basic
Pedro Cardoso,3O,rde,SP,premium
Mariana Dias,65,Blue,Curitiba,medium
Otávio Brandão,"43,0",None,Rio,medium
Otávio Araújo,45 ,rde,Rio,free
Juliana Magalhães,20.0,blue,Rio de Janeiro,medium
JOSÉ NUNES, 62,red,rio,basic 
 Leonardo  Alves ,33,blue,Rio,premium
Élida Rocha,32,blue,Curitiba,standard
Raissa Ferreira,trinta e dois,blue,Rio de Janeiro,premium
letícia marques,52,blue,São Paulo,premium 
Raíssa Marques,23,GREEN,Rio de Janeiro,basic
Mônica Gomes,59,rde,São Paulo,medium
Simão Pereira,"59,0",green,"São Paulo, SP",medium
Marcelo Nunes,54,red,Rio,medium
Marcelo Ferreira,36,red,Rio,premium
Ana Silva,54.5,green,são paulo,basic
Rafael Araújo,desconhecido,VERDE ,São Paulo,gold
Bruna Machado,18,blue,Curitiba,basic
Patrícia Pereira,22,blu,Rio ,medium
Lucas Nascimento,42,green,curitiba,basic
Leticia Ribeiro,26,blue,CWB,medium
Júlia Melo,31,blue,Curitiba,medium
Bruna Costa,54,green,curitiba,basic
Patrícia Pereira,54,blue,curitiba,medium
Márcia Santos,-1,red,Curitiba,basic
Matheus Dias,44,red,sao paulo,premium
Gustavo Rodrigues,N/A,blue,São Paulo,premium
Henrique Nunes,32,blue,Curitiba,médio
rafael marques,"43,0",red,rio,medium
André Moreira,45,blue,Rio,premium
Erick   Moreira,3,blue,sp,premium
Eduardo Oliveira,65,GREEN,Rio,basic
Gabriela Nascimento,61 , blue,Sao Paulo/SP,premium
Julia Dias,Não informado,green,Rio,basic
carlos conceição,44 ANOS,VERMELHO,"Rio, RJ",medium
Fábio Melo,18 ANOS,Verde,Curitiba/PR,básico
Renata Souza,63,blue,Curitiba,medium
Diego Andrade,48,blue,Curitiba,MEDIUM
André Melo,47,green,São Paulo,medium
Thiago Brandão,62,vermelho,Curitiba,basic
Rafael   Costa,30,red,São Paulo,premium
Rodrigo Gomes,52,red,Curitiba,BASIC
Rodrigo Gomes, 53,red,CWB,medium
Gustavo Melo,55,red,São Paulo,medium
Pedro Andrade,27,-,Rio,medium
Débora Souza,24,null,Sem informação,medium
Henrique Marques,59,blu,"Curitiba, PR",basic
Eduardo Costa,31,blue,São Paulo,premium
Natália Martins,59,,São Paulo,medium
Henrique Assunção,41,verde,Rio,Sem informação
Leonardo Galvão,41,blue, Curitiba,medium
CAMILA NASCIMENTO,50,verde, São Paulo,medium
Patrícia Pereira,38,Green,Rio,basic
Lucas Moreira,32,blue,Rio,medium
Carlos Brandão,59anos,red, Curitiba,basic
Tatiane Martins,32,green,São Paulo,medium
Bruna Conceição,63,green,Curitiba - PR,basic
Mônica Araújo,50 Anos,roxo,Rio,medium
Élida Conceição,43.0,preto,Rio,premium
André Nascimento, 31,blue,Curitiba,medium
Diego Moreira,46 Anos,blue,Curitiba,medium
carlos moreira,Sem informação,red,Rio,medium
Júlia Galvão,60 ,green,São Paulo,medium
Maria Barbosa,24,green,Curitiba,basic
Desconhecido,44anos,Verde,Sao Paulo/SP,médio
Camila Nascimento,44,red,Curitiba,basic
Eduardo Freitas,41,red,Curitiba,standard
Luís Machado,18 Anos,red, Curitiba,basic
JOÃO MOREIRA,60,red,Rio de Janeiro,basic
Débora Costa,24,gren,Curitiba,gold
Felipe Martins,54,blue,RIO,medium
NATÁLIA GALVÃO,63,red,Curitiba,medium
Larissa Freitas,não informado,green,Salvador,medium
Lucas Fonseca,44,red,Rio,medium
FÁBIO RODRIGUES,58,blue,São Paulo,premium
Tatiane Oliveira,200,,Curitiba,medium
Patrícia Galvão,58,blue,Sem informação,basic
Diego Oliveira,48 Anos,red,,medium
Simão Ribeiro,37,blue,São Paulo,Premium
Matheus Rodrigues,20,blue,NaN,premium
Camila Ferreira,40, green,None,Medium
Natália Ferreira,40,VERDE ,Rio,medio
Fernanda Oliveira,-1,red,Rio,medium
Fernanda Gomes,20,red,Curitiba,basic
Vinícius Costa   ,54,green,São Paulo, medium
Mariana Melo,60,green,São Paulo,basic
Renata Galvão,20 anos,blue,Curitiba,medium
Gabriela Souza,31,red,RJ,MEDIUM
José Machado,null,blue,Curitiba,medium
Diego Pereira,130,verde,Curitiba,basic 
 Leonardo  Brandão ,54 anos,green,Belo Horizonte,Medium
Ígor Pereira,41,blue,Curitiba,premium
Larissa Cardoso,46anos,blue,,medium
Ígor Mendes,"23,5",blu,Rio,medium
Natália Barbosa,não informado,green,Rio,basic 
Juliana Martins,65,green,Sao Paulo,medium
Patrícia Nascimento,41,BLUE,Curitiba,medium
Mariana Andrade,36,red,São Paulo,premium
 Mariana  Rodrigues ,64,blue,Recife,basic
Gustavo Pereira,30,red,Rio ,medium
Vanessa Fonseca,43.7,green,Curitiba,basic
HENRIQUE RIBEIRO,"51,5",GREEN,São Paulo,basic
Tatiane Oliveira,44,red,Rio,medium
Maria Rodrigues,25-30,green,rio,basico
Vinícius Assunção,25,null,Curitiba,basico
Thiago Gomes,58,blue,Rio,medium
Vinícius Lima,39,green,RJ,Sem informação
Pedro Assunção,29,green,São Paulo,medium
Luíza Pereira,41,green,Rio,medium
thiago brandão,2S,-,São Paulo,premium 
Isabela Moreira,63,green,Curitiba,basic
Leonardo Pereira,31,red,"São Paulo, SP",n/a
Thiago Rodrigues,-1,green,Rio,medium
Bruna Ferreira,39,green,São Paulo,medium
TATIANE NASCIMENTO,18,blue,"Rio, RJ",premium
Matheus Nascimento,31,blue ,Rio,n/a
Erick Araújo,19,green,Florianópolis,medium
Rafael Lima,23,blue,Belo Horizonte,medium
Otávio Fonseca,32 , red ,Curitiba,medium
Luís Costa,53,blue,NA,medium
Felipe Andrade,43 anos,red,São Paulo,premium
Mariana   Simões,39 ,green,Rio,medium
Mariana Fonseca,50,blue,Rio,platinum
Henrique Gomes,200,green,Rio,basic
Luís Fonseca,,blue,Rio,premium
--,xx,red,sao paulo,medium
Caio Lima,24, red ,Sao Paulo,medium
Felipe Araújo   ,19,red,sao paulo,medium
Júlia Galvão,33,red,São Paulo,Premium
Erick Pereira,39,Green,Curitiba,basic
Conceição Freitas,27,,São Paulo,medium
MARIANA MAGALHÃES,21,green,Rio,basic
Thiago Silva,43,BLUE,Rio,medium
Conceição Andrade,31,red,São Paulo,medium
ígor oliveira,-,RED,São Paulo,vip
Márcia Marques,39,blue,Florianópolis,premium
HENRIQUE DIAS,NaN,green,São Paulo,medium
Conceição Magalhães,35 ANOS,Green,São Paulo,medium
Isabela Ferreira,42,red,RJ,medium
Mariana   Barbosa,37,green,São Paulo,medium
Letícia Nunes,52, blue,Curitiba/PR,MEDIUM
Renata Brandão,65,red,Curitiba,basic
Renata Magalhães,49,Red,Rio,medium
Pedro Simões,28,AZUL,Rio,premium
Henrique Galvão,29,blue,Curitiba,medium
 Gabriela  Ferreira ,36,blue,São Paulo,premium
Caio Cardoso,65,blue,Curitiba,medium
Gabriela Fonseca,Desconhecido,azul,CWB,medium
Leonardo Marques,36,verde,São Paulo,medium
não informado,29.7,red,São Paulo,medium
Larissa Freitas   ,56,Blue,São Paulo,premium
Isabela Fonseca,44.0,Sem informação,São Paulo,premium
cecília magalhães,63 ,Red,sao paulo,premium
júlia carvalho,65,green,São Paulo,medium
Raíssa Carvalho,33,blue,Curitiba,medium
Henrique Souza,25,blue,Curitiba,medium
Henrique Ferreira,31,blue ,Florianópolis,PREMIUM
Letícia Freitas,46,blue,Recife,medium
Rodrigo Fonseca,-25,green,rio de janeiro/rj,basic
Fábio Martins,37,AZUL,Curitiba,medium
Felipe Araújo,19,green,Curitiba,basic
Ana Carvalho,61, blue,Rio,platinum
 Mônica  Freitas ,41,green,Rio,platinum
Márcia Costa,52,green,São Paulo,Desconhecido
Pedro Moreira,26,green,São Paulo,Medium
Élida   Rocha,53,green,Curitiba,basic
Isabela Assunção,21,blue,Porto Alegre,premium
Maria Andrade,7,green,Curitiba,BASIC
Marcelo Freitas,43,blue,Curitiba,medium
fábio dias,63,blue,,premium
Natália Costa,24,green,Curitiba,basic
Caio Rodrigues,49,red,Rio,medium
LUÍZA MELO,64,green,Curitiba,basic
Thiago Araújo,61,green,Curitiba,Sem informação
Carlos Nascimento,43.0,Blue,São Paulo,premium
Natália Santos,Sem informação,blue,rio de janeiro/rj,medium
Carlos Pereira,30,blue ,Rio,premium
Diego Moreira,21,red,Curitiba,basic
Conceição Galvão,35 Anos,green,São Paulo,premium
Desconhecido,22,red,Curitiba,basic
  Carlos Conceição,38,green,Curitiba,não informado
OTÁVIO SOUZA,45,Azul,São Paulo,premium
Ígor Barbosa,39,GREEN,Curitiba,basic
Beatriz Simões,19,green,Manaus,basic
Mônica Freitas,20.7,green,Curitiba,basic
Leticia Conceicao,19,red,"São Paulo, SP",medium
João Lima,25,green,Curitiba,Basic
Camila Barbosa,58,green,Rio,basic
isabela martins,49,green,São Paulo,premium
ERICK NASCIMENTO,32,red,São Paulo,Medium
,25,green,Curitiba,basic
Aline Magalhães,25,green,São Paulo,basic
Natália Melo,44,-,null,basic
Débora Simões,41,green,Rio,basic
Larissa Barbosa,52,red,Rio,standard
Camila Fonseca,54 Anos,green,São Paulo,NaN
Não informado,23anos,blue,"São Paulo, SP",premium
Conceição Rodrigues,65,green,São Paulo,
Raíssa   Mendes,24,red,São Paulo,Medium
  Vanessa Fonseca,55,blue,São Paulo,premium
João Pereira,53,green,São Paulo,medio
André Oliveira,26,VERDE ,Curitiba,basic
Larissa Lima,130,green,Rio,basic
Erick Ribeiro,41,VERMELHO,São Paulo,premium
Simão Melo,52,Red,Curitiba,basic
Pedro Nunes,61,green,São Paulo,medium
  Marcelo Silva,NaN,RED,Curitiba,basic
Isabela Fonseca,32,blue,São Paulo, premium
ISABELA OLIVEIRA,24.0,green,Curitiba,basic
Natália Mendes   ,48,green,rio de janeiro,medium
Ana Ferreira,?,green,São Paulo,basic
Bruna Costa,56,Não informado,curitiba,medium
José Nunes,64,green,Rio, medium
Letícia Cardoso,21,red,Rio de Janeiro - RJ,medium
Simão Pereira,18,red,São Paulo,medium
Gabriela Cardoso,27,green,Curitiba,basic
Marcelo Araújo,38,green,São Paulo,medium
conceição araújo,58,green,Curitiba,basic
beatriz rocha,trinta,blue,Sem informação,premium
Renata Pereira,45,blue,Curitiba,medium
Thiago Ribeiro,50,Red,Rio,medium
Renata Andrade,desconhecido,NA,Rio,Básico
Bruna Assunção,53,red,rio,medium
Tatiane Ribeiro,51,green,Manaus,basic
Luís Machado,45,rde,São Paulo,n/a
Ígor Assunção,63,green,Recife,basic
Eduardo Magalhães,33.7,green,Curitiba,basic
Henrique Ribeiro,51anos,green,Rio,basic
Juliana Assunção,18,blue,São Paulo,premium
Vinícius Nunes,37,blue,Curitiba,premium
CARLOS COSTA,60,blue,RJ,Medium
Ígor Silva,27.0, green,São Paulo,basic
Felipe Araujo,21,blue ,Rio,premium
Não informado,44,blue,São Paulo,premium
 Natália  Souza ,43,red,None,medium
MÁRCIA ROCHA,47,red,São Paulo,medium
ÉLIDA ANDRADE,55,VERMELHO,Curitiba,basic
Raíssa Fonseca,65, red ,Rio,Médio
José Andrade,59,red,Rio,MEDIUM
Luís Lima,33,red,Curitiba,medium
Gustavo Santos,44 ,blue,Rio,medium
Renata Santos,29,Azul,Rio,premium
Otávio Cardoso,49 ANOS,red,São Paulo,premium
Erick Gomes,25,blue,Rio de Janeiro - RJ,medium
Raíssa Marques,27,red,"São Paulo, SP",medium
Camila Dias,51,GREEN,CWB,basic
Fernanda Magalhães,53,green,São Paulo,medium
Luíza Costa,44,green,Rio,basic
José Machado,60,azul,São Paulo,premium
MARIANA FREITAS,30,NA,Rio, premium
Diego Galvão,65,green,Curitiba,basic
gabriela santos,33anos,blue,Rio,premium
Raissa Ferreira,32,green,Rio de Janeiro,medium
Élida Andrade,35 ,blue,São Paulo,premium
Cecília Galvão,58,AZUL, São Paulo,medium
Pedro Conceição,3O,red,Rio,
Sérgio Pereira,54,blue,Curitiba,medium
Isabela Nascimento,61,red,Curitiba,basic
Gabriela Andrade,26,red,Belo Horizonte,medium
Débora Gomes,64,green,Não informado,medium
Henrique Silva,36,red,Rio,medium
Antônio Conceição,59,,CWB,basic
n/a,46,red,não informado,premium
tatiane fonseca,46,red,Salvador,medium
Débora Andrade,33,blue,São Paulo, premium
Gustavo Moreira,58,black,São Paulo,Medium
Antônio Andrade,trinta e dois,green,Rio,basic
Márcia Pereira,40.0,AZUL,Rio, premium
Lucas Moreira   ,38,red,Rio,None
Luís Fonseca,45 ,blue,SP,premium
henrique ferreira,51,red,Curitiba,basic
Fernanda Brandão,51,green,são paulo,medium
Eduardo Santos,59,blue,Recife,medium
Beatriz Nunes,7,red,Curitiba,basic
Felipe Simões,29,green,São Paulo,medium
Lucas Magalhães,"20,0",,Rio,basic
Luíza Machado,50,NA,Curitiba,medium
Bruna Silva,21,vermelho, Curitiba,basic
  Bruna Alves,52,Azul,Rio,medium
Débora Gomes,35,green,Rio,medium
Sérgio Barbosa,52,blue,São Paulo,premium
Luíza Mendes,37,blue,Rio,premium 
Carlos Martins,61,blue ,São Paulo,medium
André Mendes,59,NULL,São Paulo,medium
Fábio Santos,60, green,Rio,medium
Júlia Nunes,41 Anos,green,Curitiba,free
 Élida  Galvão ,61,RED,Curitiba,Basic
Fábio Barbosa,51,red,RIO,medium
Juliana Oliveira,38,Azul,Rio,gold
NULL,39,green,Curitiba,basic
Rafael Nunes,49 ,blue,São Paulo,Sem informação
Juliana Costa,25,red,Curitiba,basic
Cecília Ferreira,28,green,São Paulo,Desconhecido
Beatriz Fonseca,23,red,Rio de Janeiro - RJ,platinum
Fernanda Magalhães,47,green,São Paulo,medium
  Gustavo Santos,43,BLUE,Curitiba,premium
Thiago Mendes,37,Blue,Rio,premium
Vanessa Santos,62,green,rio de janeiro/rj,medium
Erick Ferreira,49,BLUE,Rio,premium
ígor simões,18,green,Curitiba,basic
Leonardo Marques,3,red,São Paulo,premium
Luíza Araújo,65,green,São Paulo,basic
Renata Costa,45,Green,Curitiba,medium
ANTÔNIO ALVES,20,blue,São Paulo,PREMIUM
Mariana Souza,59 ,red,Rio,Medium
Letícia Simões,41,,Curitiba,medio
Luís Ribeiro,24,blue,são paulo,premium
Andre Rodrigues,41,vermelho,São Paulo,premium
Raíssa Carvalho,30,green,,medium
Marcelo Conceição,65,red,Brasília,medium
Rafael Ribeiro,63 Anos,green,"Curitiba, PR",basic
DÉBORA CARVALHO,38,green,São Paulo,medium
ERICK MARTINS,"22,0",green,Rio,basic
Fernanda Brandão,32,green,Curitiba,basic
Beatriz Oliveira,63.0,red,Curitiba,basic
Rodrigo Carvalho,2S,green,Florianópolis,basic
Luíza Freitas,33,red,Salvador,basic
Fábio Araújo,33,red,Curitiba,medium
Aline Costa,39,green,Rio de Janeiro - RJ,medium
Beatriz Brandão,24,NA,São Paulo,medium
joão alves,59,blue,São Paulo,premium
Matheus Pereira,trinta e dois,red,Curitiba,não informado
Juliana Machado,999,green,Curitiba,basic
Otávio Nascimento,57,blue,rio de janeiro,medium
Diego Assunção,47,,Curitiba,basic
Leonardo Moreira,49,blue,São Paulo,medium
Renata Gomes,29,red,Rio de Janeiro - RJ,medium
Élida Costa,200,red,Curitiba,basic
Débora Freitas,23,--,Rio,premium
Cecília Nascimento,55,blue,São Paulo,premium
  Felipe Conceição,22.0,green,São Paulo,basic
FERNANDA RODRIGUES,55,red,São Paulo,medium
Carlos Fonseca,58 ,blue,Rio,MEDIUM
Renata Dias,57,blue,sao paulo,medium
Leonardo Santos,28,green,rio de janeiro,medium
 Isabela  Carvalho ,39,gren,Curitiba,medium
João Rodrigues,47.0,blue,Rio,medium
Caio Nascimento,62,red,São Paulo,medium
Juliana Nascimento,57anos,blue,Curitiba/PR,medium
Ana   Freitas,37,blue,São Paulo,premium
Lucas Machado,37,RED,São Paulo,medium
Fabio Fonseca,44,verde,Rio ,medium
Ana Alves,3O,red,São Paulo,medium
Renata Souza,61,red,"Rio, RJ",básico
Erick Silva,30,green,Curitiba,basic
Patrícia Martins,57,red,São Paulo,medium
Patrícia Barbosa,48,red,Curitiba,basic
Eduardo Nascimento,18,green,Rio,basic
Élida Gomes,37 ANOS,blue,São Paulo,premium
Pedro Cardoso,21,red,São Paulo,medium
Bruna Souza,39,green,São Paulo,premium
Lucas Santos   ,27,red,Não informado,basic
Camila   Moreira,59,Verde,Florianópolis,basic
Mônica Carvalho,30,green,Curitiba,basic
N/A,61,green,sp,medium
Otávio Cardoso,33,green,São Paulo,medium
Eduardo Simões,43 Anos,red,Curitiba,medium
Natália Souza,52,blue,São Paulo,premium
Henrique Carvalho,999,red,São Paulo,premium
Isabela Santos,43,blue,Rio,premium
Pedro Ferreira,50,red,Rio,basic
Marcelo Souza,37,red,Curitiba,medium
Bruna Pereira,25,green,Rio,Básico
raíssa freitas,24,green,Curitiba,basic
Caio Magalhães,52,blue,Curitiba,medium
Fernanda Araújo,desconhecido,red,Curitiba,platinum
Conceição Pereira,21, red ,Curitiba,N/A
Élida Conceição,47,Green,Curitiba,basic
Carlos Nunes,60,blue,Desconhecido,medium
Tatiane Galvão,64,green,Curitiba/PR,basic
Erick Magalhães,64,green,Rio,basic
Leonardo Martins,200,red,São Paulo,premium
vanessa oliveira,58,Green,Rio,medium
Gustavo Moreira,35,blue,Curitiba,premium
Patrícia Conceição,19,red,São Paulo,None
Matheus Souza,20,red,São Paulo,medium
diego alves,58,BLUE,rio de janeiro/rj,Medium
Lucas Martins,18, blue,SÃO PAULO,medium
Não informado,32,blue,São Paulo,premium
Mariana Pereira,  47  ,red,São Paulo,MEDIUM
Márcia Silva,54,green,Curitiba,basic
Márcia Silva,23,GREEN,Rio,gold
Maria Barbosa,"39,0",green,Curitiba,basic
Carlos Lima,52,vermelho,São Paulo,premium
Letícia Simões,42,?,N/A,premium
fábio simões,25,GREEN,Rio,basic
marcelo araújo,43,gren,São Paulo,standard
Patrícia Silva,61 Anos,red,Curitiba,basic
Otavio Assuncao,30anos,blue,Recife,premium
Beatriz Magalhães,55,GREEN,Curitiba,não informado
NA,57,green,Rio,basico
Vanessa Moreira,Não informado,blue,Curitiba,medium
Felipe Assunção,23,red,São Paulo,medium
Bruna Oliveira,42,red,Curitiba,medium
João Marques,33,green,CWB,basic
Maria Lima,56,green,Sao Paulo,?
Antônio Carvalho,25-30,blue,rio,premium
Raíssa Brandão,48,vermelho,Rio,medium
Aline Andrade,30,green,Curitiba,basic
Fábio Assunção,34,Vermelho,Rio,Médio
  Natália Rodrigues,54,green,Rio,medium
Maria Freitas,41,green,NA,basic
Rafael Carvalho,47,RED,Florianópolis,gold
diego silva,27,red,Rio,medium
Felipe Gomes,22,RED,Rio,standard
Matheus Andrade,35,Green,São Paulo,medium
Élida Melo,53,green,São Paulo,medium
Natália Rodrigues,31,green,Rio,básico
Felipe Cardoso,51,AZUL,Rio,medium
Erick Nascimento,29,green,São Paulo,medium
Vanessa Machado,63,AZUL,RJ,standard
Patrícia Assunção,não informado,Verde,São Paulo,Medium
Diego Araújo,40,roxo,Curitiba,básico
Élida Oliveira,64,blue,Rio,medium
JOSÉ ALVES,53,blue,São Paulo,premium
Thiago Marques,53.7,blue,Curitiba/PR,basic
Otávio Magalhães,34,yellow,Rio,medium
ígor martins,52,red,São Paulo,medium
Bruna Cardoso,64,black,Rio,basic
Cecília Cardoso,39,green,Rio ,medium
Larissa Souza,22, red ,Curitiba,basic
Sérgio Assunção,25,blue,São Paulo,medium
Larissa Ribeiro,49,green,Curitiba,basic
Eduardo Silva,999,green,Curitiba,basic
Felipe Assunção,48,red,"São Paulo, SP",medium
 Luíza  Rodrigues ,57,Blue,Curitiba,basic
Natália Nascimento,30.0,blue,São Paulo,premium
Élida Machado,36,GREEN,Curitiba,BASIC
Raíssa Freitas,36,RED,São Paulo,premium
Pedro Nascimento,65, red ,São Paulo,medium
Raíssa Lima,32,verde,CWB,BASIC
Mônica Freitas,"58,5",green,São Paulo,medium
Larissa Barbosa,65,green,São Paulo,BASIC
joão silva,36,red,CURITIBA,basic
Rafael Moreira,55,green,Curitiba,basic
André Conceição,37,Red,Curitiba,basic
Conceição Brandão,58,green,São Paulo,medium
Matheus Simões,38,blue,Rio,medium
Leonardo Carvalho,32,blue,Curitiba,premium
Lucas Oliveira,37.7,red,Rio,null
Conceição Costa,,red,Rio,medium
Lucas Conceição,NULL,blue,Curitiba,médio
Maria Galvão,62,red,Curitiba,standard
Marcelo Brandao,62,amarelo,,medium
Felipe   Alves,19,Green,Curitiba,free
Luís Carvalho,32.7,green,,medium
PATRÍCIA BARBOSA,31,red,Sem informação,premium
Carlos Alves,38,blue,Rio,Premium
Fábio Araújo,56,blue,Curitiba,Medium
Renata Rodrigues,47,Sem informação,Curitiba,basic
Maria Marques,42anos,GREEN,Rio,basic
Vinícius Ribeiro   ,42,blue,Curitiba,medium
Lucas Santos,62,green,São Paulo,basic
Isabela   Costa,64,blue,Curitiba,medium
Renata Lima,21,blue,SÃO PAULO,premium
Carlos Oliveira,19,red,São Paulo,premium
-,29,blue,Curitiba,medium
null,32,blue,São Paulo,premium
Eduardo Dias,,blue,Rio, medium
Eduardo Gomes,18,green,Rio,basic
Ana Silva,39,red,Rio,medium
Fábio Dias,64,red,rio de janeiro/rj, medium
Camila   Magalhães,34,verde,curitiba,basic
gustavo nunes,45,red,Rio,Medium
  Renata Assunção,62,red,Rio,basic
Rodrigo Costa,59.7,green,Curitiba,básico
Cecília Ribeiro,7,blue,São Paulo,premium
Aline Brandão,34,vermelho,Curitiba,medium
Otávio Nascimento,18,RED,Curitiba,basic
Larissa Magalhães,50,green,Rio ,basic
Otávio Andrade,23,red,curitiba,medium
Rodrigo Rodrigues,60,blue,Rio,medium
Élida Gomes,52,blue,Curitiba,medium
Fernanda Carvalho,51,blue,São Paulo,premium
Leonardo Galvão,57,Vermelho,Rio,medium
Tatiane Assunção,27,green,Rio,basic
Raíssa Alves,0,blue,Rio,Médio
Fábio Cardoso,--,blue,São Paulo,premium
Isabela Machado,35 ,red,São Paulo,premium
Rafael Carvalho,47,RED,Florianópolis,gold
André Pereira,20,vermelho,São Paulo,medium
Camila Nascimento,47,blue,Rio,Medium
Letícia Machado,NaN,VERMELHO,Rio,medium
Raíssa Brandão, 38,blue,RJ,premium
Larissa Fonseca,43.7,red,Curitiba,basic
Otávio Lima,26,green,Curitiba,basic
Fernanda Fonseca,52.0,blue,Rio de Janeiro,medium
José Brandão,26,red,curitiba,basic
Márcia   Araújo,38.0,green,São Paulo,premium
Vinícius Silva,43,red,Curitiba,medium
Natália Martins,28,blue,São Paulo,premium
NaN,  26  , blue,Rio,medium
Ana Carvalho,61,yellow,Rio,basic
Leonardo Machado,26,Red,Curitiba,basic
Letícia Cardoso,49,green,Curitiba,basic
Lucas Costa,26,red,Rio,Médio
Élida Andrade,56,VERMELHO,Rio de Janeiro,medium
João Costa,Não informado,blue,São Paulo,premium
Larissa Araújo,55,blue,Curitiba,Medium
SIMÃO MARTINS,63,azul,Curitiba,medium
André Galvão,42,red,Curitiba,medium
Simão Nascimento,3O,Green,São Paulo,medium
Thiago Rocha,20,green,RJ,médio
bruna barbosa,Desconhecido,green,curitiba pr,basic
Luís Silva,31,blue,Rio,premium
Matheus Brandão,60 ,green,São Paulo,basic
Eduardo Santos,47,red,São Paulo - SP,premium
Vanessa Alves,"43,0",green,curitiba pr,basic
Vanessa Freitas,51,blue,Rio,medium
Bruna Brandão,41,red,São Paulo,premium
desconhecido,31, red ,Curitiba,medium
Luíza Costa,46.0,red,São Paulo,médio
Thiago Simões,65,green,Rio,basic
Thiago Moreira,64,blue,Curitiba,medium
Débora Andrade,22 Anos,AZUL,Curitiba,basic
José Nascimento,57,Vermelho,CWB,basic
Mônica Freitas,61anos,green,Recife,basic
Camila Fonseca,42,red,Curitiba/PR,medium
Raíssa Lima,40,red,são paulo,medio
felipe machado,34,red,São Paulo,premium
  Bruna Freitas,51,red,Sao Paulo/SP,Desconhecido
Henrique Brandão,48,blue,Rio,medium
Mariana Cardoso,36,purple,São Paulo,medium
Eduardo Brandão   ,28,blue,São Paulo,PREMIUM
Patrícia Ribeiro,50,red,Rio de Janeiro - RJ,medium
Júlia Brandão,37,blue,Rio,medium
Diego Nunes,55,blue,Rio,premium
,22anos,green,curitiba,Basic
João Martins,19,green,Curitiba,basic
Luís Santos,42,green,Rio,básico
Matheus Nunes,18,red,Curitiba, medium
Patrícia Rodrigues,50,VERDE ,Rio,basic
Júlia Nascimento,999,green,Curitiba,medium
Bruna Machado,42,green,curitiba pr,basic
RAÍSSA CONCEIÇÃO,62,red,São Paulo,medium
Matheus Brandão,38,red,Curitiba,medium
Luís Silva,130,red,N/A,medium
Pedro Silva,53,blue,São Paulo,premium
Letícia Souza,43,red,São Paulo,premium
Gabriela Ferreira,19, green,Rio,basic
Mariana Assunção,35 ,blue,sp,premium
sérgio assunção,44,red,São Paulo,medium
Eduardo Carvalho,38,blue,"Curitiba, PR",premium
Vinícius Freitas,35,green, Curitiba,basic
José Dias,25,black,Curitiba,basico
Eduardo Andrade,55,blue,São Paulo,medium
Raíssa Fonseca,38,green,Rio,N/A
  Rafael Barbosa,31,green,Curitiba,basic
Patrícia Dias,NA,blue,São Paulo,premium
Júlia Fonseca,44,green,Curitiba - PR,basic
NaN,36,green,São Paulo,medium
luís assunção,50,blue,Rio,medium
Fernanda Martins,41,green,São Paulo,medium
Sérgio Silva,28 ,red,Curitiba/PR,medium
MARCELO SILVA,39,blue,Rio,premium
Eduardo Assunção,25-30,None,Sao Paulo/SP,medium
ígor rodrigues,29,green,Rio,medium
Mariana Melo,61,blue,rio de janeiro,medium
Débora Ribeiro,54,red,Curitiba,basic
Mariana Simões,26,blue,Salvador,medium
Diego Simões,56,blue,rio de janeiro,médio
None,41,Blue,"Rio, RJ",premium
Fábio Conceição,25,Verde,Curitiba,medium
José Santos,xx,green,Rio de Janeiro - RJ,basic
Aline Andrade,58anos,green,Rio,basic
Júlia Rodrigues,56,blue,Curitiba/PR,medium
Marcelo Alves,xx,purple,CURITIBA,Básico
Luís Ferreira,55anos,Vermelho, São Paulo,medium
Letícia Araújo,19,black,São Paulo,Desconhecido
Letícia Mendes,56,blue,São Paulo,premium
Luís Martins,36 ,red,Rio,medium
Natália Ribeiro,51,red,Curitiba,medium
mônica conceição,42,,RJ,medium
Júlia Rocha,150,red,Rio,medium
Tatiane Nunes,30,rde,Rio,medium
Natália Marques,44,green,Curitiba,Básico
Larissa Santos,22,red,São Paulo,medium
Júlia Santos,28,blue ,rio de janeiro,premium
João Cardoso,40,blue ,Curitiba,medium
Não informado,64.0,desconhecido,sp,Desconhecido
Fernanda Magalhães, 32,red,São Paulo,medium
Élida Araújo,25-30,blue,São Paulo,premium
Lucas   Ferreira,34,Red,Rio ,premium
Vanessa Ferreira,39,green,Curitiba,basic
Felipe Freitas,Sem informação,red,Rio,gold
Letícia Lima,51,blue,Curitiba,medium
Antônio Freitas,62,blue,Rio,medium
Bruna Gomes,45,red,São Paulo,medium
Conceição Brandão,24,red,,medium
VANESSA SILVA,-1,black,São Paulo,premium
Eduardo Melo,61,GREEN,São Paulo,basic
thiago ferreira,31,green,Rio,medium
ERICK CONCEIÇÃO,26,blue,Rio,medium
Tatiane Rocha,"46,0",BLUE,Rio,premium
Renata Freitas,19,red,Manaus,médio
  Maria Martins,34,AZUL,null,premium
,40,red,Belo Horizonte,medium
Felipe Cardoso,36,green,Rio,medium
Raissa Marques,45,red,São Paulo,premium 
Leonardo Ferreira,63,blue,sao paulo,premium
Marcia Araujo,26,red,Não informado,Básico
Conceição Simões,48,blue,sp,premium
MARIA FERREIRA,20, red ,São Paulo,medio
Fábio Pereira,56,red,CWB,basic
Carlos Martins,44,blue,Rio,medium
Antônio Cardoso,62,blue,RIO,gold
LETÍCIA NASCIMENTO,33,Red,Curitiba,Médio
Sérgio Dias,20,blue,Salvador,premium
Beatriz Oliveira,26,VERMELHO,Rio,basic
Gabriela Carvalho,65,red,"Curitiba, PR",basic 
Não informado,59,red,Curitiba,medium
Thiago Andrade,26,red,Rio,medium
Aline Ribeiro, 48,blue,São Paulo,medium
Diego Pereira,30,VERMELHO,Curitiba,medium
Sérgio Rodrigues,64,blue,-,medium
N/A,58,AZUL, Curitiba,medium
Simão Santos,"49,5",green,São Paulo,basico
Luís Rocha,43,green,Rio,medium
Erick Andrade,59,verde,sao paulo,basic
Débora Costa,27,green,Curitiba,basic
Ígor Machado,21,rde,Curitiba,medium
Simão Souza,55, red ,Rio,basic
Matheus Alves,60,green,"Rio, RJ",básico
Patrícia Fonseca,64,green,Rio,basic
Maria Andrade,24,VERDE ,Curitiba,basic
Caio Melo,51, red ,rio,medium
Antônio Souza,55,green,Curitiba,basic
--,23,Azul,None,medium
Luíza   Lima,Desconhecido,red,null,basic
Rodrigo Barbosa,63,blue,Curitiba,medium
Antônio Nunes,55,Vermelho,rio de janeiro/rj,medium
Diego Araújo,63,Verde,Curitiba - PR,basic
Gustavo Oliveira,-,red,Curitiba,basic
  Gabriela Barbosa,64,blue,Curitiba,medium
  Fábio Alves,"25,0",blue,RJ, medium
José Machado,18.7,blue,NULL,premium
Otávio Ferreira,62, red ,São Paulo,medium
Juliana Nascimento,56,VERMELHO,Curitiba,basic
Mônica   Costa,65,black,Curitiba,básico
FELIPE FREITAS,60,vermelho,Curitiba,medium
Vinícius Santos,25,blue,Curitiba,medium
José Ferreira   ,--,green,Curitiba - PR,basic
Bruna Galvão,50,blue,são paulo,medium
Renata Simões,31, red ,Rio de Janeiro,basic
  Vinícius Costa,36, green,sao paulo,medium
Natália Martins,31,green,Curitiba,basic
Ana Silva,22,--,Rio,premium
-,64,blue,São Paulo,premium
Tatiane Cardoso,3,N/A,São Paulo,medium
Marcelo Rodrigues   ,34,blue,Rio,premium
Eduardo Alves,  60  ,blue,Curitiba,MEDIUM
José Lima,51,red, São Paulo,medium
Marcelo Pereira,61,blue,Belo Horizonte,medium
Ígor Souza,63,red,Rio,basic
Pedro Martins,39,blue,Rio ,premium
Gustavo Barbosa,3,verde,Rio,basic
Carlos Simões,39,RED,São Paulo,premium
Rafael Galvão,50,green,Rio,medium
Lucas Dias,52,red,São Paulo,medium
Aline Andrade,39,Blue,Rio,premium
José Santos,31,blue,Rio,premium
VINÍCIUS BRANDÃO,22,AZUL,Rio,medium
Sérgio Mendes,38,Red,Brasília,N/A
Júlia Martins,36,red,São Paulo,medium
Conceição Ferreira,39,amarelo, São Paulo,medium
Vinícius Carvalho,19,Verde,Curitiba,basic 
Otávio   Ferreira,39,blue,SP,premium
Ana Magalhães   ,32,red,Rio,medium
Sérgio Souza,42,red,Rio,premium
Leonardo Oliveira,47,green,RJ,basic
Matheus Magalhães,55,blue,Rio,medium
Simão Andrade,63,blue ,São Paulo,premium
mariana ribeiro,40,blue,Curitiba,Médio
Caio Dias,46,green,Curitiba,basic
pedro mendes,35,red,--, premium
Thiago   Silva,36,red,São Paulo,não informado
Mariana Brandão,59.0,VERMELHO,Rio,Básico
Cecília Gomes   ,46,green,São Paulo,basic
Larissa Carvalho,50,blue,rio de janeiro/rj,BASIC
Márcia Galvão,xx,red,São Paulo,premium
Raíssa Rocha,24,red,Rio,basic
mônica dias,63,green, Curitiba,basic 
Débora Barbosa,56,red,Curitiba,basic
Juliana Magalhães,23,red,Curitiba,basic
Leonardo Nascimento,44,blue,Sao Paulo,premium
n/a,21,Azul,são paulo,premium
Lucas Conceição,65,blue,Curitiba - PR,vip
Diego Alves,56 ANOS,green,Rio,medium
Tatiane Dias,52, red ,São Paulo,Medium
Matheus Lima,60,green, Curitiba,basic
Ana Ferreira,21,green,Curitiba - PR,basic
Antônio Fonseca,56,blue,Rio,premium
Simão Brandão,58.0,red,São Paulo,medium
n/a,"25,0",preto,Rio,medium
Larissa Mendes,26,green,Curitiba,standard
Thiago Conceicao,27,green,Rio de Janeiro,medium
Pedro Barbosa,57, red ,CURITIBA,Basic
Eduardo Santos,60,blue,RIO,Premium
Gabriela Nascimento,36,azul,São Paulo,premium
não informado,41,green,Rio,medium
Thiago Silva,49,desconhecido,SÃO PAULO,medium
 Letícia  Conceição ,33,red,São Paulo,premium
Jose Melo,43,verde,São Paulo,medium
José Fonseca,49,,Curitiba,medium
Luíza Rocha,19,blue,Rio,medium
Fernanda Rocha,19,VERDE ,RJ,basic
Henrique Alves,65,blue,São Paulo,premium
Luíza Melo,"61,0",RED,rio,basic
Ana Conceicao,41,red,sao paulo,premium
Vinícius Melo,21,Vermelho,Curitiba,basic
Tatiane Silva,31,green,Curitiba - PR,basic
natália ferreira,19,blue,Rio,medium
BRUNA SOUZA,,RED,RIO,basic
Débora Nascimento,"27,0",red,Rio,medium
Camila Martins,44,green,Curitiba,basic
  Juliana Ferreira,150,green,Rio,medium
Cecília Simões,19,red,Rio,basic
SÉRGIO ANDRADE,54,red,Curitiba,medium
Mariana Freitas,60,blue,São Paulo,premium
Sem informação,30 ,green,Curitiba,basic
Caio Ferreira,65,Vermelho,Rio,medium
Bruna Araújo,23,Verde,Curitiba,basic
Luíza Simões,25 ANOS,green,CWB,basic
Sérgio Gomes,26,green,Rio,basic
Juliana Galvão,21,green,São Paulo,premium
Thiago Pereira,24,black,São Paulo,
Tatiane Galvão,41,red,São Paulo,medium
Vinícius Simões,61,red,"Rio, RJ",medium
Márcia Simões,24,-,Rio,basic
André Barbosa,27,green,Rio,medium
Marcelo Melo,37,red,Curitiba,basic
Fábio Alves,23.0,VERMELHO,CWB,basic
ANTÔNIO CARVALHO,43,green,São Paulo,medium
Vanessa Fonseca,"39,0",red,São Paulo,premium
Sérgio Carvalho,64,blue,São Paulo,premium
Natália Nunes,53,RED,Sao Paulo/SP,medium
Vinícius Pereira,20,blue,Rio,gold
Maria Rocha,999,green,Rio,MEDIUM
Matheus Carvalho,35,blue,Curitiba,medium
Tatiane Rodrigues,57,green,São Paulo,medio
FERNANDA MACHADO,21,blue,São Paulo - SP, medium
Mariana Araújo,32,desconhecido,Belo Horizonte,premium
Débora Santos,43,red,Rio,medium
Aline Andrade,29,green,Curitiba,basic
patrícia rocha,63, red ,são paulo,medium
Carlos Andrade,não informado,Desconhecido,Curitiba,basic
Leonardo Galvão,NaN,green,São Paulo,medium
Erick Assunção,65,red,"São Paulo, SP",medio
Pedro Barbosa,49,blue,São Paulo,premium
 Júlia  Dias ,55, blue,Curitiba,medium
Pedro Alves,21,green,São Paulo,basic
Patrícia Pereira,32,green,Sao Paulo/SP,standard
Otávio Lima,33,blue,Curitiba,medium
Erick Rodrigues   ,51,red,São Paulo,medium
Pedro Oliveira,49,blue ,?,premium 
Mariana Andrade,20,green,Curitiba,medium
Fábio Assunção,7,blue,Rio,premium
Erick Barbosa,31,blue,São Paulo - SP, premium
desconhecido,19.7,green,sao paulo,medium
Camila Nunes,27,red,SP,medium
Simão Simões,19,Green,Rio ,basic
Beatriz Magalhães,52,green,CWB,basic
LUÍZA RIBEIRO,trinta e dois,blue,Curitiba,medium
Raíssa Santos,19,blue,São Paulo,premium
Juliana Freitas,65,red,Curitiba - PR,basic
Simão Rocha,30,green,Rio,premium
Felipe Ribeiro   ,40 ANOS,red,São Paulo,premium
Larissa Mendes,19,blue,São Paulo,premium
Ana Oliveira,24,green,Rio,medium
sérgio melo,22,,Sao Paulo/SP,medium
Conceição Martins, 27,blue,Curitiba,medium
Tatiane Cardoso,59,green,Rio,vip
Camila Andrade,47,red,CURITIBA,basico
Luíza Freitas,22.0,red,São Paulo,medium
  Sérgio Marques,49,blue,Rio,medium
rafael araújo,48, blue,São Paulo,premium
Erick Ferreira,60,blue,SÃO PAULO,premium
Vinícius Silva,34,red,Rio de Janeiro - RJ,premium
Renata Alves,19,green,São Paulo, medium
Bruna   Pereira,,null,São Paulo,medium
Gabriela Martins,31.0,Vermelho,são paulo,premium
Fábio Dias,55,Desconhecido,"Curitiba, PR",Não informado
Rodrigo Mendes,52,RED,Rio,medium
Matheus Magalhães,49,yellow,São Paulo,medium
Élida Gomes,58,red,Rio,basic
desconhecido,48 anos,green,Curitiba,basic
Lucas Martins,37.0,green,Rio de Janeiro,medium
Eduardo Carvalho,NULL,Não informado,Rio,basic
Henrique Simões,36,red,São Paulo,premium
Matheus Simões,60,red,curitiba pr,basic
Aline Souza,43,azul,Curitiba,medium
Natália Freitas,60,red, Curitiba,Basic
Luíza Machado,0,green,São Paulo,medium
 Otávio  Souza ,58.0,red,Curitiba - PR,basic
Raíssa Dias,vinte e cinco,roxo,São Paulo,MEDIUM
Patrícia Ribeiro,38,red,SÃO PAULO,premium
Márcia Ribeiro,42,roxo,Rio,medium
vanessa nascimento,63 ANOS,green,São Paulo,medium
Caio Nunes,55, green,Rio,basic
Diego Fonseca,38,GREEN,Rio,gold
caio cardoso,"43,0",BLUE,Rio, premium
Élida Ferreira,NA,Red,Curitiba,medium
Erick Santos,não informado,green,RIO,medium
 Maria  Souza ,45,green,São Paulo,Premium
Élida Conceição,Sem informação,blue,Rio,premium
Bruna Rocha,28,green,São Paulo,premium
élida santos,Sem informação,blue,São Paulo,medium
Otávio Ferreira,45, green,São Paulo,medium
André Araújo,25-30,red,São Paulo,medium
Conceição Cardoso,54,GREEN,São Paulo,medium
mônica rocha,150,VERDE ,Curitiba,basic
Mônica Nascimento,25-30,green,São Paulo,medium
Luíza Costa,31,Azul,rio de janeiro/rj,premium
Otávio Ferreira,NULL,green,Sao Paulo,free
luís andrade,44,Blue,São Paulo,premium
Gustavo Silva,29,blue,São Paulo,premium
Ígor Galvão,64,red,"Rio, RJ",medium
NaN,55,red,São Paulo,premium
Beatriz Costa,40,blue,São Paulo,premium
Júlia Barbosa,31,GREEN,Rio,medium
Débora Machado,40,AZUL,Rio,premium
Juliana Melo,48,red,RIO,medium
Diego Silva,61.0, red ,RJ,medium
Márcia Gomes,42,,Curitiba,medium
Renata Carvalho,25,red,Rio,médio
Antônio Conceição,45,green,"São Paulo, SP",medium
Isabela Assuncao,27,Vermelho,Rio,medium
Rafael Mendes,20,vermelho,São Paulo,premium
ÉLIDA OLIVEIRA,999,preto,Rio,medium
José Freitas,58,blue, Curitiba,medium
Pedro Araújo,31,red,São Paulo,vip
Lucas Araujo,62,red,São Paulo,premium
Vanessa Pereira,19,blue,Sao Paulo/SP,premium
Erick Nascimento,"36,0",blue,Rio,medium
Rodrigo Conceição,23,green,São Paulo,medio
Gabriela Galvão,48,green,Curitiba,basic
Lucas Magalhães,46,Verde,Rio,Básico
MARCELO SILVA,50,blue,Rio,medium
Rodrigo Conceição,41,green,Curitiba - PR,basic
José Assunção,57,Blue,CWB,medium
LEONARDO SILVA,65,GREEN,São Paulo,medium
Júlia Rocha,65,green,Rio,basic
Gustavo Santos,63,green,Desconhecido,médio
Juliana Conceição,59,green,Rio de Janeiro - RJ,basic
Vinícius Assunção,55,blue,Rio de Janeiro - RJ,free
FERNANDA ASSUNÇÃO,64,green,Curitiba,basic
Isabela Machado,62,blue,"Rio, RJ",premium
Mariana Pereira,43,Green,São Paulo,gold
MARIANA DIAS,58,blue,São Paulo,premium
Natália Gomes,19,red,Rio,medium
Caio Freitas,42,green,Sao Paulo,premium
Otávio Nascimento,33,green,Curitiba,basic
Antonio Andrade,56 ANOS,blue,Rio,medium
Rafael Cardoso,27,green,rio,basic
Júlia Machado,48,green,Rio,medium
Larissa Machado   ,"29,0",Verde,Curitiba,basic
 Maria  Andrade ,-1,green,Rio,medium
 Fernanda  Brandão ,"63,0",green,Rio,basic
Maria Ferreira,38,green,são paulo,premium
José Martins,27,vermelho,Curitiba,medio
Antônio Ribeiro,-,blue,Curitiba,medium
Isabela Ferreira,33,green,Curitiba,basic
Júlia Nunes,55,Sem informação,Curitiba,basic
Lucas Nunes,20,green,Curitiba,basic
Eduardo Rodrigues,37,green,Curitiba,basico
Rodrigo Cardoso,22,green,Rio,
Diego Cardoso,46 anos,red,Sao Paulo,medium
Rodrigo Cardoso,39,Vermelho,Florianópolis,premium
Rafael Galvão,38,green,Curitiba,basic
Aline Santos,42,red,São Paulo,?
desconhecido,64,rde,Rio,medium
Matheus Barbosa,26,green,sp,medium
Eduardo Ferreira,45,red,Curitiba,basic
Gabriela Rocha,28,blue,São Paulo,premium
Leonardo Rodrigues,33,Green,São Paulo,medium
Conceição Costa,60,green,"Curitiba, PR",Básico
Erick Alves,N/A,--,CURITIBA,medium
Antonio Alves,"48,0",--,Curitiba,Medium
Simão Conceição,vinte e cinco,red,São Paulo,premium
Juliana Nunes,49,blue,CWB,medium
Pedro Lima,22,blue,Curitiba,medium
Isabela Machado,48,Blue,sp,medium
Monica Santos,20,red,Rio,medium
Rafael Rodrigues,25-30,vermelho,Sao Paulo,premium
Matheus Santos,58,red,Curitiba,médio
Otávio Barbosa,31, red ,São Paulo,premium
GUSTAVO DIAS,NaN,blue,Curitiba,medium
Renata Ferreira,64,blue,São Paulo,premium
Antônio Brandão,19,blue,Curitiba,medium
Carlos Magalhães,40 ANOS,red,Curitiba,medium
Rodrigo Rocha,30,blue,Curitiba,premium
Maria Brandão,20,desconhecido,Curitiba, medium
Isabela Alves,36,red,--,standard
Débora Andrade,65,blue ,São Paulo,medium
Natália Rodrigues,48anos,blue,São Paulo,premium
Juliana Dias,55,red,São Paulo,medium
Débora Araújo,18,red,,medium
RODRIGO SANTOS,49.0,green,São Paulo,medium
Camila Alves,24,blue,Rio,medium
Leonardo Santos,29,red,São Paulo,premium
João Ribeiro,30,Blue,São Paulo,premium
Diego Mendes,-25,Red,Sao Paulo/SP,premium
Bruna Assunção,41,green,São Paulo,premium
Vinícius Lima,42,n/a,Curitiba,medium
Tatiane Santos,39,green,Rio,medium
Raíssa Santos,55,blue,RJ,MEDIUM
Renata Andrade,"56,0",rde,Porto Alegre,Não informado
Aline Mendes,33,blue,São Paulo,gold
Larissa Marques,27,Red,Curitiba,basic
Lucas Gomes,37.0,green,RIO,basic
Pedro Rodrigues,62,blue,Rio,medium
 Diego  Rocha ,18,red,Rio,basic
Mariana Brandão,48,red,,medium
Erick Simões,36,blue,Rio,premium
Carlos Nascimento,54,blue,Rio,medium
simão pereira,64,Vermelho,Brasília,medium
 Gabriela  Mendes ,55,red,"Rio, RJ",medium
Fernanda Conceição,"41,0",blue,São Paulo,premium
Luíza Ferreira,44,vermelho,Curitiba,medium
Maria Carvalho,25,verde,Curitiba,basic 
Élida   Freitas,54,green,"Curitiba, PR",basic 
Ígor Moreira,65,green,São Paulo,medium
Diego Silva,37,blue,Curitiba,medium
ISABELA FREITAS,62,azul,?,medium
Henrique Rodrigues,"58,0",green, Curitiba,None
Tatiane Simões,24,blue,Rio,PREMIUM
Gustavo Cardoso,55,blue,São Paulo,premium
Otávio Ribeiro,19,green,Curitiba,basic
ÉLIDA MELO,"50,0",green,Sao Paulo,médio
Luís Carvalho,64,green,Curitiba - PR,basic
Juliana Freitas,24,green,São Paulo,medio
Gabriela Lima,28,blue,Sao Paulo,premium
Marcelo Fonseca,35,blue,São Paulo,premium
Fábio Araújo,38,red,Recife, premium
Otávio Gomes,42, green,Curitiba,basic
vinícius freitas,26,yellow,?,médio
Júlia Oliveira,29,blue,Desconhecido,premium 
 Rodrigo  Melo ,59,red,Curitiba,basic
Tatiane Santos,50,desconhecido,São Paulo,basic
Thiago Martins,18,NA,Rio,MEDIUM
Gabriela Assunção,51,green,Rio,medium
Rafael Brandão,57,red,Rio,medio
João Nascimento,47,green,Rio,basic 
Tatiane Cardoso,"40,5",red,São Paulo,premium
Thiago Lima,48 ,Vermelho,?,
patrícia assunção,44, blue,Curitiba,medium
Thiago Fonseca,24.7,blue,São Paulo,medium
luíza machado,64,blue,São Paulo,medium
Bruna Martins,53,N/A,Rio,medium
Erick Moreira,37,green,rio,medium
Thiago Rodrigues,39,blue,curitiba,vip
ígor freitas,57,red,Rio,medium
Gustavo Souza,45,,Curitiba,basic
Renata Souza,54,green,Curitiba,null
Patrícia   Ribeiro,51,VERDE ,São Paulo,medium
MARIA FONSECA,64.0,red,Rio,medium
Gustavo Melo,trinta,green,Rio,medium
Pedro Nunes,49,red,Rio,medium
Cecilia Fonseca,18,não informado,Rio,premium
Leonardo Mendes,25-30,blue,"Rio, RJ",medium
Gabriela Freitas,"45,0",green,Rio,medium
Antônio Andrade,21,red,Curitiba,medium
Simão Martins,56,blue,Rio,premium
Mônica Machado,30,blue,Rio,n/a
Ana   Assunção, 45,red,Curitiba,--
Simão Andrade,34,green,Curitiba,medium
Isabela Marques,50,green,RIO,medium
Caio Pereira,3,green,Manaus,basic
Raíssa Dias,52,blue,São Paulo,premium
Natália Galvão,26,green,Curitiba,basic
Juliana Araújo,44,Azul,Curitiba,premium
Leonardo Assunção,53,Não informado,"São Paulo, SP",premium
Leonardo Brandão,-25,green,Curitiba - PR,basic
Carlos Lima,27,green,Rio,medium
Luíza Oliveira,49,blue,Rio,medium
Mariana Galvão,19,blue,RJ,medium
Luíza Silva,49,green,Rio,Básico
Erick Mendes,46,Green,CWB,basic
Letícia Oliveira,  33  ,red,são paulo,premium
Leonardo Andrade,56.0, green,Rio,basic
André Marques,63,blue, Curitiba,médio
Lucas Mendes   ,22,roxo,Curitiba,medium
Pedro Santos,50,green,Curitiba,basic
rodrigo nascimento,24,red,Curitiba,medium
Júlia Ferreira,59,red,Rio,medium
Diego Ferreira,45,vermelho,São Paulo,premium
Fabio Galvao,31anos, blue,Rio,premium
Luíza Galvão,25,,São Paulo,medium
Pedro Magalhães,24 ANOS,red,Rio,medium
Beatriz Nascimento,18,green,Rio,basic
Renata   Ferreira,40,red,rio,MEDIUM
Gabriela Marques,37,blue,São Paulo,premium
Cecília Rodrigues,31,red,São Paulo,medium
Ígor Melo,20,blue,SÃO PAULO,premium
luíza freitas,40,green,Rio,medium
Patrícia Simões,"36,0",green,Rio,Médio
Erick Gomes,30,blue,Rio,premium
Conceição Rocha,53,NULL,Rio,basic
Gabriela Rocha,34,red,Curitiba,premium
Luís Alves,42,,Rio,medium
Pedro Alves   ,51anos,red,Curitiba,basic
Simão Marques,50,green,Rio,basic
Maria Andrade,trinta,GREEN,Rio,medium
Raíssa Magalhães,,blue,Curitiba,medium
Antônio Cardoso   ,64,green,"Curitiba, PR",basic
eduardo pereira,61,azul,Rio,medium
THIAGO ALVES,51,red,São Paulo,medium
renata gomes,21.5,green,SP,medium
Patrícia Fonseca,33,Vermelho,Salvador,premium
Tatiane Araújo,N/A,red,São Paulo,premium
Ana Mendes,31,blue,Curitiba,medium
não informado,29,purple,Rio de Janeiro - RJ,premium
José Santos,29anos,green,Rio,medium
Thiago Galvão,54,GREEN,São Paulo,vip
Lucas Rodrigues,46,blue,São Paulo,medium
Erick Conceição,27,red,Curitiba,basic
Não informado,33,red,Curitiba,platinum
Natália Gomes,NULL,vermelho,Rio,medium
Beatriz Carvalho,57,Red,Curitiba/PR,medium
Fernanda Ribeiro,34,--,Rio,medium
Fábio Cardoso,57,green,Curitiba,basic
Isabela Carvalho,55,red,Rio,medium
débora marques,42,blue,São Paulo,premium
Desconhecido,22,red,Rio,médio
Matheus Nunes,21, green,curitiba,basic
Tatiane Barbosa,55,blue,Curitiba,médio
Isabela Dias,45,red,Rio,premium
Maria Galvão,40,green, Curitiba,basic
NA,55,red,São Paulo - SP,medium
Maria Melo,39,blue,Rio,premium
Aline Rodrigues,58,VERDE ,Rio,basic 
Leonardo Melo,20,RED,curitiba,basic
Henrique Rocha,64,green,Curitiba,basic
 Leonardo  Santos ,0,green, Curitiba,basic
Erick Mendes,44,green,Curitiba,medium
Caio Andrade,23,blue,São Paulo,premium
Maria Melo,65,VERMELHO,São Paulo,medium
João Silva,53,green,Não informado,basic
ígor alves,65,green,São Paulo,medium
José Moreira,47,red,Curitiba,basic
Lucas Cardoso,49,RED,Rio,basic
Élida Alves,23,blue,rio,medium
Erick Assunção,26,blue,Rio ,premium
Débora Gomes,28,red,NaN,medium
Ígor Simões,23,red,"Curitiba, PR",basic
LEONARDO CARVALHO,38,,,premium
FÁBIO ASSUNÇÃO, 45,red,Rio de Janeiro - RJ,medium
Mônica Cardoso,48,blue,Rio,medium
Isabela Ferreira,54,black,Sem informação,medium
Erick Marques,58,red,Curitiba,basic
Rafael Pereira,40,Verde,NaN,basic
Raíssa Dias,61,GREEN,Curitiba,basic
Pedro Nascimento,25,AZUL,Curitiba,medium
Renata Assunção,59,blue,Rio,?
Matheus Machado,--,VERDE ,Rio,medium
Vinícius Ferreira,58,,Curitiba/PR,basic
  Júlia Santos,41,red,Rio,médio
 Júlia  Araújo ,--,red,Rio,medium
Matheus Marques,51,red,Curitiba,basic
Márcia Nascimento,27,blue,São Paulo,Premium
Conceição Souza,trinta e dois,green,rio de janeiro/rj,medium
Camila Souza,62,amarelo,Curitiba,basic
Patrícia Oliveira,25-30,green,São Paulo - SP,Medium
Tatiane Barbosa,null,blue,Curitiba/PR,medium
Gustavo Pereira, 29,GREEN,Rio,medium
Felipe Assunção,35 anos,blue,Curitiba,standard
Ana Magalhães,28,green,Curitiba,basic
 Pedro  Magalhães ,46,blue,Curitiba,medium
Antônio Conceição,22,red,"Curitiba, PR",básico
Júlia Dias,53,blue,Curitiba - PR,medium
  Débora Cardoso,63,RED,Curitiba,basic
André Machado,39,blue,?,premium
Raíssa   Moreira,24,blue,Curitiba,medium
Maria Souza,25,red,Curitiba,basic
JULIANA ANDRADE,29,red,São Paulo,premium
Isabela Martins,24,green,Curitiba,basic
Marcelo Melo,56,blue,Curitiba,medium
Fernanda Brandão,34,RED,Rio,medium
Cecília Costa,20,preto,CURITIBA,basic
  João Freitas,40,blue,Porto Alegre,gold
mônica marques,57,Blue,Curitiba/PR,gold
Thiago Rodrigues,21,red,São Paulo - SP,não informado
Luís Nascimento,25,red,São Paulo,médio
Lucas Ribeiro,57,blu,Rio,BASIC
Luís Nascimento,26,VERDE ,Curitiba,basic
Fábio Nascimento,64,red,Curitiba,basic
Gabriela Dias,None,green,Florianópolis,básico
Erick Brandão   ,"44,0",red,SP,premium
  Caio Rodrigues,31,blue,Curitiba/PR,medio
Maria Magalhães,58,blue,Curitiba/PR,basic
  Mônica Costa,22,green,Florianópolis,basic
Bruna Costa,56 anos,blue,Curitiba,Médio
André Pereira,37,None,Rio,Médio
Tatiane Dias,33,green,Curitiba,basic
Aline   Fonseca,40,red,Curitiba,basic 
Felipe Assunção,35,green,Curitiba,basic
GABRIELA RIBEIRO,39,Green,Rio,medium
Lucas Ribeiro,45,blue,Rio,premium
Conceição Costa,27,blue,São Paulo,medium
ÍGOR ASSUNÇÃO, 52,VERDE ,Rio,basic
Renata Carvalho,65,RED,São Paulo,premium
NaN,35,red,Rio,premium
Erick Ribeiro,46,rde,sp,medium
TATIANE PEREIRA,3,green,Curitiba,basic
ígor fonseca,45,blue,Curitiba,medium
leonardo machado,n/a,Verde,Rio,medium
Conceição Alves,20,blue,None,medium
Otávio Magalhães,36,preto,Curitiba,médio
Isabela Marques,34,blue,São Paulo,premium
Carlos Magalhães,21,-,Rio,medium
André Ribeiro,42,red,rio de janeiro/rj,Não informado
Larissa Silva,61,green,"Curitiba, PR",basic
NA,18,verde,São Paulo,medium
Thiago Brandão,39,red,Curitiba/PR,básico
Não informado,"43,5",green,Rio,médio
Patrícia Pereira,50,AZUL,São Paulo,premium
Natália Marques,Desconhecido,blue,Rio,premium
Ígor Assunção,33,green,Rio,basic
Erick Marques,25 ANOS,blue,Rio,medium
Beatriz Pereira,"32,0",red, Curitiba, medium
Antônio Freitas,n/a,red,Curitiba,medium
Patrícia Alves,29,GREEN,Curitiba,basic
JÚLIA FONSECA,50,vermelho,sao paulo,medium
Erick Mendes,22,--,RIO,basic
Juliana Alves,"28,5",blue,rio de janeiro/rj,premium
Débora Rocha,42,Red,Curitiba,medium
NA,32,green,Curitiba,medium
mariana silva,19.0,green,São Paulo,basic
Mônica Machado,50,green,Rio,basic
Felipe Carvalho,130,green,Curitiba,basic
Juliana Santos,38,green,Rio,MEDIUM
Tatiane   Magalhães,37,green,Curitiba,médio
Aline Araújo,"38,5",vermelho,são paulo,premium
Carlos Souza,65,Blue, Curitiba,basic
Caio Rocha,31,RED,Curitiba,medium
Sérgio Nascimento,26,não informado,São Paulo,medium
Rodrigo Mendes,50,blue,Curitiba,medium
Matheus Andrade,"45,0",green,Rio,medium
Élida Nascimento,55,n/a,Rio,PREMIUM
Eduardo Alves,20 ,red,Curitiba,basic
Antônio Mendes,"25,0",VERMELHO,São Paulo,medium
 Vanessa  Cardoso ,25,blue,São Paulo,premium
Felipe Araújo,21,blue,Rio,premium
Juliana Ferreira,30,red,São Paulo,premium
  Raíssa Andrade,18 ,VERDE ,Rio,basic
João Machado,N/A,red,Curitiba, medium
Larissa Costa,21,blue,Curitiba,NaN
Otávio Cardoso,64 Anos,blue,Curitiba,NULL
Luís Moreira,59,red,Curitiba,basic
Camila Andrade,53,green,São Paulo,medio
HENRIQUE SOUZA,29,red,Rio,medium
Fábio Martins,31anos,blue,Curitiba,medium
Matheus Costa,44,--,São Paulo,premium
Renata Oliveira,,blue,São Paulo,premium
André Oliveira,24,Verde,Rio,BASIC
Maria Andrade,49,red,são paulo,medium
 Renata  Cardoso ,39,Red,Rio,premium
Sérgio Santos,29,red,Curitiba,medium
Fernanda Ribeiro,não informado,red,Curitiba,basic
Mônica Pereira,130,red,Rio,basic
Felipe Rocha,36,red,Sao Paulo/SP,premium
Élida Oliveira,43,green,não informado,medium
GABRIELA MENDES,44, red ,São Paulo,premium
Marcelo Andrade,não informado,RED,Rio,medium
Patrícia Cardoso,28,green,São Paulo,medium
Otávio Nascimento,60,green,Salvador,medium
MATHEUS CONCEIÇÃO,20,blue,sp,premium
Vinícius Simões,51 ,blue,Curitiba,medium
Marcelo Lima,51,red,Porto Alegre,basic
 Débora  Carvalho ,51anos, red ,rio,medium
ÉLIDA COSTA,45,Azul,Rio,premium
otávio moreira,28 anos,blue,rio de janeiro,premium
Luís Nascimento,46 Anos,Vermelho,Curitiba,basic
Fábio Araújo,27,blue,Curitiba,medium
Caio Galvão,59 Anos,AZUL,São Paulo,premium
Natália Freitas,55,blue,"São Paulo, SP",premium
Beatriz Andrade,24,red,CURITIBA,basic
Ígor Souza,24,red,Curitiba,basic
Diego Rocha,21,RED,São Paulo,premium
Luíza Nunes,55,blue,Curitiba,basic
renata cardoso,,red,Curitiba,medium
Caio   Galvão,41,RED,Curitiba,medium
Isabela   Martins,18,amarelo,RIO,premium
ígor ribeiro,27,blue,Curitiba,medium
não informado,42,red,Curitiba,medium
José Pereira,62,blue,São Paulo,premium
ÉLIDA SANTOS,53,N/A,São Paulo,gold
Leonardo Mendes,30,red,rio de janeiro,basic
VINÍCIUS CONCEIÇÃO,-25,Desconhecido,Rio,basic 
BRUNA FERREIRA,  42  ,blue,Curitiba,medium
Élida Mendes,31,blue,Porto Alegre,premium
Aline Andrade,?,blue,Rio,medium
Tatiane Lima,30,blue,São Paulo,premium
--,65,green,Rio,Basic
TATIANE MELO,46,red,Curitiba/PR,basic
Mônica Moreira,43,Verde,Curitiba,medium
não informado,29anos,blue,São Paulo,premium
Isabela Alves,29,blue,Rio,medium
Gustavo Simões,40,blue,rio de janeiro, premium
Carlos Fonseca,24.0,green,São Paulo,MEDIUM
Eduardo Ferreira,29,RED,curitiba pr,medium
Leonardo Dias,3,blue,"Curitiba, PR", premium
Júlia Costa,44,black,NULL,medium
Débora Nascimento,23,GREEN,Curitiba,basic
Débora Magalhães,N/A,AZUL,Sao Paulo,premium 
Patrícia Freitas,45,red,São Paulo,Premium
Bruna Ferreira,25 ANOS, blue,Brasília,premium
Fábio Conceição,47,red,Rio,basic
Leonardo Araújo,61,red, São Paulo,premium
Beatriz Barbosa,24,blue,Curitiba,medium
Débora Nunes,18,red,"São Paulo, SP",medium
Thiago Conceicao,33, red ,São Paulo,premium
Márcia Fonseca,56,red,São Paulo,medium
Mariana Nunes,46,red,Rio,Medium
Matheus Simões,59, green,Curitiba,basic
Márcia Galvão,62,green,"São Paulo, SP",medium
Fábio Moreira,47,blue,São Paulo,premium
ÉLIDA MAGALHÃES,42,azul,Rio,premium
PATRÍCIA MACHADO,55, blue,Rio,Premium
Erick Araújo,31,blue,Curitiba,medium
Henrique Pereira,33,green,Rio,basic
Cecília Melo,-25,blue,São Paulo,medium
Ana Nunes,3O,green,Rio de Janeiro,basic
Fábio Mendes,20,Blue,Rio,basic
Bruna Araújo,  59  ,green,Curitiba,basic
vanessa fonseca,33,green,CWB,basic
Felipe Rodrigues,45,red,São Paulo,premium
Ígor Nascimento,-,vermelho,Curitiba,basic
Júlia Santos,44,blue,Rio,premium
Thiago   Simões,65.5,red,São Paulo,medium
Natália Araújo,40,green,Rio ,Médio
Matheus Barbosa,44,Azul,Rio,premium
Gabriela Rocha   ,30,BLUE,São Paulo,PREMIUM
Leonardo Galvão,63,red,São Paulo,medium
José Galvão,63,blue,Rio,medium
Caio Fonseca,54,red,São Paulo,medium
Fernanda Oliveira,61,Red,RIO,medium
Sem informação,56,green,Recife,medium
Lucas Souza,25-30,green,sao paulo,medium
Aline Simões,59,green,Curitiba,basic
Bruna Mendes,44,red,São Paulo,premium
N/A,49.0,green,Rio ,basic
Maria Nunes,55,red,Curitiba,basic
Mônica Souza   ,29, red ,São Paulo,medium
Aline Carvalho,63,blue,Florianópolis,premium
Débora Ferreira,31,VERDE ,Rio,medium
Aline Brandão,,blue,São Paulo,premium
MÁRCIA FREITAS,60,green,São Paulo - SP,medium
João Barbosa,52,green,São Paulo,medium
Caio Rocha,60,verde,Curitiba,basic
Ana Rodrigues,44,blue,Rio,premium
Camila Simões,56,GREEN,São Paulo,vip
André Oliveira,48 Anos, blue,Rio,medium
Letícia Assunção,43,green,Curitiba,basic
Ana Oliveira,34,green,Florianópolis,medium
Márcia Andrade,51,Red,São Paulo,medium
Aline Simões,59,Green,Curitiba,básico
Renata Ferreira,None,blue,Rio,premium
Carlos Nascimento,27,green,São Paulo,medium
larissa oliveira,21,green,Rio,basic
Pedro Rocha,53,blue,São Paulo,premium
Sérgio Nascimento,18,green,São Paulo,basic
Felipe Magalhães,55 Anos,verde,rio,Médio
RAFAEL BRANDÃO,"40,5",blue,NULL,premium
André Lima,62,blue,Curitiba,basic
Simão Moreira,59,red,Rio,medium
Bruna Rocha,59,blue ,São Paulo,premium
Leonardo Brandão,48,green,Curitiba,basic
Gustavo Rodrigues,28 ,red,São Paulo,MEDIUM
marcelo rodrigues,53,green,Curitiba,basic
Cecília Gomes,45,red,Curitiba,basic
Pedro Assunção,42,red,SP,medium
Patrícia Santos,NA, green,Curitiba,basic
Rafael Assunção,19,amarelo,Porto Alegre,premium
Cecília Galvão,22,green,Curitiba - PR,basic
Natália Lima,38,Red,Curitiba,medium
Gustavo Rocha,21,blue,Curitiba,medium
Isabela Ferreira,50,blue,Rio,medium
ígor marques,62,red,Rio,medium
Rodrigo Cardoso,"19,0",BLUE,Curitiba,medium
TATIANE MAGALHÃES,23,red,Curitiba/PR,básico
, 46,green,São Paulo,medium
Simão Cardoso,65,blue,Rio,premium
Tatiane Barbosa,43,blue,Rio,
Diego Barbosa,21,green,Rio,basic
Gabriela Assunção,58,red,rio de janeiro,basic
Rafael Simões,62.0,blue ,Curitiba,basic
Juliana Pereira,65,blue,Rio,medium
DÉBORA CARDOSO,26,red,São Paulo - SP,medium
Diego Ribeiro,31,red,Curitiba,medium
Eduardo   Machado,21,red,Curitiba,basic
Antônio Silva,--,green,São Paulo,Medium
otávio assunção,62,RED,Curitiba,basic
Fernanda Carvalho,22,red,Rio,basic
Henrique Cardoso,  37  ,blue,Curitiba,premium
  Isabela Cardoso,65,green,Curitiba,Basic
Antônio Nunes,xx,red,Rio,medium
José Nunes,60,green,São Paulo,medium
Aline Araújo,32 ,red,Recife,MEDIUM
Luís Araújo,"21,5", green,São Paulo,medium
 Erick  Freitas ,62,red,Rio de Janeiro - RJ,medium
TATIANE ASSUNÇÃO,35,red,Rio de Janeiro,medium
André Cardoso,N/A,red,Curitiba,BASIC
Antônio Assunção,33, blue,Florianópolis,premium
Henrique Simões,30.0,blue,Rio,premium
Fábio Magalhães,999,blue,São Paulo,premium
Gabriela Melo,47,BLUE,Rio,medio
letícia conceição,31 ,Vermelho,Curitiba,médio
Letícia Ferreira,29,blue,Curitiba,gold
  André Magalhães,49,red,Curitiba,platinum
Isabela Marques,44 anos,NA,Curitiba,medium
João Assunção,54,blue,Curitiba,medium
Fábio Martins,39, red ,Curitiba,basic
mônica barbosa,65,red,Belo Horizonte,premium
Erick Freitas,44,green,,basic
Patrícia Santos,3,blue,Rio de Janeiro - RJ,premium
Natália Galvão   ,31,red,são paulo,premium
João Rodrigues   ,49 anos,,Curitiba,medium
Juliana   Barbosa,32.0, green,Rio,medium
Felipe Alves,26,blue,Rio,medium
Natália Brandão,21anos,green,Curitiba,platinum
Vinicius Cardoso,2S,blue,RIO,medium
Aline Magalhães,49 Anos,Green,SÃO PAULO,medium
Marcelo Santos,--,red,Curitiba,medium
Leonardo Melo,38,green,Rio,medium
Rodrigo Ribeiro,33,blue,RIO,premium
  Fernanda Santos,36 Anos,green,Curitiba,free
Márcia Marques,20.0,BLUE,CWB,medium
Mariana Martins,43, blue,n/a,premium
Simão Mendes,20,blue ,Curitiba,medium
Camila Costa,46,blue,Curitiba,medium
Larissa Marques   ,35,não informado,Salvador,Basic
Eduardo Santos,26,green,Curitiba,basic
Vanessa Dias,39,Blue,Curitiba,vip
andré araújo,,AZUL,Curitiba,premium
Matheus   Marques,45,red,São Paulo,platinum
Bruna Santos   ,42,BLUE,São Paulo,premium
Cecília Souza,27,Red,Rio de Janeiro - RJ,medium
Ana Nascimento,32,blue,Curitiba,medium
Antônio Carvalho,25, blue,São Paulo,premium
raíssa magalhães,46,red,Curitiba,basic
Beatriz Souza,,red,NA,medium
Bruna Mendes,65,green,rio de janeiro/rj,basic
Vanessa Martins,60,green,São Paulo,medium
Luíza Brandão,28,green,Curitiba,medium
Mariana Conceição,vinte e cinco,green,São Paulo,medium
Carlos Silva,30 ,blue,Rio ,premium
Vinícius Machado,-, blue,Curitiba,basic
Larissa Cardoso,31,Azul,Rio,premium
Isabela Santos,24,green,São Paulo,basic
Pedro Conceição,60,blue,Curitiba,basic 
Gabriela Souza,27,blue,São Paulo,premium
Matheus Carvalho,60,blue,Rio,premium
Eduardo Cardoso,25-30,red,Curitiba,--
MARIANA DIAS,41.0,red,Florianópolis,basic
Raíssa Oliveira,32,green,Rio,-
Letícia Santos,26,red,São Paulo,standard
Rodrigo Silva,58,green,Curitiba,basic
ANDRÉ MENDES,39,green,Rio,
Mariana Conceição,59,blue,curitiba,basic
NA,25, green,Curitiba,basic
Maria Moreira,38,rde,Curitiba,premium
  Henrique Andrade,-25,red,São Paulo,premium
Thiago Conceição,23,green,Recife,basic
Leonardo Lima,30,red,São Paulo,premium
Bruna Ribeiro,49,red,Curitiba,basic
Eduardo Melo,63,verde,Rio,basic
Sérgio Lima,53,blue,Curitiba/PR,medium
Felipe Simões,38,red,Curitiba,medium
Rafael Silva,25,green,Rio de Janeiro,basic
Aline Melo,24,red,rio de janeiro,médio
FELIPE MENDES,58,blue,São Paulo,vip
Conceição Dias   ,34,vermelho,São Paulo,premium
Mariana Dias,35,blue,Rio,premium
Thiago Galvão,null,red,Rio,medium
Marcelo Cardoso,3,red,São Paulo,medio
Élida Rocha,63,Blue,Rio,médio
Natália Cardoso,-,blue,Curitiba - PR,PREMIUM
Juliana Rocha,63,green,Manaus,medium
 Gabriela  Fonseca ,46,blue,Curitiba,medium
Mônica Assunção,43,yellow,Curitiba,medium
Natália Assunção,20,Blue,Rio,medium
Diego Martins,56,red,Belo Horizonte,Medium
  Rodrigo Magalhães,18,green,Curitiba,basic
Carlos Cardoso,44,blue,Rio,medium
Letícia Santos,62,Green,Curitiba,basic
André Martins,38,N/A,Rio,MEDIUM
pedro nunes,48,red,CURITIBA,basic
Conceição Cardoso,46,blue,Curitiba/PR,medium
DÉBORA SOUZA,44,blue ,Salvador,medium
Mariana Barbosa,18,blue,Rio,medium
Tatiane Silva,51 ,green,Rio ,basic
JÚLIA COSTA,54,VERDE ,Rio,básico
Luís Rodrigues,52,blue,Curitiba/PR,medium
Vinícius Barbosa,31,green,Rio,medium
Carlos Brandao,29,red,Rio,medium
Matheus Fonseca,29,green,Rio,basic
Aline Marques,vinte e cinco,green,,basic
Otávio Pereira,19,blue,São Paulo,medium
Bruna Brandão,47,green,rio de janeiro/rj,basic
Fernanda Oliveira,44,blue,Brasília,premium
Vinícius   Galvão,50,blue,Curitiba,basic
Caio Martins,56,blue,São Paulo,premium
 Antônio  Barbosa ,32,green,São Paulo,medium
Luís Carvalho,40,VERDE ,Rio , medium
Ígor Galvão,19,green,RJ,basic
  Sérgio Simões,41,yellow,São Paulo,medium
Bruna Rocha,52,Red,NaN,medium
Jose Alves,61,-,Rio,medio
Simão Rodrigues,25,red,Curitiba,basic
Gustavo Assunção, 19,red,Não informado,medium
Gustavo Dias,  48  ,blue,Rio,medium
Vanessa Costa,?,blue,São Paulo,premium
Henrique Martins   ,130,blue,RJ,medium
Eduardo Lima,N/A,green,N/A,basic
Ana Alves,43,red,Rio,medium
Ígor Rocha,22,NA,Curitiba,medium
Márcia Simões,25,red,Curitiba,free
Tatiane Silva, 30,Red,São Paulo,premium
matheus andrade,19,red,Brasília,medio
Diego Lima,52,blue,Rio,medium
Juliana Moreira,53,red,curitiba pr,basic
júlia gomes,27,purple,"Curitiba, PR",medium
Fernanda Santos,46,blue,Rio,medium
camila cardoso,45,red,Rio,medium
Igor Oliveira,65,blue,Curitiba,medium
Conceição Alves,26,red,Rio,medium
Cecília Freitas,56,red,Curitiba,medium
Fernanda Magalhães,44,green,São Paulo,medium
Henrique Melo,xx,green,Rio,medium
 Eduardo  Rodrigues ,53,green,São Paulo,Médio
Caio Carvalho,35,red,São Paulo,medium
Lucas Souza,28,-,Curitiba,BASIC
Vinícius Galvão,44,yellow,Rio,medium
Júlia Ribeiro,xx,red,Sao Paulo,premium
otávio fonseca,52, green,Rio,basic
Isabela Dias,35,green,CWB,medium
ANTÔNIO MARQUES,29,green,Rio,medium
Patrícia Moreira,32 anos,NA,Curitiba,medium
Luís Marques,48,green,Curitiba,básico
Patrícia Martins,43,blue ,Rio,premium
Beatriz Barbosa,48,red,São Paulo,premium
Mônica Moreira,?,red,Rio,médio
Caio Carvalho,37,GREEN, São Paulo,free
Letícia Cardoso,61,blue,CURITIBA,medium
André Costa,44 ANOS,green,São Paulo,premium 
Camila Lima,43,blue,SP,premium
Camila Oliveira,Desconhecido,green,Curitiba,basic
Desconhecido,37,green,Sem informação,medium
  Sérgio Rodrigues,54,RED,São Paulo,premium
matheus rodrigues,62,green,Curitiba,basic
  Vanessa Lima,32 ANOS, red ,Rio,medium
Cecília Rodrigues,NaN,blue,São Paulo,premium
  Cecília Magalhães,28,blue,Rio,medium
CAMILA MACHADO,-25,blue,Curitiba/PR,medium
henrique ribeiro,44,green,"São Paulo, SP",medium
Conceição Andrade,32,-,Curitiba,medium
Aline Carvalho,28,blue,São Paulo,?
--,35,vermelho,Curitiba,medium
Isabela Moreira,41,red,Rio,PREMIUM
Renata Rodrigues,41,AZUL,Rio,medium
Vanessa Mendes,38,blue,Curitiba,medium
Leonardo Andrade,55,red,São Paulo,medio
Otávio Moreira,Não informado,green,Curitiba,basico
Rafael Fonseca,60.0,blue,são paulo,premium
 Renata  Andrade ,40,blue,rio de janeiro,n/a
Larissa Brandão,52,red,Curitiba,basic
Vinícius Moreira,65,Red,Rio,basic
Débora Moreira,54,green,São Paulo,medium
Vanessa Costa,22,red,Rio,medium
Matheus Brandao,65,blue,Belo Horizonte,premium
sérgio costa,36,red,São Paulo,premium
Erick Alves,22,green,Rio,basic
Luíza   Nascimento,25,red,São Paulo,medium
Larissa Dias, 26,blue,Curitiba,medium
  Caio Dias,57,blue,Porto Alegre,standard
JOSÉ NUNES,23 Anos,green,São Paulo,basic
Rafael   Silva,20,Verde,São Paulo,MEDIUM
Henrique Costa,"50,5",green,"Rio, RJ",medium
Aline Simões,não informado,red,Rio,basic
Gabriela Lima,29.0,green,Sao Paulo/SP,premium
Carlos Ferreira,39anos,red,Recife,premium 
Marcelo Freitas,28,blue, São Paulo,premium
N/A,26,green,Curitiba,basic
Aline Machado,50,red,Curitiba/PR,medium
Thiago Fonseca,44,blue,Rio ,premium
Henrique Magalhães,46,blue,Curitiba,medium
Rodrigo Souza,60,red,São Paulo,medium
Ana Ferreira   ,52,blue,Rio,medium
Marcelo Mendes,50,green,Rio,basic
Eduardo Rocha,28, green,Curitiba,Basic
Felipe Santos,45.0,green,Rio,medium
Mônica Andrade,33,blue,RJ,premium
Bruna Souza,45,AZUL,são paulo,premium
Isabela Lima,30 Anos,blue,São Paulo,premium 
Felipe Galvão,35,blue,desconhecido,premium
Matheus Fonseca,26,blue,Curitiba,medium
Aline Magalhães,47,red,Rio,basic
Débora Barbosa,41 ANOS,red,São Paulo,platinum
Letícia Melo,40,N/A,"São Paulo, SP",gold
Simão Andrade,36.0,green,Rio,medium
Antônio Martins,49,green,Curitiba,Basic
Rafael Silva,26,green,Rio,basico
  Vinícius Andrade,32,red,Curitiba,basic
Renata Costa,35,red,Curitiba,medium
Marcelo Nascimento,57 ANOS,blue, Curitiba,BASIC
Natália Conceição,61,red,São Paulo,medium
Vanessa Rodrigues,44,blue,São Paulo,premium
Fernanda Oliveira   ,idade,red,sao paulo,premium
HENRIQUE FREITAS,41,blue,CWB,premium
Ígor Barbosa, 53,green,Rio,medium
Lucas Nunes,18,green,Rio,basic
Simao Oliveira,41,None,Curitiba,medium
Beatriz Conceição,22,blue,Sao Paulo/SP,medium
Vanessa Rodrigues,Sem informação,blue,são paulo,Premium
Vinícius Oliveira,57,red,Rio,basic
Natália Alves,18,AZUL,RIO,premium
Natália Nascimento,200,Vermelho,Belo Horizonte,medium
Larissa Ribeiro,38,blue,"Curitiba, PR",medium
JÚLIA DIAS,trinta e dois,BLUE,Rio,medium
 Cecília  Barbosa ,24,blue,Rio,
Mônica Cardoso,21,green,Rio,basic
Patrícia Araújo,40 ANOS,green,Rio,premium
Renata Andrade,50,blue,rio de janeiro/rj,medium
Vinicius Andrade,58,red,Curitiba/PR,basic
raíssa martins,52,green,Curitiba,basic 
Márcia Carvalho,xx,green,Rio de Janeiro,basic
Mônica Cardoso,35,blue,Rio,premium
bruna gomes,idade,vermelho,São Paulo,medium
Beatriz Marques,31,N/A,Curitiba,premium
Júlia Nunes,46,red,São Paulo,medium
Eduardo Mendes,"65,5",Vermelho, Curitiba,basic
Raíssa Assunção,20,blue,Rio,medium
Vanessa Gomes,null,green,Curitiba,basic
Sérgio Alves,62,green,Curitiba,basic
Matheus Nunes   ,46,green,rio de janeiro,basic
Matheus Andrade,25-30,blue,Curitiba,basic
Sem informação,25,blue,"Curitiba, PR",medium
Matheus Melo,54,green,São Paulo,medium
Thiago Assunção,44,red,Curitiba,medium
Bruna Martins,37,blue,São Paulo,premium
Ígor Fonseca,56,red,São Paulo,medium
Matheus Andrade,30,green,Curitiba,basic
Débora Marques,  19  ,preto,SÃO PAULO,basic
Rodrigo Souza,54,AZUL,Rio,medium
Andre Silva,58,blue,Curitiba,medium
Caio Magalhães,48,blue,São Paulo,premium
ISABELA FERREIRA,25,blue,Rio,premium
Vinícius Ferreira,37,blue,São Paulo,premium 
Cecília Freitas,46,Desconhecido,Rio,basic
Renata Moreira,27.5,blue,SP,premium
RENATA BARBOSA,29,verde,Rio,medium
Raíssa Dias,18,red,São Paulo,medium
Camila Souza,59,blue,São Paulo,premium
Mariana Nascimento,vinte e cinco,green,RJ,medium
